mmsi,timestamp,lon,lat,sog,cog
419000001,2025-06-11T04:30:00Z,74.98,9.3193,4.7,0.0
419000001,2025-06-11T04:35:00Z,74.98667,9.31962,4.7,87.0
419000001,2025-06-11T04:40:00Z,74.99333,9.31994,4.7,87.0
419000001,2025-06-11T04:45:00Z,75.0,9.32026,4.7,87.0
419000001,2025-06-11T04:50:00Z,75.00667,9.32058,4.7,87.0
419000001,2025-06-11T04:55:00Z,75.01333,9.3209,4.7,87.0
419000001,2025-06-11T05:00:00Z,75.02,9.32122,4.7,87.0
419000001,2025-06-11T05:05:00Z,75.02667,9.32154,4.7,87.0
419000001,2025-06-11T05:10:00Z,75.03333,9.32186,4.7,87.0
419000001,2025-06-11T05:15:00Z,75.04,9.32218,4.7,87.0
419000001,2025-06-11T05:20:00Z,75.04667,9.3225,4.7,87.0
419000001,2025-06-11T05:25:00Z,75.05333,9.32282,4.7,87.0
419000001,2025-06-11T05:30:00Z,75.06,9.32314,4.7,87.0
419000001,2025-06-11T05:35:00Z,75.06667,9.32346,4.7,87.0
419000001,2025-06-11T05:40:00Z,75.07333,9.32378,4.7,87.0
419000001,2025-06-11T05:45:00Z,75.08,9.3241,4.7,87.0
419000001,2025-06-11T05:50:00Z,75.08667,9.32442,4.7,87.0
419000001,2025-06-11T05:55:00Z,75.09333,9.32474,4.7,87.0
419000001,2025-06-11T06:00:00Z,75.1,9.32506,4.7,87.0
419000001,2025-06-11T06:05:00Z,75.10667,9.32538,4.7,87.0
419000001,2025-06-11T06:10:00Z,75.11333,9.3257,4.7,87.0
419000001,2025-06-11T06:15:00Z,75.12,9.32602,4.7,87.0
419000001,2025-06-11T06:20:00Z,75.12667,9.32634,4.7,87.0
419000001,2025-06-11T06:25:00Z,75.13333,9.32666,4.7,87.0
419000001,2025-06-11T06:30:00Z,75.14,9.32697,4.7,87.0
419000001,2025-06-11T06:35:00Z,75.14667,9.32729,4.7,87.0
419000001,2025-06-11T06:40:00Z,75.15333,9.32761,4.7,87.0
419000001,2025-06-11T06:45:00Z,75.16,9.32793,4.7,87.0
419000001,2025-06-11T06:50:00Z,75.16667,9.32825,4.7,87.0
419000001,2025-06-11T06:55:00Z,75.17333,9.32857,4.7,87.0
419000001,2025-06-11T07:00:00Z,75.18,9.32889,4.7,87.0
419000001,2025-06-11T07:05:00Z,75.18667,9.32921,4.7,87.0
419000001,2025-06-11T07:10:00Z,75.19333,9.32953,4.7,87.0
419000001,2025-06-11T07:15:00Z,75.2,9.32985,4.7,87.0
419000001,2025-06-11T07:20:00Z,75.20667,9.33017,4.7,87.0
419000001,2025-06-11T07:25:00Z,75.21333,9.33049,4.7,87.0
419000001,2025-06-11T07:30:00Z,75.22,9.33081,4.7,87.0
419000001,2025-06-11T07:35:00Z,75.22667,9.33113,4.7,87.0
419000001,2025-06-11T07:40:00Z,75.23333,9.33145,4.7,87.0
419000001,2025-06-11T07:45:00Z,75.24,9.33177,4.7,87.0
419000001,2025-06-11T07:50:00Z,75.24667,9.33209,4.7,87.0
419000001,2025-06-11T07:55:00Z,75.25333,9.33241,4.7,87.0
419000001,2025-06-11T08:00:00Z,75.26,9.33273,4.7,87.0
419000001,2025-06-11T08:05:00Z,75.26667,9.33305,4.7,87.0
419000001,2025-06-11T08:10:00Z,75.27333,9.33337,4.7,87.0
419000001,2025-06-11T08:15:00Z,75.28,9.33369,4.7,87.0
419000001,2025-06-11T08:20:00Z,75.28667,9.33401,4.7,87.0
419000001,2025-06-11T08:25:00Z,75.29333,9.33433,4.7,87.0
419000001,2025-06-11T08:30:00Z,75.3,9.33465,4.7,87.0
419000001,2025-06-11T08:35:00Z,75.30667,9.33497,4.7,87.0
419000001,2025-06-11T08:40:00Z,75.31333,9.33529,4.7,87.0
419000001,2025-06-11T08:45:00Z,75.32,9.33561,4.7,87.0
419000001,2025-06-11T08:50:00Z,75.32667,9.33593,4.7,87.0
419000001,2025-06-11T08:55:00Z,75.33333,9.33625,4.7,87.0
419000001,2025-06-11T09:00:00Z,75.34,9.33657,4.7,87.0
419000001,2025-06-11T09:05:00Z,75.34667,9.33689,4.7,87.0
419000001,2025-06-11T09:10:00Z,75.35333,9.33721,4.7,87.0
419000001,2025-06-11T09:15:00Z,75.36,9.33753,4.7,87.0
419000001,2025-06-11T09:20:00Z,75.36667,9.33785,4.7,87.0
419000001,2025-06-11T09:25:00Z,75.37333,9.33817,4.7,87.0
419000001,2025-06-11T09:30:00Z,75.38,9.33849,4.7,87.0
419000001,2025-06-11T09:35:00Z,75.38667,9.33881,4.7,87.0
419000001,2025-06-11T09:40:00Z,75.39333,9.33913,4.7,87.0
419000001,2025-06-11T09:45:00Z,75.4,9.33945,4.7,87.0
419000001,2025-06-11T09:50:00Z,75.40667,9.33977,4.7,87.0
419000001,2025-06-11T09:55:00Z,75.41333,9.34009,4.7,87.0
419000001,2025-06-11T10:00:00Z,75.42,9.34041,4.7,87.0
419000001,2025-06-11T10:05:00Z,75.42667,9.34073,4.7,87.0
419000001,2025-06-11T10:10:00Z,75.43333,9.34105,4.7,87.0
419000001,2025-06-11T10:15:00Z,75.44,9.34137,4.7,87.0
419000001,2025-06-11T10:20:00Z,75.44667,9.34169,4.7,87.0
419000001,2025-06-11T10:25:00Z,75.45333,9.34201,4.7,87.0
419000001,2025-06-11T16:35:00Z,75.94667,9.36552,4.7,87.0
419000001,2025-06-11T16:40:00Z,75.95333,9.36583,4.7,87.0
419000001,2025-06-11T16:45:00Z,75.96,9.36615,4.7,87.0
419000001,2025-06-11T16:50:00Z,75.96667,9.36647,4.7,87.0
419000001,2025-06-11T16:55:00Z,75.97333,9.36678,4.7,87.0
419000001,2025-06-11T17:00:00Z,75.98,9.3671,4.7,87.0
419000001,2025-06-11T17:05:00Z,75.98667,9.36742,4.7,87.0
419000001,2025-06-11T17:10:00Z,75.99333,9.36773,4.7,87.0
419000001,2025-06-11T17:15:00Z,76.0,9.36805,4.7,87.0
419000001,2025-06-11T17:20:00Z,76.00667,9.36837,4.7,87.0
419000001,2025-06-11T17:25:00Z,76.01333,9.36868,4.7,87.0
419000001,2025-06-11T17:30:00Z,76.02,9.369,4.7,87.0
419000001,2025-06-11T17:35:00Z,76.02292,9.37798,6.8,18.0
419000001,2025-06-11T17:40:00Z,76.02583,9.38696,6.8,18.0
419000001,2025-06-11T17:45:00Z,76.02875,9.39594,6.8,18.0
419000001,2025-06-11T17:50:00Z,76.03167,9.40492,6.8,18.0
419000001,2025-06-11T17:55:00Z,76.03458,9.4139,6.8,18.0
419000001,2025-06-11T18:00:00Z,76.0375,9.42288,6.8,18.0
419000001,2025-06-11T18:05:00Z,76.04042,9.43185,6.8,18.0
419000001,2025-06-11T18:10:00Z,76.04333,9.44083,6.8,18.0
419000001,2025-06-11T18:15:00Z,76.04625,9.44981,6.8,18.0
419000001,2025-06-11T18:20:00Z,76.04917,9.45879,6.8,18.0
419000001,2025-06-11T18:25:00Z,76.05208,9.46777,6.8,18.0
419000001,2025-06-11T18:30:00Z,76.055,9.47675,6.8,18.0
419000001,2025-06-11T18:35:00Z,76.05792,9.48573,6.8,18.0
419000001,2025-06-11T18:40:00Z,76.06083,9.49471,6.8,18.0
419000001,2025-06-11T18:45:00Z,76.06375,9.50369,6.8,18.0
419000001,2025-06-11T18:50:00Z,76.06667,9.51267,6.8,18.0
419000001,2025-06-11T18:55:00Z,76.06958,9.52165,6.8,18.0
419000001,2025-06-11T19:00:00Z,76.0725,9.53062,6.8,18.0
419000001,2025-06-11T19:05:00Z,76.07542,9.5396,6.8,18.0
419000001,2025-06-11T19:10:00Z,76.07833,9.54858,6.8,18.0
419000001,2025-06-11T19:15:00Z,76.08125,9.55756,6.8,18.0
419000001,2025-06-11T19:20:00Z,76.08417,9.56654,6.8,18.0
419000001,2025-06-11T19:25:00Z,76.08708,9.57552,6.8,18.0
419000001,2025-06-11T19:30:00Z,76.09,9.5845,6.8,18.0
419000001,2025-06-11T19:35:00Z,76.09292,9.59348,6.8,18.0
419000001,2025-06-11T19:40:00Z,76.09583,9.60246,6.8,18.0
419000001,2025-06-11T19:45:00Z,76.09875,9.61144,6.8,18.0
419000001,2025-06-11T19:50:00Z,76.10167,9.62042,6.8,18.0
419000001,2025-06-11T19:55:00Z,76.10458,9.6294,6.8,18.0
419000001,2025-06-11T20:00:00Z,76.1075,9.63838,6.8,18.0
419000001,2025-06-11T20:05:00Z,76.11042,9.64735,6.8,18.0
419000001,2025-06-11T20:10:00Z,76.11333,9.65633,6.8,18.0
419000001,2025-06-11T20:15:00Z,76.11625,9.66531,6.8,18.0
419000001,2025-06-11T20:20:00Z,76.11917,9.67429,6.8,18.0
419000001,2025-06-11T20:25:00Z,76.12208,9.68327,6.8,18.0
419000001,2025-06-11T20:30:00Z,76.125,9.69225,6.8,18.0
419000001,2025-06-11T20:35:00Z,76.12792,9.70123,6.8,18.0
419000001,2025-06-11T20:40:00Z,76.13083,9.71021,6.8,18.0
419000001,2025-06-11T20:45:00Z,76.13375,9.71919,6.8,18.0
419000001,2025-06-11T20:50:00Z,76.13667,9.72817,6.8,18.0
419000001,2025-06-11T20:55:00Z,76.13958,9.73715,6.8,18.0
419000001,2025-06-11T21:00:00Z,76.1425,9.74613,6.8,18.0
419000001,2025-06-11T21:05:00Z,76.14542,9.7551,6.8,18.0
419000001,2025-06-11T21:10:00Z,76.14833,9.76408,6.8,18.0
419000001,2025-06-11T21:15:00Z,76.15125,9.77306,6.8,18.0
419000001,2025-06-11T21:20:00Z,76.15417,9.78204,6.8,18.0
419000001,2025-06-11T21:25:00Z,76.15708,9.79102,6.8,18.0
419000001,2025-06-11T21:30:00Z,76.16,9.8,6.8,18.0
419000001,2025-06-11T21:35:00Z,76.16222,9.80361,3.0,31.0
419000001,2025-06-11T21:40:00Z,76.16444,9.80722,3.0,31.0
419000001,2025-06-11T21:45:00Z,76.16667,9.81083,3.0,31.0
419000001,2025-06-11T21:50:00Z,76.16889,9.81444,3.0,31.0
419000001,2025-06-11T21:55:00Z,76.17111,9.81806,3.0,31.0
419000001,2025-06-11T22:00:00Z,76.17333,9.82167,3.0,31.0
419000001,2025-06-11T22:05:00Z,76.17556,9.82528,3.0,31.0
419000001,2025-06-11T22:10:00Z,76.17778,9.82889,3.0,31.0
419000001,2025-06-11T22:15:00Z,76.18,9.8325,3.0,31.0
419000001,2025-06-11T22:20:00Z,76.18222,9.83611,3.0,31.0
419000001,2025-06-11T22:25:00Z,76.18444,9.83972,3.0,31.0
419000001,2025-06-11T22:30:00Z,76.18667,9.84333,3.0,31.0
419000001,2025-06-11T22:35:00Z,76.18889,9.84694,3.0,31.0
419000001,2025-06-11T22:40:00Z,76.19111,9.85056,3.0,31.0
419000001,2025-06-11T22:45:00Z,76.19333,9.85417,3.0,31.0
419000001,2025-06-11T22:50:00Z,76.19556,9.85778,3.0,31.0
419000001,2025-06-11T22:55:00Z,76.19778,9.86139,3.0,31.0
419000001,2025-06-11T23:00:00Z,76.2,9.865,3.0,31.0
419000001,2025-06-11T23:05:00Z,76.20222,9.86861,3.0,31.0
419000001,2025-06-11T23:10:00Z,76.20444,9.87222,3.0,31.0
419000001,2025-06-11T23:15:00Z,76.20667,9.87583,3.0,31.0
419000001,2025-06-11T23:20:00Z,76.20889,9.87944,3.0,31.0
419000001,2025-06-11T23:25:00Z,76.21111,9.88306,3.0,31.0
419000001,2025-06-11T23:30:00Z,76.21333,9.88667,3.0,31.0
419000001,2025-06-11T23:35:00Z,76.21556,9.89028,3.0,31.0
419000001,2025-06-11T23:40:00Z,76.21778,9.89389,3.0,31.0
419000001,2025-06-11T23:45:00Z,76.22,9.8975,3.0,31.0
419000001,2025-06-11T23:50:00Z,76.22222,9.90111,3.0,31.0
419000001,2025-06-11T23:55:00Z,76.22444,9.90472,3.0,31.0
419000001,2025-06-12T00:00:00Z,76.22667,9.90833,3.0,31.0
419000001,2025-06-12T00:05:00Z,76.22889,9.91194,3.0,31.0
419000001,2025-06-12T00:10:00Z,76.23111,9.91556,3.0,31.0
419000001,2025-06-12T00:15:00Z,76.23333,9.91917,3.0,31.0
419000001,2025-06-12T00:20:00Z,76.23556,9.92278,3.0,31.0
419000001,2025-06-12T00:25:00Z,76.23778,9.92639,3.0,31.0
419000001,2025-06-12T00:30:00Z,76.24,9.93,3.0,31.0
419000002,2025-06-11T14:30:00Z,76.2,8.6,9.5,0.0
419000002,2025-06-11T14:35:00Z,76.19229,8.61083,9.5,325.0
419000002,2025-06-11T14:40:00Z,76.18458,8.62167,9.5,325.0
419000002,2025-06-11T14:45:00Z,76.17688,8.6325,9.5,325.0
419000002,2025-06-11T14:50:00Z,76.16917,8.64333,9.5,325.0
419000002,2025-06-11T14:55:00Z,76.16146,8.65417,9.5,325.0
419000002,2025-06-11T15:00:00Z,76.15375,8.665,9.5,325.0
419000002,2025-06-11T15:05:00Z,76.14604,8.67583,9.5,325.0
419000002,2025-06-11T15:10:00Z,76.13833,8.68667,9.5,325.0
419000002,2025-06-11T15:15:00Z,76.13063,8.6975,9.5,325.0
419000002,2025-06-11T15:20:00Z,76.12292,8.70833,9.5,325.0
419000002,2025-06-11T15:25:00Z,76.11521,8.71917,9.5,325.0
419000002,2025-06-11T15:30:00Z,76.1075,8.73,9.5,325.0
419000002,2025-06-11T15:35:00Z,76.09979,8.74083,9.5,325.0
419000002,2025-06-11T15:40:00Z,76.09208,8.75167,9.5,325.0
419000002,2025-06-11T15:45:00Z,76.08437,8.7625,9.5,325.0
419000002,2025-06-11T15:50:00Z,76.07667,8.77333,9.5,325.0
419000002,2025-06-11T15:55:00Z,76.06896,8.78417,9.5,325.0
419000002,2025-06-11T16:00:00Z,76.06125,8.795,9.5,325.0
419000002,2025-06-11T16:05:00Z,76.05354,8.80583,9.5,325.0
419000002,2025-06-11T16:10:00Z,76.04583,8.81667,9.5,325.0
419000002,2025-06-11T16:15:00Z,76.03813,8.8275,9.5,325.0
419000002,2025-06-11T16:20:00Z,76.03042,8.83833,9.5,325.0
419000002,2025-06-11T16:25:00Z,76.02271,8.84917,9.5,325.0
419000002,2025-06-11T16:30:00Z,76.015,8.86,9.5,325.0
419000002,2025-06-11T16:35:00Z,76.00729,8.87083,9.5,325.0
419000002,2025-06-11T16:40:00Z,75.99958,8.88167,9.5,325.0
419000002,2025-06-11T16:45:00Z,75.99187,8.8925,9.5,325.0
419000002,2025-06-11T16:50:00Z,75.98417,8.90333,9.5,325.0
419000002,2025-06-11T16:55:00Z,75.97646,8.91417,9.5,325.0
419000002,2025-06-11T17:00:00Z,75.96875,8.925,9.5,325.0
419000002,2025-06-11T17:05:00Z,75.96104,8.93583,9.5,325.0
419000002,2025-06-11T17:10:00Z,75.95333,8.94667,9.5,325.0
419000002,2025-06-11T17:15:00Z,75.94563,8.9575,9.5,325.0
419000002,2025-06-11T17:20:00Z,75.93792,8.96833,9.5,325.0
419000002,2025-06-11T17:25:00Z,75.93021,8.97917,9.5,325.0
419000002,2025-06-11T17:30:00Z,75.9225,8.99,9.5,325.0
419000002,2025-06-11T17:35:00Z,75.91479,9.00083,9.5,325.0
419000002,2025-06-11T17:40:00Z,75.90708,9.01167,9.5,325.0
419000002,2025-06-11T17:45:00Z,75.89937,9.0225,9.5,325.0
419000002,2025-06-11T17:50:00Z,75.89167,9.03333,9.5,325.0
419000002,2025-06-11T17:55:00Z,75.88396,9.04417,9.5,325.0
419000002,2025-06-11T18:00:00Z,75.87625,9.055,9.5,325.0
419000002,2025-06-11T18:05:00Z,75.86854,9.06583,9.5,325.0
419000002,2025-06-11T18:10:00Z,75.86083,9.07667,9.5,325.0
419000002,2025-06-11T18:15:00Z,75.85313,9.0875,9.5,325.0
419000002,2025-06-11T18:20:00Z,75.84542,9.09833,9.5,325.0
419000002,2025-06-11T18:25:00Z,75.83771,9.10917,9.5,325.0
419000002,2025-06-11T18:30:00Z,75.83,9.12,9.5,325.0
419000002,2025-06-11T18:35:00Z,75.82229,9.13083,9.5,325.0
419000002,2025-06-11T18:40:00Z,75.81458,9.14167,9.5,325.0
419000002,2025-06-11T18:45:00Z,75.80687,9.1525,9.5,325.0
419000002,2025-06-11T18:50:00Z,75.79917,9.16333,9.5,325.0
419000002,2025-06-11T18:55:00Z,75.79146,9.17417,9.5,325.0
419000002,2025-06-11T19:00:00Z,75.78375,9.185,9.5,325.0
419000002,2025-06-11T19:05:00Z,75.77604,9.19583,9.5,325.0
419000002,2025-06-11T19:10:00Z,75.76833,9.20667,9.5,325.0
419000002,2025-06-11T19:15:00Z,75.76062,9.2175,9.5,325.0
419000002,2025-06-11T19:20:00Z,75.75292,9.22833,9.5,325.0
419000002,2025-06-11T19:25:00Z,75.74521,9.23917,9.5,325.0
419000002,2025-06-11T19:30:00Z,75.7375,9.25,9.5,325.0
419000002,2025-06-11T19:35:00Z,75.72979,9.26083,9.5,325.0
419000002,2025-06-11T19:40:00Z,75.72208,9.27167,9.5,325.0
419000002,2025-06-11T19:45:00Z,75.71437,9.2825,9.5,325.0
419000002,2025-06-11T19:50:00Z,75.70667,9.29333,9.5,325.0
419000002,2025-06-11T19:55:00Z,75.69896,9.30417,9.5,325.0
419000002,2025-06-11T20:00:00Z,75.69125,9.315,9.5,325.0
419000002,2025-06-11T20:05:00Z,75.68354,9.32583,9.5,325.0
419000002,2025-06-11T20:10:00Z,75.67583,9.33667,9.5,325.0
419000002,2025-06-11T20:15:00Z,75.66812,9.3475,9.5,325.0
419000002,2025-06-11T20:20:00Z,75.66042,9.35833,9.5,325.0
419000002,2025-06-11T20:25:00Z,75.65271,9.36917,9.5,325.0
419000002,2025-06-11T20:30:00Z,75.645,9.38,9.5,325.0
419000002,2025-06-11T20:35:00Z,75.63812,9.39208,9.9,331.0
419000002,2025-06-11T20:40:00Z,75.63125,9.40417,9.9,331.0
419000002,2025-06-11T20:45:00Z,75.62438,9.41625,9.9,331.0
419000002,2025-06-11T20:50:00Z,75.6175,9.42833,9.9,331.0
419000002,2025-06-11T20:55:00Z,75.61062,9.44042,9.9,331.0
419000002,2025-06-11T21:00:00Z,75.60375,9.4525,9.9,331.0
419000002,2025-06-11T21:05:00Z,75.59688,9.46458,9.9,331.0
419000002,2025-06-11T21:10:00Z,75.59,9.47667,9.9,331.0
419000002,2025-06-11T21:15:00Z,75.58312,9.48875,9.9,331.0
419000002,2025-06-11T21:20:00Z,75.57625,9.50083,9.9,331.0
419000002,2025-06-11T21:25:00Z,75.56937,9.51292,9.9,331.0
419000002,2025-06-11T21:30:00Z,75.5625,9.525,9.9,331.0
419000002,2025-06-11T21:35:00Z,75.55562,9.53708,9.9,331.0
419000002,2025-06-11T21:40:00Z,75.54875,9.54917,9.9,331.0
419000002,2025-06-11T21:45:00Z,75.54188,9.56125,9.9,331.0
419000002,2025-06-11T21:50:00Z,75.535,9.57333,9.9,331.0
419000002,2025-06-11T21:55:00Z,75.52812,9.58542,9.9,331.0
419000002,2025-06-11T22:00:00Z,75.52125,9.5975,9.9,331.0
419000002,2025-06-11T22:05:00Z,75.51438,9.60958,9.9,331.0
419000002,2025-06-11T22:10:00Z,75.5075,9.62167,9.9,331.0
419000002,2025-06-11T22:15:00Z,75.50062,9.63375,9.9,331.0
419000002,2025-06-11T22:20:00Z,75.49375,9.64583,9.9,331.0
419000002,2025-06-11T22:25:00Z,75.48688,9.65792,9.9,331.0
419000002,2025-06-11T22:30:00Z,75.48,9.67,9.9,331.0
419000002,2025-06-11T22:35:00Z,75.47312,9.68208,9.9,331.0
419000002,2025-06-11T22:40:00Z,75.46625,9.69417,9.9,331.0
419000002,2025-06-11T22:45:00Z,75.45937,9.70625,9.9,331.0
419000002,2025-06-11T22:50:00Z,75.4525,9.71833,9.9,331.0
419000002,2025-06-11T22:55:00Z,75.44563,9.73042,9.9,331.0
419000002,2025-06-11T23:00:00Z,75.43875,9.7425,9.9,331.0
419000002,2025-06-11T23:05:00Z,75.43188,9.75458,9.9,331.0
419000002,2025-06-11T23:10:00Z,75.425,9.76667,9.9,331.0
419000002,2025-06-11T23:15:00Z,75.41812,9.77875,9.9,331.0
419000002,2025-06-11T23:20:00Z,75.41125,9.79083,9.9,331.0
419000002,2025-06-11T23:25:00Z,75.40438,9.80292,9.9,331.0
419000002,2025-06-11T23:30:00Z,75.3975,9.815,9.9,331.0
419000002,2025-06-11T23:35:00Z,75.39062,9.82708,9.9,331.0
419000002,2025-06-11T23:40:00Z,75.38375,9.83917,9.9,331.0
419000002,2025-06-11T23:45:00Z,75.37688,9.85125,9.9,331.0
419000002,2025-06-11T23:50:00Z,75.37,9.86333,9.9,331.0
419000002,2025-06-11T23:55:00Z,75.36312,9.87542,9.9,331.0
419000002,2025-06-12T00:00:00Z,75.35625,9.8875,9.9,331.0
419000002,2025-06-12T00:05:00Z,75.34937,9.89958,9.9,331.0
419000002,2025-06-12T00:10:00Z,75.3425,9.91167,9.9,331.0
419000002,2025-06-12T00:15:00Z,75.33563,9.92375,9.9,331.0
419000002,2025-06-12T00:20:00Z,75.32875,9.93583,9.9,331.0
419000002,2025-06-12T00:25:00Z,75.32188,9.94792,9.9,331.0
419000002,2025-06-12T00:30:00Z,75.315,9.96,9.9,331.0
419000002,2025-06-12T00:35:00Z,75.30812,9.97208,9.9,331.0
419000002,2025-06-12T00:40:00Z,75.30125,9.98417,9.9,331.0
419000002,2025-06-12T00:45:00Z,75.29438,9.99625,9.9,331.0
419000002,2025-06-12T00:50:00Z,75.2875,10.00833,9.9,331.0
419000002,2025-06-12T00:55:00Z,75.28062,10.02042,9.9,331.0
419000002,2025-06-12T01:00:00Z,75.27375,10.0325,9.9,331.0
419000002,2025-06-12T01:05:00Z,75.26688,10.04458,9.9,331.0
419000002,2025-06-12T01:10:00Z,75.26,10.05667,9.9,331.0
419000002,2025-06-12T01:15:00Z,75.25312,10.06875,9.9,331.0
419000002,2025-06-12T01:20:00Z,75.24625,10.08083,9.9,331.0
419000002,2025-06-12T01:25:00Z,75.23938,10.09292,9.9,331.0
419000002,2025-06-12T01:30:00Z,75.2325,10.105,9.9,331.0
419000002,2025-06-12T01:35:00Z,75.22563,10.11708,9.9,331.0
419000002,2025-06-12T01:40:00Z,75.21875,10.12917,9.9,331.0
419000002,2025-06-12T01:45:00Z,75.21188,10.14125,9.9,331.0
419000002,2025-06-12T01:50:00Z,75.205,10.15333,9.9,331.0
419000002,2025-06-12T01:55:00Z,75.19812,10.16542,9.9,331.0
419000002,2025-06-12T02:00:00Z,75.19125,10.1775,9.9,331.0
419000002,2025-06-12T02:05:00Z,75.18438,10.18958,9.9,331.0
419000002,2025-06-12T02:10:00Z,75.1775,10.20167,9.9,331.0
419000002,2025-06-12T02:15:00Z,75.17062,10.21375,9.9,331.0
419000002,2025-06-12T02:20:00Z,75.16375,10.22583,9.9,331.0
419000002,2025-06-12T02:25:00Z,75.15688,10.23792,9.9,331.0
419000002,2025-06-12T02:30:00Z,75.15,10.25,9.9,331.0
419000003,2025-06-11T21:30:00Z,75.82,9.3,3.6,0.0
419000003,2025-06-11T21:35:00Z,75.81716,9.30309,2.2,317.0
419000003,2025-06-11T21:40:00Z,75.81503,9.3067,2.9,329.0
419000003,2025-06-11T21:45:00Z,75.81196,9.30958,2.8,313.0
419000003,2025-06-11T21:50:00Z,75.80832,9.31169,3.2,300.0
419000003,2025-06-11T21:55:00Z,75.80448,9.31341,2.1,294.0
419000003,2025-06-11T22:00:00Z,75.80097,9.31109,3.5,236.0
419000003,2025-06-11T22:05:00Z,75.79776,9.30838,3.4,230.0
419000003,2025-06-11T22:10:00Z,75.79598,9.30458,2.5,205.0
419000003,2025-06-11T22:15:00Z,75.79234,9.30668,2.6,300.0
419000003,2025-06-11T22:20:00Z,75.78895,9.30917,2.7,306.0
419000003,2025-06-11T22:25:00Z,75.78518,9.31104,3.0,296.0
419000003,2025-06-11T22:30:00Z,75.78118,9.31236,3.3,288.0
419000003,2025-06-11T22:35:00Z,75.77697,9.31231,3.8,269.0
419000003,2025-06-11T22:40:00Z,75.77335,9.31015,2.9,239.0
419000003,2025-06-11T22:45:00Z,75.77023,9.30734,3.3,228.0
419000003,2025-06-11T22:50:00Z,75.76652,9.30535,3.1,242.0
419000003,2025-06-11T22:55:00Z,75.76307,9.30294,3.7,235.0
419000003,2025-06-11T23:00:00Z,75.7589,9.30237,3.3,262.0
419000003,2025-06-11T23:05:00Z,75.7548,9.3014,3.5,257.0
419000003,2025-06-11T23:10:00Z,75.75069,9.30047,2.6,257.0
419000003,2025-06-11T23:15:00Z,75.7471,9.30266,2.9,301.0
419000003,2025-06-11T23:20:00Z,75.74423,9.30572,2.7,317.0
419000003,2025-06-11T23:25:00Z,75.74068,9.30798,3.6,302.0
419000003,2025-06-11T23:30:00Z,75.73694,9.30991,3.3,297.0
419000003,2025-06-11T23:35:00Z,75.73385,9.31276,2.9,313.0
419000003,2025-06-11T23:40:00Z,75.73446,9.3169,2.8,8.0
419000003,2025-06-11T23:45:00Z,75.7345,9.32109,3.2,1.0
419000003,2025-06-11T23:50:00Z,75.73404,9.32525,2.7,354.0
419000003,2025-06-11T23:55:00Z,75.73564,9.32912,2.6,22.0
419000003,2025-06-12T00:00:00Z,75.73541,9.33331,3.2,357.0
419000003,2025-06-12T00:05:00Z,75.73458,9.33741,4.0,349.0
419000003,2025-06-12T00:10:00Z,75.73559,9.34148,2.9,14.0
419000003,2025-06-12T00:15:00Z,75.73773,9.34508,2.8,31.0
419000003,2025-06-12T00:20:00Z,75.74003,9.34859,2.5,33.0
419000003,2025-06-12T00:25:00Z,75.74337,9.35115,2.5,52.0
419000003,2025-06-12T00:30:00Z,75.74134,9.35482,3.2,331.0
419000003,2025-06-12T00:35:00Z,75.74138,9.35901,3.3,1.0
419000003,2025-06-12T00:40:00Z,75.73947,9.36274,3.0,333.0
419000003,2025-06-12T00:45:00Z,75.7354,9.36385,3.1,285.0
419000003,2025-06-12T00:50:00Z,75.73153,9.36549,3.0,293.0
419000003,2025-06-12T00:55:00Z,75.72846,9.36836,3.1,313.0
419000003,2025-06-12T01:00:00Z,75.72483,9.37049,2.4,300.0
419000003,2025-06-12T01:05:00Z,75.72061,9.37046,2.8,270.0
419000003,2025-06-12T01:10:00Z,75.7164,9.37049,3.0,270.0
419000003,2025-06-12T01:15:00Z,75.71218,9.37041,2.7,269.0
419000003,2025-06-12T01:20:00Z,75.70891,9.37306,2.8,309.0
419000003,2025-06-12T01:25:00Z,75.70684,9.37671,2.7,330.0
419000003,2025-06-12T01:30:00Z,75.70514,9.38053,2.9,336.0
419000003,2025-06-12T01:35:00Z,75.70572,9.38468,3.3,8.0
419000003,2025-06-12T01:40:00Z,75.70588,9.38887,2.8,2.0
419000003,2025-06-12T01:45:00Z,75.70413,9.39268,2.9,335.0
419000003,2025-06-12T01:50:00Z,75.70357,9.39683,3.3,352.0
419000003,2025-06-12T01:55:00Z,75.70423,9.40096,3.3,9.0
419000003,2025-06-12T02:00:00Z,75.70443,9.40515,3.7,3.0
419000003,2025-06-12T02:05:00Z,75.70302,9.40909,2.2,340.0
419000003,2025-06-12T02:10:00Z,75.70207,9.41317,3.3,347.0
419000003,2025-06-12T02:15:00Z,75.70445,9.40971,2.8,146.0
419000003,2025-06-12T02:20:00Z,75.7059,9.40578,3.1,160.0
419000003,2025-06-12T02:25:00Z,75.70979,9.40416,3.3,113.0
419000003,2025-06-12T02:30:00Z,75.71363,9.40242,3.4,114.0
419000003,2025-06-12T02:35:00Z,75.71783,9.40264,3.4,87.0
419000003,2025-06-12T02:40:00Z,75.72183,9.4013,3.1,109.0
419000003,2025-06-12T02:45:00Z,75.72508,9.40398,3.6,51.0
419000003,2025-06-12T02:50:00Z,75.7268,9.4078,2.9,24.0
419000003,2025-06-12T02:55:00Z,75.72976,9.41078,2.9,45.0
419000003,2025-06-12T03:00:00Z,75.73387,9.41168,3.3,78.0
419000003,2025-06-12T03:05:00Z,75.73502,9.41571,2.8,16.0
419000003,2025-06-12T03:10:00Z,75.73514,9.4199,3.9,2.0
419000003,2025-06-12T03:15:00Z,75.73594,9.42401,3.4,11.0
419000003,2025-06-12T03:20:00Z,75.73546,9.42817,3.9,353.0
419000003,2025-06-12T03:25:00Z,75.73811,9.43142,3.0,39.0
419000003,2025-06-12T03:30:00Z,75.73847,9.43559,2.8,5.0
419000003,2025-06-12T03:35:00Z,75.73957,9.43963,3.1,15.0
419000003,2025-06-12T03:40:00Z,75.74,9.43547,3.3,174.0
419000003,2025-06-12T03:45:00Z,75.74046,9.43131,2.8,174.0
419000003,2025-06-12T03:50:00Z,75.7417,9.4273,3.2,163.0
419000003,2025-06-12T03:55:00Z,75.74556,9.42562,3.0,114.0
419000003,2025-06-12T04:00:00Z,75.74687,9.42164,3.6,162.0
419000003,2025-06-12T04:05:00Z,75.74662,9.41746,2.7,183.0
419000003,2025-06-12T04:10:00Z,75.74483,9.41367,3.4,205.0
419000003,2025-06-12T04:15:00Z,75.74127,9.41143,2.7,238.0
419000003,2025-06-12T04:20:00Z,75.73737,9.40983,2.6,248.0
419000003,2025-06-12T04:25:00Z,75.73417,9.4071,2.7,230.0
419000003,2025-06-12T04:30:00Z,75.7323,9.40335,2.5,207.0
419000003,2025-06-12T04:35:00Z,75.73204,9.39918,3.1,184.0
419000003,2025-06-12T04:40:00Z,75.72918,9.3961,3.4,223.0
419000003,2025-06-12T04:45:00Z,75.72911,9.39191,3.1,181.0
419000003,2025-06-12T04:50:00Z,75.73029,9.38789,3.2,164.0
419000003,2025-06-12T04:55:00Z,75.73209,9.38411,3.7,154.0
419000003,2025-06-12T05:00:00Z,75.73346,9.38015,3.1,161.0
419000003,2025-06-12T05:05:00Z,75.73364,9.37596,3.1,178.0
419000003,2025-06-12T05:10:00Z,75.73625,9.37268,2.9,142.0
419000003,2025-06-12T05:15:00Z,75.74047,9.37252,2.4,92.0
419000003,2025-06-12T05:20:00Z,75.74468,9.37237,3.3,92.0
419000003,2025-06-12T05:25:00Z,75.74805,9.36985,2.3,127.0
419000003,2025-06-12T05:30:00Z,75.75025,9.36628,3.3,148.0
419000003,2025-06-12T05:35:00Z,75.75206,9.3625,3.0,155.0
419000003,2025-06-12T05:40:00Z,75.75444,9.35904,3.5,145.0
419000003,2025-06-12T05:45:00Z,75.75628,9.35528,3.0,154.0
419000003,2025-06-12T05:50:00Z,75.75858,9.35177,2.7,147.0
419000003,2025-06-12T05:55:00Z,75.75928,9.34764,3.1,170.0
419000003,2025-06-12T06:00:00Z,75.76153,9.3441,2.8,148.0
419000003,2025-06-12T06:05:00Z,75.76354,9.34042,2.9,151.0
419000003,2025-06-12T06:10:00Z,75.76575,9.33685,3.0,148.0
419000003,2025-06-12T06:15:00Z,75.76692,9.33283,2.9,164.0
419000003,2025-06-12T06:20:00Z,75.76762,9.3287,2.9,170.0
419000003,2025-06-12T06:25:00Z,75.76385,9.32682,2.7,244.0
419000003,2025-06-12T06:30:00Z,75.75981,9.328,2.9,286.0
419000004,2025-06-12T03:30:00Z,75.05,9.75,14.1,0.0
419000004,2025-06-12T03:35:00Z,75.06944,9.75361,14.1,79.0
419000004,2025-06-12T03:40:00Z,75.08889,9.75722,14.1,79.0
419000004,2025-06-12T03:45:00Z,75.10833,9.76083,14.1,79.0
419000004,2025-06-12T03:50:00Z,75.12778,9.76444,14.1,79.0
419000004,2025-06-12T03:55:00Z,75.14722,9.76806,14.1,79.0
419000004,2025-06-12T04:00:00Z,75.16667,9.77167,14.1,79.0
419000004,2025-06-12T04:05:00Z,75.18611,9.77528,14.1,79.0
419000004,2025-06-12T04:10:00Z,75.20556,9.77889,14.1,79.0
419000004,2025-06-12T04:15:00Z,75.225,9.7825,14.1,79.0
419000004,2025-06-12T04:20:00Z,75.24444,9.78611,14.1,79.0
419000004,2025-06-12T04:25:00Z,75.26389,9.78972,14.1,79.0
419000004,2025-06-12T04:30:00Z,75.28333,9.79333,14.1,79.0
419000004,2025-06-12T04:35:00Z,75.30278,9.79694,14.1,79.0
419000004,2025-06-12T04:40:00Z,75.32222,9.80056,14.1,79.0
419000004,2025-06-12T04:45:00Z,75.34167,9.80417,14.1,79.0
419000004,2025-06-12T04:50:00Z,75.36111,9.80778,14.1,79.0
419000004,2025-06-12T04:55:00Z,75.38056,9.81139,14.1,79.0
419000004,2025-06-12T05:00:00Z,75.4,9.815,14.1,79.0
419000004,2025-06-12T05:05:00Z,75.41944,9.81861,14.1,79.0
419000004,2025-06-12T05:10:00Z,75.43889,9.82222,14.1,79.0
419000004,2025-06-12T05:15:00Z,75.45833,9.82583,14.1,79.0
419000004,2025-06-12T05:20:00Z,75.47778,9.82944,14.1,79.0
419000004,2025-06-12T05:25:00Z,75.49722,9.83306,14.1,79.0
419000004,2025-06-12T05:30:00Z,75.51667,9.83667,14.1,79.0
419000004,2025-06-12T05:35:00Z,75.53611,9.84028,14.1,79.0
419000004,2025-06-12T05:40:00Z,75.55556,9.84389,14.1,79.0
419000004,2025-06-12T05:45:00Z,75.575,9.8475,14.1,79.0
419000004,2025-06-12T05:50:00Z,75.59444,9.85111,14.1,79.0
419000004,2025-06-12T05:55:00Z,75.61389,9.85472,14.1,79.0
419000004,2025-06-12T06:00:00Z,75.63333,9.85833,14.1,79.0
419000004,2025-06-12T06:05:00Z,75.65278,9.86194,14.1,79.0
419000004,2025-06-12T06:10:00Z,75.67222,9.86556,14.1,79.0
419000004,2025-06-12T06:15:00Z,75.69167,9.86917,14.1,79.0
419000004,2025-06-12T06:20:00Z,75.71111,9.87278,14.1,79.0
419000004,2025-06-12T06:25:00Z,75.73056,9.87639,14.1,79.0
419000004,2025-06-12T06:30:00Z,75.75,9.88,14.1,79.0
419000005,2025-06-10T12:30:00Z,76.22,9.96,7.1,0.0
419000005,2025-06-10T12:35:00Z,76.21438,9.96812,7.1,325.0
419000005,2025-06-10T12:40:00Z,76.20875,9.97625,7.1,325.0
419000005,2025-06-10T12:45:00Z,76.20312,9.98438,7.1,325.0
419000005,2025-06-10T12:50:00Z,76.1975,9.9925,7.1,325.0
419000005,2025-06-10T12:55:00Z,76.19188,10.00063,7.1,325.0
419000005,2025-06-10T13:00:00Z,76.18625,10.00875,7.1,325.0
419000005,2025-06-10T13:05:00Z,76.18063,10.01688,7.1,325.0
419000005,2025-06-10T13:10:00Z,76.175,10.025,7.1,325.0
419000005,2025-06-10T13:15:00Z,76.16938,10.03312,7.1,325.0
419000005,2025-06-10T13:20:00Z,76.16375,10.04125,7.1,325.0
419000005,2025-06-10T13:25:00Z,76.15812,10.04938,7.1,325.0
419000005,2025-06-10T13:30:00Z,76.1525,10.0575,7.1,325.0
419000005,2025-06-10T13:35:00Z,76.14687,10.06563,7.1,325.0
419000005,2025-06-10T13:40:00Z,76.14125,10.07375,7.1,325.0
419000005,2025-06-10T13:45:00Z,76.13562,10.08188,7.1,325.0
419000005,2025-06-10T13:50:00Z,76.13,10.09,7.1,325.0
419000005,2025-06-10T13:55:00Z,76.12438,10.09812,7.1,325.0
419000005,2025-06-10T14:00:00Z,76.11875,10.10625,7.1,325.0
419000005,2025-06-10T14:05:00Z,76.11312,10.11438,7.1,325.0
419000005,2025-06-10T14:10:00Z,76.1075,10.1225,7.1,325.0
419000005,2025-06-10T14:15:00Z,76.10188,10.13062,7.1,325.0
419000005,2025-06-10T14:20:00Z,76.09625,10.13875,7.1,325.0
419000005,2025-06-10T14:25:00Z,76.09062,10.14688,7.1,325.0
419000005,2025-06-10T14:30:00Z,76.085,10.155,7.1,325.0
419000005,2025-06-10T14:35:00Z,76.07938,10.16313,7.1,325.0
419000005,2025-06-10T14:40:00Z,76.07375,10.17125,7.1,325.0
419000005,2025-06-10T14:45:00Z,76.06812,10.17938,7.1,325.0
419000005,2025-06-10T14:50:00Z,76.0625,10.1875,7.1,325.0
419000005,2025-06-10T14:55:00Z,76.05688,10.19562,7.1,325.0
419000005,2025-06-10T15:00:00Z,76.05125,10.20375,7.1,325.0
419000005,2025-06-10T15:05:00Z,76.04562,10.21188,7.1,325.0
419000005,2025-06-10T15:10:00Z,76.04,10.22,7.1,325.0
419000005,2025-06-10T15:15:00Z,76.03438,10.22812,7.1,325.0
419000005,2025-06-10T15:20:00Z,76.02875,10.23625,7.1,325.0
419000005,2025-06-10T15:25:00Z,76.02313,10.24438,7.1,325.0
419000005,2025-06-10T15:30:00Z,76.0175,10.2525,7.1,325.0
419000005,2025-06-10T15:35:00Z,76.01188,10.26062,7.1,325.0
419000005,2025-06-10T15:40:00Z,76.00625,10.26875,7.1,325.0
419000005,2025-06-10T15:45:00Z,76.00062,10.27688,7.1,325.0
419000005,2025-06-10T15:50:00Z,75.995,10.285,7.1,325.0
419000005,2025-06-10T15:55:00Z,75.98938,10.29312,7.1,325.0
419000005,2025-06-10T16:00:00Z,75.98375,10.30125,7.1,325.0
419000005,2025-06-10T16:05:00Z,75.97813,10.30937,7.1,325.0
419000005,2025-06-10T16:10:00Z,75.9725,10.3175,7.1,325.0
419000005,2025-06-10T16:15:00Z,75.96688,10.32562,7.1,325.0
419000005,2025-06-10T16:20:00Z,75.96125,10.33375,7.1,325.0
419000005,2025-06-10T16:25:00Z,75.95562,10.34188,7.1,325.0
419000005,2025-06-10T16:30:00Z,75.95,10.35,7.1,325.0
419000005,2025-06-10T16:35:00Z,75.94375,10.35708,6.7,319.0
419000005,2025-06-10T16:40:00Z,75.9375,10.36417,6.7,319.0
419000005,2025-06-10T16:45:00Z,75.93125,10.37125,6.7,319.0
419000005,2025-06-10T16:50:00Z,75.925,10.37833,6.7,319.0
419000005,2025-06-10T16:55:00Z,75.91875,10.38542,6.7,319.0
419000005,2025-06-10T17:00:00Z,75.9125,10.3925,6.7,319.0
419000005,2025-06-10T17:05:00Z,75.90625,10.39958,6.7,319.0
419000005,2025-06-10T17:10:00Z,75.9,10.40667,6.7,319.0
419000005,2025-06-10T17:15:00Z,75.89375,10.41375,6.7,319.0
419000005,2025-06-10T17:20:00Z,75.8875,10.42083,6.7,319.0
419000005,2025-06-10T17:25:00Z,75.88125,10.42792,6.7,319.0
419000005,2025-06-10T17:30:00Z,75.875,10.435,6.7,319.0
419000005,2025-06-10T17:35:00Z,75.86875,10.44208,6.7,319.0
419000005,2025-06-10T17:40:00Z,75.8625,10.44917,6.7,319.0
419000005,2025-06-10T17:45:00Z,75.85625,10.45625,6.7,319.0
419000005,2025-06-10T17:50:00Z,75.85,10.46333,6.7,319.0
419000005,2025-06-10T17:55:00Z,75.84375,10.47042,6.7,319.0
419000005,2025-06-10T18:00:00Z,75.8375,10.4775,6.7,319.0
419000005,2025-06-10T18:05:00Z,75.83125,10.48458,6.7,319.0
419000005,2025-06-10T18:10:00Z,75.825,10.49167,6.7,319.0
419000005,2025-06-10T18:15:00Z,75.81875,10.49875,6.7,319.0
419000005,2025-06-10T18:20:00Z,75.8125,10.50583,6.7,319.0
419000005,2025-06-10T18:25:00Z,75.80625,10.51292,6.7,319.0
419000005,2025-06-10T18:30:00Z,75.8,10.52,6.7,319.0
419000006,2025-06-10T07:30:00Z,76.58833,8.45,11.9,0.0
419000006,2025-06-10T07:35:00Z,76.57924,8.46391,11.9,327.0
419000006,2025-06-10T07:40:00Z,76.57016,8.47782,11.9,327.0
419000006,2025-06-10T07:45:00Z,76.56107,8.49173,11.9,327.0
419000006,2025-06-10T07:50:00Z,76.55198,8.50563,11.9,327.0
419000006,2025-06-10T07:55:00Z,76.54289,8.51954,11.9,327.0
419000006,2025-06-10T08:00:00Z,76.5338,8.53345,11.9,327.0
419000006,2025-06-10T08:05:00Z,76.52471,8.54736,11.9,327.0
419000006,2025-06-10T08:10:00Z,76.51563,8.56127,11.9,327.0
419000006,2025-06-10T08:15:00Z,76.50654,8.57518,11.9,327.0
419000006,2025-06-10T08:20:00Z,76.49745,8.58909,11.9,327.0
419000006,2025-06-10T08:25:00Z,76.48836,8.60299,11.9,327.0
419000006,2025-06-10T08:30:00Z,76.47927,8.6169,11.9,327.0
419000006,2025-06-10T08:35:00Z,76.47018,8.63081,11.9,327.0
419000006,2025-06-10T08:40:00Z,76.4611,8.64472,11.9,327.0
419000006,2025-06-10T08:45:00Z,76.45201,8.65863,11.9,327.0
419000006,2025-06-10T08:50:00Z,76.44292,8.67254,11.9,327.0
419000006,2025-06-10T08:55:00Z,76.43383,8.68644,11.9,327.0
419000006,2025-06-10T09:00:00Z,76.42474,8.70035,11.9,327.0
419000006,2025-06-10T09:05:00Z,76.41565,8.71426,11.9,327.0
419000006,2025-06-10T09:10:00Z,76.40657,8.72817,11.9,327.0
419000006,2025-06-10T09:15:00Z,76.39748,8.74208,11.9,327.0
419000006,2025-06-10T09:20:00Z,76.38839,8.75599,11.9,327.0
419000006,2025-06-10T09:25:00Z,76.3793,8.7699,11.9,327.0
419000006,2025-06-10T09:30:00Z,76.37021,8.7838,11.9,327.0
419000006,2025-06-10T09:35:00Z,76.36112,8.79771,11.9,327.0
419000006,2025-06-10T09:40:00Z,76.35204,8.81162,11.9,327.0
419000006,2025-06-10T09:45:00Z,76.34295,8.82553,11.9,327.0
419000006,2025-06-10T09:50:00Z,76.33386,8.83944,11.9,327.0
419000006,2025-06-10T09:55:00Z,76.32477,8.85335,11.9,327.0
419000006,2025-06-10T10:00:00Z,76.31568,8.86726,11.9,327.0
419000006,2025-06-10T10:05:00Z,76.30659,8.88116,11.9,327.0
419000006,2025-06-10T10:10:00Z,76.29751,8.89507,11.9,327.0
419000006,2025-06-10T10:15:00Z,76.28842,8.90898,11.9,327.0
419000006,2025-06-10T10:20:00Z,76.27933,8.92289,11.9,327.0
419000006,2025-06-10T10:25:00Z,76.27024,8.9368,11.9,327.0
419000006,2025-06-10T10:30:00Z,76.26115,8.95071,11.9,327.0
419000006,2025-06-10T10:35:00Z,76.25206,8.96462,11.9,327.0
419000006,2025-06-10T10:40:00Z,76.24298,8.97852,11.9,327.0
419000006,2025-06-10T10:45:00Z,76.23389,8.99243,11.9,327.0
419000006,2025-06-10T10:50:00Z,76.2248,9.00634,11.9,327.0
419000006,2025-06-10T10:55:00Z,76.21571,9.02025,11.9,327.0
419000006,2025-06-10T11:00:00Z,76.20662,9.03416,11.9,327.0
419000006,2025-06-10T11:05:00Z,76.19753,9.04807,11.9,327.0
419000006,2025-06-10T11:10:00Z,76.18845,9.06197,11.9,327.0
419000006,2025-06-10T11:15:00Z,76.17936,9.07588,11.9,327.0
419000006,2025-06-10T11:20:00Z,76.17027,9.08979,11.9,327.0
419000006,2025-06-10T11:25:00Z,76.16118,9.1037,11.9,327.0
419000006,2025-06-10T11:30:00Z,76.15209,9.11761,11.9,327.0
419000006,2025-06-10T11:35:00Z,76.143,9.13152,11.9,327.0
419000006,2025-06-10T11:40:00Z,76.13391,9.14543,11.9,327.0
419000006,2025-06-10T11:45:00Z,76.12483,9.15933,11.9,327.0
419000006,2025-06-10T11:50:00Z,76.11574,9.17324,11.9,327.0
419000006,2025-06-10T11:55:00Z,76.10665,9.18715,11.9,327.0
419000006,2025-06-10T12:00:00Z,76.09756,9.20106,11.9,327.0
419000006,2025-06-10T12:05:00Z,76.08847,9.21497,11.9,327.0
419000006,2025-06-10T12:10:00Z,76.07938,9.22888,11.9,327.0
419000006,2025-06-10T12:15:00Z,76.0703,9.24279,11.9,327.0
419000006,2025-06-10T12:20:00Z,76.06121,9.25669,11.9,327.0
419000006,2025-06-10T12:25:00Z,76.05212,9.2706,11.9,327.0
419000006,2025-06-10T12:30:00Z,76.04303,9.28451,11.9,327.0
419000006,2025-06-10T12:35:00Z,76.03394,9.29842,11.9,327.0
419000006,2025-06-10T12:40:00Z,76.02485,9.31233,11.9,327.0
419000006,2025-06-10T12:45:00Z,76.01577,9.32624,11.9,327.0
419000006,2025-06-10T12:50:00Z,76.00668,9.34014,11.9,327.0
419000006,2025-06-10T12:55:00Z,75.99759,9.35405,11.9,327.0
419000006,2025-06-10T13:00:00Z,75.9885,9.36796,11.9,327.0
419000006,2025-06-10T13:05:00Z,75.97941,9.38187,11.9,327.0
419000006,2025-06-10T13:10:00Z,75.97032,9.39578,11.9,327.0
419000006,2025-06-10T13:15:00Z,75.96124,9.40969,11.9,327.0
419000006,2025-06-10T13:20:00Z,75.95215,9.4236,11.9,327.0
419000006,2025-06-10T13:25:00Z,75.94306,9.4375,11.9,327.0
419000006,2025-06-10T13:30:00Z,75.93397,9.45141,11.9,327.0
419000006,2025-06-10T13:35:00Z,75.92488,9.46532,11.9,327.0
419000006,2025-06-10T13:40:00Z,75.91579,9.47923,11.9,327.0
419000006,2025-06-10T13:45:00Z,75.90671,9.49314,11.9,327.0
419000006,2025-06-10T13:50:00Z,75.901,9.50705,10.8,338.0
419000006,2025-06-10T13:55:00Z,75.89859,9.52096,10.1,350.0
419000006,2025-06-10T14:00:00Z,75.89617,9.53486,10.1,350.0
419000006,2025-06-10T14:05:00Z,75.89376,9.54877,10.1,350.0
419000006,2025-06-10T14:10:00Z,75.89134,9.56268,10.1,350.0
419000006,2025-06-10T14:15:00Z,75.88893,9.57659,10.1,350.0
419000006,2025-06-10T14:20:00Z,75.88652,9.5905,10.1,350.0
419000006,2025-06-10T14:25:00Z,75.8841,9.60441,10.1,350.0
419000006,2025-06-10T14:30:00Z,75.88169,9.61832,10.1,350.0
419000006,2025-06-10T14:35:00Z,75.87928,9.63222,10.1,350.0
419000006,2025-06-10T14:40:00Z,75.87686,9.64613,10.1,350.0
419000006,2025-06-10T14:45:00Z,75.87445,9.66004,10.1,350.0
419000006,2025-06-10T14:50:00Z,75.87203,9.67395,10.1,350.0
419000006,2025-06-10T14:55:00Z,75.86962,9.68786,10.1,350.0
419000006,2025-06-10T15:00:00Z,75.86721,9.70177,10.1,350.0
419000006,2025-06-10T15:05:00Z,75.86479,9.71567,10.1,350.0
419000006,2025-06-10T15:10:00Z,75.86238,9.72958,10.1,350.0
419000006,2025-06-10T15:15:00Z,75.85997,9.74349,10.1,350.0
419000006,2025-06-10T15:20:00Z,75.85755,9.7574,10.1,350.0
419000006,2025-06-10T15:25:00Z,75.85514,9.77131,10.1,350.0
419000006,2025-06-10T15:30:00Z,75.85272,9.78522,10.1,350.0
419000006,2025-06-10T15:35:00Z,75.85031,9.79913,10.1,350.0
419000006,2025-06-10T15:40:00Z,75.8479,9.81303,10.1,350.0
419000006,2025-06-10T15:45:00Z,75.84548,9.82694,10.1,350.0
419000006,2025-06-10T15:50:00Z,75.84307,9.84085,10.1,350.0
419000006,2025-06-10T15:55:00Z,75.84066,9.85476,10.1,350.0
419000006,2025-06-10T16:00:00Z,75.83824,9.86867,10.1,350.0
419000006,2025-06-10T16:05:00Z,75.83583,9.88258,10.1,350.0
419000006,2025-06-10T16:10:00Z,75.83341,9.89649,10.1,350.0
419000006,2025-06-10T16:15:00Z,75.831,9.91039,10.1,350.0
419000006,2025-06-10T16:20:00Z,75.82859,9.9243,10.1,350.0
419000006,2025-06-10T16:25:00Z,75.82617,9.93821,10.1,350.0
419000006,2025-06-10T16:30:00Z,75.82376,9.95212,10.1,350.0
419000006,2025-06-10T16:35:00Z,75.82135,9.96603,10.1,350.0
419000006,2025-06-10T16:40:00Z,75.81893,9.97994,10.1,350.0
419000006,2025-06-10T16:45:00Z,75.81652,9.99385,10.1,350.0
419000006,2025-06-10T16:50:00Z,75.8141,10.00775,10.1,350.0
419000006,2025-06-10T16:55:00Z,75.81169,10.02166,10.1,350.0
419000006,2025-06-10T17:00:00Z,75.80928,10.03557,10.1,350.0
419000006,2025-06-10T17:05:00Z,75.80686,10.04948,10.1,350.0
419000006,2025-06-10T17:10:00Z,75.80445,10.06339,10.1,350.0
419000006,2025-06-10T17:15:00Z,75.80204,10.0773,10.1,350.0
419000006,2025-06-10T17:20:00Z,75.79962,10.0912,10.1,350.0
419000006,2025-06-10T17:25:00Z,75.79721,10.10511,10.1,350.0
419000006,2025-06-10T17:30:00Z,75.79479,10.11902,10.1,350.0
419000006,2025-06-10T17:35:00Z,75.79238,10.13293,10.1,350.0
419000006,2025-06-10T17:40:00Z,75.78997,10.14684,10.1,350.0
419000006,2025-06-10T17:45:00Z,75.78755,10.16075,10.1,350.0
419000006,2025-06-10T17:50:00Z,75.78514,10.17466,10.1,350.0
419000006,2025-06-10T17:55:00Z,75.78273,10.18856,10.1,350.0
419000006,2025-06-10T18:00:00Z,75.78031,10.20247,10.1,350.0
419000006,2025-06-10T18:05:00Z,75.7779,10.21638,10.1,350.0
419000006,2025-06-10T18:10:00Z,75.77548,10.23029,10.1,350.0
419000006,2025-06-10T18:15:00Z,75.77307,10.2442,10.1,350.0
419000006,2025-06-10T18:20:00Z,75.77066,10.25811,10.1,350.0
419000006,2025-06-10T18:25:00Z,75.76824,10.27202,10.1,350.0
419000006,2025-06-10T18:30:00Z,75.76583,10.28592,10.1,350.0
419000006,2025-06-10T18:35:00Z,75.76342,10.29983,10.1,350.0
419000006,2025-06-10T18:40:00Z,75.761,10.31374,10.1,350.0
419000006,2025-06-10T18:45:00Z,75.75859,10.32765,10.1,350.0
419000006,2025-06-10T18:50:00Z,75.75617,10.34156,10.1,350.0
419000006,2025-06-10T18:55:00Z,75.75376,10.35547,10.1,350.0
419000006,2025-06-10T19:00:00Z,75.75135,10.36938,10.1,350.0
419000006,2025-06-10T19:05:00Z,75.74893,10.38328,10.1,350.0
419000006,2025-06-10T19:10:00Z,75.74652,10.39719,10.1,350.0
419000006,2025-06-10T19:15:00Z,75.74411,10.4111,10.1,350.0
419000006,2025-06-10T19:20:00Z,75.74169,10.42501,10.1,350.0
419000006,2025-06-10T19:25:00Z,75.73928,10.43892,10.1,350.0
419000006,2025-06-10T19:30:00Z,75.73686,10.45283,10.1,350.0
419000006,2025-06-10T19:35:00Z,75.73445,10.46673,10.1,350.0
419000006,2025-06-10T19:40:00Z,75.73204,10.48064,10.1,350.0
419000006,2025-06-10T19:45:00Z,75.72962,10.49455,10.1,350.0
419000006,2025-06-10T19:50:00Z,75.72721,10.50846,10.1,350.0
419000006,2025-06-10T19:55:00Z,75.7248,10.52237,10.1,350.0
419000006,2025-06-10T20:00:00Z,75.72238,10.53628,10.1,350.0
419000007,2025-06-10T08:30:00Z,76.75,8.45,2.6,0.0
419000007,2025-06-10T08:35:00Z,76.74886,8.45341,2.6,342.0
419000007,2025-06-10T08:40:00Z,76.74773,8.45682,2.6,342.0
419000007,2025-06-10T08:45:00Z,76.74659,8.46023,2.6,342.0
419000007,2025-06-10T08:50:00Z,76.74545,8.46364,2.6,342.0
419000007,2025-06-10T08:55:00Z,76.74432,8.46705,2.6,342.0
419000007,2025-06-10T09:00:00Z,76.74318,8.47045,2.6,342.0
419000007,2025-06-10T09:05:00Z,76.74205,8.47386,2.6,342.0
419000007,2025-06-10T09:10:00Z,76.74091,8.47727,2.6,342.0
419000007,2025-06-10T09:15:00Z,76.73977,8.48068,2.6,342.0
419000007,2025-06-10T09:20:00Z,76.73864,8.48409,2.6,342.0
419000007,2025-06-10T09:25:00Z,76.7375,8.4875,2.6,342.0
419000007,2025-06-10T09:30:00Z,76.73636,8.49091,2.6,342.0
419000007,2025-06-10T09:35:00Z,76.73523,8.49432,2.6,342.0
419000007,2025-06-10T09:40:00Z,76.73409,8.49773,2.6,342.0
419000007,2025-06-10T09:45:00Z,76.73295,8.50114,2.6,342.0
419000007,2025-06-10T09:50:00Z,76.73182,8.50455,2.6,342.0
419000007,2025-06-10T09:55:00Z,76.73068,8.50795,2.6,342.0
419000007,2025-06-10T10:00:00Z,76.72955,8.51136,2.6,342.0
419000007,2025-06-10T10:05:00Z,76.72841,8.51477,2.6,342.0
419000007,2025-06-10T10:10:00Z,76.72727,8.51818,2.6,342.0
419000007,2025-06-10T10:15:00Z,76.72614,8.52159,2.6,342.0
419000007,2025-06-10T10:20:00Z,76.725,8.525,2.6,342.0
419000007,2025-06-10T10:25:00Z,76.72386,8.52841,2.6,342.0
419000007,2025-06-10T10:30:00Z,76.72273,8.53182,2.6,342.0
419000007,2025-06-10T10:35:00Z,76.72159,8.53523,2.6,342.0
419000007,2025-06-10T10:40:00Z,76.72045,8.53864,2.6,342.0
419000007,2025-06-10T10:45:00Z,76.71932,8.54205,2.6,342.0
419000007,2025-06-10T10:50:00Z,76.71818,8.54545,2.6,342.0
419000007,2025-06-10T10:55:00Z,76.71705,8.54886,2.6,342.0
419000007,2025-06-10T11:00:00Z,76.71591,8.55227,2.6,342.0
419000007,2025-06-10T11:05:00Z,76.71477,8.55568,2.6,342.0
419000007,2025-06-10T11:10:00Z,76.71364,8.55909,2.6,342.0
419000007,2025-06-10T11:15:00Z,76.7125,8.5625,2.6,342.0
419000007,2025-06-10T11:20:00Z,76.71136,8.56591,2.6,342.0
419000007,2025-06-10T11:25:00Z,76.71023,8.56932,2.6,342.0
419000007,2025-06-10T11:30:00Z,76.70909,8.57273,2.6,342.0
419000007,2025-06-10T11:35:00Z,76.70795,8.57614,2.6,342.0
419000007,2025-06-10T11:40:00Z,76.70682,8.57955,2.6,342.0
419000007,2025-06-10T11:45:00Z,76.70568,8.58295,2.6,342.0
419000007,2025-06-10T11:50:00Z,76.70455,8.58636,2.6,342.0
419000007,2025-06-10T11:55:00Z,76.70341,8.58977,2.6,342.0
419000007,2025-06-10T12:00:00Z,76.70227,8.59318,2.6,342.0
419000007,2025-06-10T12:05:00Z,76.70114,8.59659,2.6,342.0
419000007,2025-06-10T12:10:00Z,76.7,8.6,2.6,342.0
419000007,2025-06-10T12:15:00Z,76.69886,8.60341,2.6,342.0
419000007,2025-06-10T12:20:00Z,76.69773,8.60682,2.6,342.0
419000007,2025-06-10T12:25:00Z,76.69659,8.61023,2.6,342.0
419000007,2025-06-10T12:30:00Z,76.69545,8.61364,2.6,342.0
419000007,2025-06-10T12:35:00Z,76.69432,8.61705,2.6,342.0
419000007,2025-06-10T12:40:00Z,76.69318,8.62045,2.6,342.0
419000007,2025-06-10T12:45:00Z,76.69205,8.62386,2.6,342.0
419000007,2025-06-10T12:50:00Z,76.69091,8.62727,2.6,342.0
419000007,2025-06-10T12:55:00Z,76.68977,8.63068,2.6,342.0
419000007,2025-06-10T13:00:00Z,76.68864,8.63409,2.6,342.0
419000007,2025-06-10T13:05:00Z,76.6875,8.6375,2.6,342.0
419000007,2025-06-10T13:10:00Z,76.68636,8.64091,2.6,342.0
419000007,2025-06-10T13:15:00Z,76.68523,8.64432,2.6,342.0
419000007,2025-06-10T13:20:00Z,76.68409,8.64773,2.6,342.0
419000007,2025-06-10T13:25:00Z,76.68295,8.65114,2.6,342.0
419000007,2025-06-10T13:30:00Z,76.68182,8.65455,2.6,342.0
419000007,2025-06-10T13:35:00Z,76.68068,8.65795,2.6,342.0
419000007,2025-06-10T13:40:00Z,76.67955,8.66136,2.6,342.0
419000007,2025-06-10T13:45:00Z,76.67841,8.66477,2.6,342.0
419000007,2025-06-10T13:50:00Z,76.67727,8.66818,2.6,342.0
419000007,2025-06-10T13:55:00Z,76.67614,8.67159,2.6,342.0
419000007,2025-06-10T14:00:00Z,76.675,8.675,2.6,342.0
419000007,2025-06-10T14:05:00Z,76.67386,8.67841,2.6,342.0
419000007,2025-06-10T14:10:00Z,76.67273,8.68182,2.6,342.0
419000007,2025-06-10T14:15:00Z,76.67159,8.68523,2.6,342.0
419000007,2025-06-10T14:20:00Z,76.67045,8.68864,2.6,342.0
419000007,2025-06-10T14:25:00Z,76.66932,8.69205,2.6,342.0
419000007,2025-06-10T18:35:00Z,76.6125,8.8625,2.6,342.0
419000007,2025-06-10T18:40:00Z,76.61136,8.86591,2.6,342.0
419000007,2025-06-10T18:45:00Z,76.61023,8.86932,2.6,342.0
419000007,2025-06-10T18:50:00Z,76.60909,8.87273,2.6,342.0
419000007,2025-06-10T18:55:00Z,76.60795,8.87614,2.6,342.0
419000007,2025-06-10T19:00:00Z,76.60682,8.87955,2.6,342.0
419000007,2025-06-10T19:05:00Z,76.60568,8.88295,2.6,342.0
419000007,2025-06-10T19:10:00Z,76.60455,8.88636,2.6,342.0
419000007,2025-06-10T19:15:00Z,76.60341,8.88977,2.6,342.0
419000007,2025-06-10T19:20:00Z,76.60227,8.89318,2.6,342.0
419000007,2025-06-10T19:25:00Z,76.60114,8.89659,2.6,342.0
419000007,2025-06-10T19:30:00Z,76.6,8.9,2.6,342.0
419000007,2025-06-10T19:35:00Z,76.59886,8.90341,2.6,342.0
419000007,2025-06-10T19:40:00Z,76.59773,8.90682,2.6,342.0
419000007,2025-06-10T19:45:00Z,76.59659,8.91023,2.6,342.0
419000007,2025-06-10T19:50:00Z,76.59545,8.91364,2.6,342.0
419000007,2025-06-10T19:55:00Z,76.59432,8.91705,2.6,342.0
419000007,2025-06-10T20:00:00Z,76.59318,8.92045,2.6,342.0
419000007,2025-06-10T20:05:00Z,76.59205,8.92386,2.6,342.0
419000007,2025-06-10T20:10:00Z,76.59091,8.92727,2.6,342.0
419000007,2025-06-10T20:15:00Z,76.58977,8.93068,2.6,342.0
419000007,2025-06-10T20:20:00Z,76.58864,8.93409,2.6,342.0
419000007,2025-06-10T20:25:00Z,76.5875,8.9375,2.6,342.0
419000007,2025-06-10T20:30:00Z,76.58636,8.94091,2.6,342.0
419000007,2025-06-10T20:35:00Z,76.58523,8.94432,2.6,342.0
419000007,2025-06-10T20:40:00Z,76.58409,8.94773,2.6,342.0
419000007,2025-06-10T20:45:00Z,76.58295,8.95114,2.6,342.0
419000007,2025-06-10T20:50:00Z,76.58182,8.95455,2.6,342.0
419000007,2025-06-10T20:55:00Z,76.58068,8.95795,2.6,342.0
419000007,2025-06-10T21:00:00Z,76.57955,8.96136,2.6,342.0
419000007,2025-06-10T21:05:00Z,76.57841,8.96477,2.6,342.0
419000007,2025-06-10T21:10:00Z,76.57727,8.96818,2.6,342.0
419000007,2025-06-10T21:15:00Z,76.57614,8.97159,2.6,342.0
419000007,2025-06-10T21:20:00Z,76.575,8.975,2.6,342.0
419000007,2025-06-10T21:25:00Z,76.57386,8.97841,2.6,342.0
419000007,2025-06-10T21:30:00Z,76.57273,8.98182,2.6,342.0
419000007,2025-06-10T21:35:00Z,76.57159,8.98523,2.6,342.0
419000007,2025-06-10T21:40:00Z,76.57045,8.98864,2.6,342.0
419000007,2025-06-10T21:45:00Z,76.56932,8.99205,2.6,342.0
419000007,2025-06-10T21:50:00Z,76.56818,8.99545,2.6,342.0
419000007,2025-06-10T21:55:00Z,76.56705,8.99886,2.6,342.0
419000007,2025-06-10T22:00:00Z,76.56591,9.00227,2.6,342.0
419000007,2025-06-10T22:05:00Z,76.56477,9.00568,2.6,342.0
419000007,2025-06-10T22:10:00Z,76.56364,9.00909,2.6,342.0
419000007,2025-06-10T22:15:00Z,76.5625,9.0125,2.6,342.0
419000007,2025-06-10T22:20:00Z,76.56136,9.01591,2.6,342.0
419000007,2025-06-10T22:25:00Z,76.56023,9.01932,2.6,342.0
419000007,2025-06-10T22:30:00Z,76.55909,9.02273,2.6,342.0
419000007,2025-06-10T22:35:00Z,76.55795,9.02614,2.6,342.0
419000007,2025-06-10T22:40:00Z,76.55682,9.02955,2.6,342.0
419000007,2025-06-10T22:45:00Z,76.55568,9.03295,2.6,342.0
419000007,2025-06-10T22:50:00Z,76.55455,9.03636,2.6,342.0
419000007,2025-06-10T22:55:00Z,76.55341,9.03977,2.6,342.0
419000007,2025-06-10T23:00:00Z,76.55227,9.04318,2.6,342.0
419000007,2025-06-10T23:05:00Z,76.55114,9.04659,2.6,342.0
419000007,2025-06-10T23:10:00Z,76.55,9.05,2.6,342.0
419000007,2025-06-10T23:15:00Z,76.54886,9.05341,2.6,342.0
419000007,2025-06-10T23:20:00Z,76.54773,9.05682,2.6,342.0
419000007,2025-06-10T23:25:00Z,76.54659,9.06023,2.6,342.0
419000007,2025-06-10T23:30:00Z,76.54545,9.06364,2.6,342.0
419000007,2025-06-10T23:35:00Z,76.54432,9.06705,2.6,342.0
419000007,2025-06-10T23:40:00Z,76.54318,9.07045,2.6,342.0
419000007,2025-06-10T23:45:00Z,76.54205,9.07386,2.6,342.0
419000007,2025-06-10T23:50:00Z,76.54091,9.07727,2.6,342.0
419000007,2025-06-10T23:55:00Z,76.53977,9.08068,2.6,342.0
419000007,2025-06-11T00:00:00Z,76.53864,9.08409,2.6,342.0
419000007,2025-06-11T00:05:00Z,76.5375,9.0875,2.6,342.0
419000007,2025-06-11T00:10:00Z,76.53636,9.09091,2.6,342.0
419000007,2025-06-11T00:15:00Z,76.53523,9.09432,2.6,342.0
419000007,2025-06-11T00:20:00Z,76.53409,9.09773,2.6,342.0
419000007,2025-06-11T00:25:00Z,76.53295,9.10114,2.6,342.0
419000007,2025-06-11T00:30:00Z,76.53182,9.10455,2.6,342.0
419000007,2025-06-11T00:35:00Z,76.53068,9.10795,2.6,342.0
419000007,2025-06-11T00:40:00Z,76.52955,9.11136,2.6,342.0
419000007,2025-06-11T00:45:00Z,76.52841,9.11477,2.6,342.0
419000007,2025-06-11T00:50:00Z,76.52727,9.11818,2.6,342.0
419000007,2025-06-11T00:55:00Z,76.52614,9.12159,2.6,342.0
419000007,2025-06-11T01:00:00Z,76.525,9.125,2.6,342.0
419000007,2025-06-11T01:05:00Z,76.52386,9.12841,2.6,342.0
419000007,2025-06-11T01:10:00Z,76.52273,9.13182,2.6,342.0
419000007,2025-06-11T01:15:00Z,76.52159,9.13523,2.6,342.0
419000007,2025-06-11T01:20:00Z,76.52045,9.13864,2.6,342.0
419000007,2025-06-11T01:25:00Z,76.51932,9.14205,2.6,342.0
419000007,2025-06-11T01:30:00Z,76.51818,9.14545,2.6,342.0
419000007,2025-06-11T01:35:00Z,76.51705,9.14886,2.6,342.0
419000007,2025-06-11T01:40:00Z,76.51591,9.15227,2.6,342.0
419000007,2025-06-11T01:45:00Z,76.51477,9.15568,2.6,342.0
419000007,2025-06-11T01:50:00Z,76.51364,9.15909,2.6,342.0
419000007,2025-06-11T01:55:00Z,76.5125,9.1625,2.6,342.0
419000007,2025-06-11T02:00:00Z,76.51136,9.16591,2.6,342.0
419000007,2025-06-11T02:05:00Z,76.51023,9.16932,2.6,342.0
419000007,2025-06-11T02:10:00Z,76.50909,9.17273,2.6,342.0
419000007,2025-06-11T02:15:00Z,76.50795,9.17614,2.6,342.0
419000007,2025-06-11T02:20:00Z,76.50682,9.17955,2.6,342.0
419000007,2025-06-11T02:25:00Z,76.50568,9.18295,2.6,342.0
419000007,2025-06-11T02:30:00Z,76.50455,9.18636,2.6,342.0
419000007,2025-06-11T02:35:00Z,76.50341,9.18977,2.6,342.0
419000007,2025-06-11T02:40:00Z,76.50227,9.19318,2.6,342.0
419000007,2025-06-11T02:45:00Z,76.50114,9.19659,2.6,342.0
419000007,2025-06-11T02:50:00Z,76.5,9.2,2.6,342.0
419000007,2025-06-11T02:55:00Z,76.49886,9.20341,2.6,342.0
419000007,2025-06-11T03:00:00Z,76.49773,9.20682,2.6,342.0
419000007,2025-06-11T03:05:00Z,76.49659,9.21023,2.6,342.0
419000007,2025-06-11T03:10:00Z,76.49545,9.21364,2.6,342.0
419000007,2025-06-11T03:15:00Z,76.49432,9.21705,2.6,342.0
419000007,2025-06-11T03:20:00Z,76.49318,9.22045,2.6,342.0
419000007,2025-06-11T03:25:00Z,76.49205,9.22386,2.6,342.0
419000007,2025-06-11T03:30:00Z,76.49091,9.22727,2.6,342.0
419000007,2025-06-11T03:35:00Z,76.48977,9.23068,2.6,342.0
419000007,2025-06-11T03:40:00Z,76.48864,9.23409,2.6,342.0
419000007,2025-06-11T03:45:00Z,76.4875,9.2375,2.6,342.0
419000007,2025-06-11T03:50:00Z,76.48636,9.24091,2.6,342.0
419000007,2025-06-11T03:55:00Z,76.48523,9.24432,2.6,342.0
419000007,2025-06-11T04:00:00Z,76.48409,9.24773,2.6,342.0
419000007,2025-06-11T04:05:00Z,76.48295,9.25114,2.6,342.0
419000007,2025-06-11T04:10:00Z,76.48182,9.25455,2.6,342.0
419000007,2025-06-11T04:15:00Z,76.48068,9.25795,2.6,342.0
419000007,2025-06-11T04:20:00Z,76.47955,9.26136,2.6,342.0
419000007,2025-06-11T04:25:00Z,76.47841,9.26477,2.6,342.0
419000007,2025-06-11T04:30:00Z,76.47727,9.26818,2.6,342.0
419000007,2025-06-11T04:35:00Z,76.47614,9.27159,2.6,342.0
419000007,2025-06-11T04:40:00Z,76.475,9.275,2.6,342.0
419000007,2025-06-11T04:45:00Z,76.47386,9.27841,2.6,342.0
419000007,2025-06-11T04:50:00Z,76.47273,9.28182,2.6,342.0
419000007,2025-06-11T04:55:00Z,76.47159,9.28523,2.6,342.0
419000007,2025-06-11T05:00:00Z,76.47045,9.28864,2.6,342.0
419000007,2025-06-11T05:05:00Z,76.46932,9.29205,2.6,342.0
419000007,2025-06-11T05:10:00Z,76.46818,9.29545,2.6,342.0
419000007,2025-06-11T05:15:00Z,76.46705,9.29886,2.6,342.0
419000007,2025-06-11T05:20:00Z,76.46591,9.30227,2.6,342.0
419000007,2025-06-11T05:25:00Z,76.46477,9.30568,2.6,342.0
419000007,2025-06-11T05:30:00Z,76.46364,9.30909,2.6,342.0
419000007,2025-06-11T05:35:00Z,76.4625,9.3125,2.6,342.0
419000007,2025-06-11T05:40:00Z,76.46136,9.31591,2.6,342.0
419000007,2025-06-11T05:45:00Z,76.46023,9.31932,2.6,342.0
419000007,2025-06-11T05:50:00Z,76.45909,9.32273,2.6,342.0
419000007,2025-06-11T05:55:00Z,76.45795,9.32614,2.6,342.0
419000007,2025-06-11T06:00:00Z,76.45682,9.32955,2.6,342.0
419000007,2025-06-11T06:05:00Z,76.45568,9.33295,2.6,342.0
419000007,2025-06-11T06:10:00Z,76.45455,9.33636,2.6,342.0
419000007,2025-06-11T06:15:00Z,76.45341,9.33977,2.6,342.0
419000007,2025-06-11T06:20:00Z,76.45227,9.34318,2.6,342.0
419000007,2025-06-11T06:25:00Z,76.45114,9.34659,2.6,342.0
419000007,2025-06-11T06:30:00Z,76.45,9.35,2.6,342.0
419000007,2025-06-11T06:35:00Z,76.44826,9.35625,4.6,345.0
419000007,2025-06-11T06:40:00Z,76.44653,9.3625,4.6,345.0
419000007,2025-06-11T06:45:00Z,76.44479,9.36875,4.6,345.0
419000007,2025-06-11T06:50:00Z,76.44306,9.375,4.6,345.0
419000007,2025-06-11T06:55:00Z,76.44132,9.38125,4.6,345.0
419000007,2025-06-11T07:00:00Z,76.43958,9.3875,4.6,345.0
419000007,2025-06-11T07:05:00Z,76.43785,9.39375,4.6,345.0
419000007,2025-06-11T07:10:00Z,76.43611,9.4,4.6,345.0
419000007,2025-06-11T07:15:00Z,76.43438,9.40625,4.6,345.0
419000007,2025-06-11T07:20:00Z,76.43264,9.4125,4.6,345.0
419000007,2025-06-11T07:25:00Z,76.4309,9.41875,4.6,345.0
419000007,2025-06-11T07:30:00Z,76.42917,9.425,4.6,345.0
419000007,2025-06-11T07:35:00Z,76.42743,9.43125,4.6,345.0
419000007,2025-06-11T07:40:00Z,76.42569,9.4375,4.6,345.0
419000007,2025-06-11T07:45:00Z,76.42396,9.44375,4.6,345.0
419000007,2025-06-11T07:50:00Z,76.42222,9.45,4.6,345.0
419000007,2025-06-11T07:55:00Z,76.42049,9.45625,4.6,345.0
419000007,2025-06-11T08:00:00Z,76.41875,9.4625,4.6,345.0
419000007,2025-06-11T08:05:00Z,76.41701,9.46875,4.6,345.0
419000007,2025-06-11T08:10:00Z,76.41528,9.475,4.6,345.0
419000007,2025-06-11T08:15:00Z,76.41354,9.48125,4.6,345.0
419000007,2025-06-11T08:20:00Z,76.41181,9.4875,4.6,345.0
419000007,2025-06-11T08:25:00Z,76.41007,9.49375,4.6,345.0
419000007,2025-06-11T08:30:00Z,76.40833,9.5,4.6,345.0
419000007,2025-06-11T08:35:00Z,76.4066,9.50625,4.6,345.0
419000007,2025-06-11T08:40:00Z,76.40486,9.5125,4.6,345.0
419000007,2025-06-11T08:45:00Z,76.40312,9.51875,4.6,345.0
419000007,2025-06-11T08:50:00Z,76.40139,9.525,4.6,345.0
419000007,2025-06-11T08:55:00Z,76.39965,9.53125,4.6,345.0
419000007,2025-06-11T09:00:00Z,76.39792,9.5375,4.6,345.0
419000007,2025-06-11T09:05:00Z,76.39618,9.54375,4.6,345.0
419000007,2025-06-11T09:10:00Z,76.39444,9.55,4.6,345.0
419000007,2025-06-11T09:15:00Z,76.39271,9.55625,4.6,345.0
419000007,2025-06-11T09:20:00Z,76.39097,9.5625,4.6,345.0
419000007,2025-06-11T09:25:00Z,76.38924,9.56875,4.6,345.0
419000007,2025-06-11T09:30:00Z,76.3875,9.575,4.6,345.0
419000007,2025-06-11T09:35:00Z,76.38576,9.58125,4.6,345.0
419000007,2025-06-11T09:40:00Z,76.38403,9.5875,4.6,345.0
419000007,2025-06-11T09:45:00Z,76.38229,9.59375,4.6,345.0
419000007,2025-06-11T09:50:00Z,76.38056,9.6,4.6,345.0
419000007,2025-06-11T09:55:00Z,76.37882,9.60625,4.6,345.0
419000007,2025-06-11T10:00:00Z,76.37708,9.6125,4.6,345.0
419000007,2025-06-11T10:05:00Z,76.37535,9.61875,4.6,345.0
419000007,2025-06-11T10:10:00Z,76.37361,9.625,4.6,345.0
419000007,2025-06-11T10:15:00Z,76.37188,9.63125,4.6,345.0
419000007,2025-06-11T10:20:00Z,76.37014,9.6375,4.6,345.0
419000007,2025-06-11T10:25:00Z,76.3684,9.64375,4.6,345.0
419000007,2025-06-11T10:30:00Z,76.36667,9.65,4.6,345.0
419000007,2025-06-11T10:35:00Z,76.36493,9.65625,4.6,345.0
419000007,2025-06-11T10:40:00Z,76.36319,9.6625,4.6,345.0
419000007,2025-06-11T10:45:00Z,76.36146,9.66875,4.6,345.0
419000007,2025-06-11T10:50:00Z,76.35972,9.675,4.6,345.0
419000007,2025-06-11T10:55:00Z,76.35799,9.68125,4.6,345.0
419000007,2025-06-11T11:00:00Z,76.35625,9.6875,4.6,345.0
419000007,2025-06-11T11:05:00Z,76.35451,9.69375,4.6,345.0
419000007,2025-06-11T11:10:00Z,76.35278,9.7,4.6,345.0
419000007,2025-06-11T11:15:00Z,76.35104,9.70625,4.6,345.0
419000007,2025-06-11T11:20:00Z,76.34931,9.7125,4.6,345.0
419000007,2025-06-11T11:25:00Z,76.34757,9.71875,4.6,345.0
419000007,2025-06-11T11:30:00Z,76.34583,9.725,4.6,345.0
419000007,2025-06-11T11:35:00Z,76.3441,9.73125,4.6,345.0
419000007,2025-06-11T11:40:00Z,76.34236,9.7375,4.6,345.0
419000007,2025-06-11T11:45:00Z,76.34062,9.74375,4.6,345.0
419000007,2025-06-11T11:50:00Z,76.33889,9.75,4.6,345.0
419000007,2025-06-11T11:55:00Z,76.33715,9.75625,4.6,345.0
419000007,2025-06-11T12:00:00Z,76.33542,9.7625,4.6,345.0
419000007,2025-06-11T12:05:00Z,76.33368,9.76875,4.6,345.0
419000007,2025-06-11T12:10:00Z,76.33194,9.775,4.6,345.0
419000007,2025-06-11T12:15:00Z,76.33021,9.78125,4.6,345.0
419000007,2025-06-11T12:20:00Z,76.32847,9.7875,4.6,345.0
419000007,2025-06-11T12:25:00Z,76.32674,9.79375,4.6,345.0
419000007,2025-06-11T12:30:00Z,76.325,9.8,4.6,345.0
419000007,2025-06-11T12:35:00Z,76.32326,9.80625,4.6,345.0
419000007,2025-06-11T12:40:00Z,76.32153,9.8125,4.6,345.0
419000007,2025-06-11T12:45:00Z,76.31979,9.81875,4.6,345.0
419000007,2025-06-11T12:50:00Z,76.31806,9.825,4.6,345.0
419000007,2025-06-11T12:55:00Z,76.31632,9.83125,4.6,345.0
419000007,2025-06-11T13:00:00Z,76.31458,9.8375,4.6,345.0
419000007,2025-06-11T13:05:00Z,76.31285,9.84375,4.6,345.0
419000007,2025-06-11T13:10:00Z,76.31111,9.85,4.6,345.0
419000007,2025-06-11T13:15:00Z,76.30938,9.85625,4.6,345.0
419000007,2025-06-11T13:20:00Z,76.30764,9.8625,4.6,345.0
419000007,2025-06-11T13:25:00Z,76.3059,9.86875,4.6,345.0
419000007,2025-06-11T13:30:00Z,76.30417,9.875,4.6,345.0
419000007,2025-06-11T13:35:00Z,76.30243,9.88125,4.6,345.0
419000007,2025-06-11T13:40:00Z,76.30069,9.8875,4.6,345.0
419000007,2025-06-11T13:45:00Z,76.29896,9.89375,4.6,345.0
419000007,2025-06-11T13:50:00Z,76.29722,9.9,4.6,345.0
419000007,2025-06-11T13:55:00Z,76.29549,9.90625,4.6,345.0
419000007,2025-06-11T14:00:00Z,76.29375,9.9125,4.6,345.0
419000007,2025-06-11T14:05:00Z,76.29201,9.91875,4.6,345.0
419000007,2025-06-11T14:10:00Z,76.29028,9.925,4.6,345.0
419000007,2025-06-11T14:15:00Z,76.28854,9.93125,4.6,345.0
419000007,2025-06-11T14:20:00Z,76.28681,9.9375,4.6,345.0
419000007,2025-06-11T14:25:00Z,76.28507,9.94375,4.6,345.0
419000007,2025-06-11T14:30:00Z,76.28333,9.95,4.6,345.0
419000007,2025-06-11T14:35:00Z,76.2816,9.95625,4.6,345.0
419000007,2025-06-11T14:40:00Z,76.27986,9.9625,4.6,345.0
419000007,2025-06-11T14:45:00Z,76.27812,9.96875,4.6,345.0
419000007,2025-06-11T14:50:00Z,76.27639,9.975,4.6,345.0
419000007,2025-06-11T14:55:00Z,76.27465,9.98125,4.6,345.0
419000007,2025-06-11T15:00:00Z,76.27292,9.9875,4.6,345.0
419000007,2025-06-11T15:05:00Z,76.27118,9.99375,4.6,345.0
419000007,2025-06-11T15:10:00Z,76.26944,10.0,4.6,345.0
419000007,2025-06-11T15:15:00Z,76.26771,10.00625,4.6,345.0
419000007,2025-06-11T15:20:00Z,76.26597,10.0125,4.6,345.0
419000007,2025-06-11T15:25:00Z,76.26424,10.01875,4.6,345.0
419000007,2025-06-11T15:30:00Z,76.2625,10.025,4.6,345.0
419000007,2025-06-11T15:35:00Z,76.26076,10.03125,4.6,345.0
419000007,2025-06-11T15:40:00Z,76.25903,10.0375,4.6,345.0
419000007,2025-06-11T15:45:00Z,76.25729,10.04375,4.6,345.0
419000007,2025-06-11T15:50:00Z,76.25556,10.05,4.6,345.0
419000007,2025-06-11T15:55:00Z,76.25382,10.05625,4.6,345.0
419000007,2025-06-11T16:00:00Z,76.25208,10.0625,4.6,345.0
419000007,2025-06-11T16:05:00Z,76.25035,10.06875,4.6,345.0
419000007,2025-06-11T16:10:00Z,76.24861,10.075,4.6,345.0
419000007,2025-06-11T16:15:00Z,76.24688,10.08125,4.6,345.0
419000007,2025-06-11T16:20:00Z,76.24514,10.0875,4.6,345.0
419000007,2025-06-11T16:25:00Z,76.2434,10.09375,4.6,345.0
419000007,2025-06-11T16:30:00Z,76.24167,10.1,4.6,345.0
419000007,2025-06-11T16:35:00Z,76.23993,10.10625,4.6,345.0
419000007,2025-06-11T16:40:00Z,76.23819,10.1125,4.6,345.0
419000007,2025-06-11T16:45:00Z,76.23646,10.11875,4.6,345.0
419000007,2025-06-11T16:50:00Z,76.23472,10.125,4.6,345.0
419000007,2025-06-11T16:55:00Z,76.23299,10.13125,4.6,345.0
419000007,2025-06-11T17:00:00Z,76.23125,10.1375,4.6,345.0
419000007,2025-06-11T17:05:00Z,76.22951,10.14375,4.6,345.0
419000007,2025-06-11T17:10:00Z,76.22778,10.15,4.6,345.0
419000007,2025-06-11T17:15:00Z,76.22604,10.15625,4.6,345.0
419000007,2025-06-11T17:20:00Z,76.22431,10.1625,4.6,345.0
419000007,2025-06-11T17:25:00Z,76.22257,10.16875,4.6,345.0
419000007,2025-06-11T17:30:00Z,76.22083,10.175,4.6,345.0
419000007,2025-06-11T17:35:00Z,76.2191,10.18125,4.6,345.0
419000007,2025-06-11T17:40:00Z,76.21736,10.1875,4.6,345.0
419000007,2025-06-11T17:45:00Z,76.21562,10.19375,4.6,345.0
419000007,2025-06-11T17:50:00Z,76.21389,10.2,4.6,345.0
419000007,2025-06-11T17:55:00Z,76.21215,10.20625,4.6,345.0
419000007,2025-06-11T18:00:00Z,76.21042,10.2125,4.6,345.0
419000007,2025-06-11T18:05:00Z,76.20868,10.21875,4.6,345.0
419000007,2025-06-11T18:10:00Z,76.20694,10.225,4.6,345.0
419000007,2025-06-11T18:15:00Z,76.20521,10.23125,4.6,345.0
419000007,2025-06-11T18:20:00Z,76.20347,10.2375,4.6,345.0
419000007,2025-06-11T18:25:00Z,76.20174,10.24375,4.6,345.0
419000007,2025-06-11T18:30:00Z,76.2,10.25,4.6,345.0
419000008,2025-06-11T00:30:00Z,76.35,9.05,2.9,0.0
419000008,2025-06-11T00:35:00Z,76.35435,9.05081,3.6,79.0
419000008,2025-06-11T00:40:00Z,76.35722,9.05416,3.3,41.0
419000008,2025-06-11T00:45:00Z,76.35946,9.05796,3.0,30.0
419000008,2025-06-11T00:50:00Z,76.35686,9.06152,2.6,324.0
419000008,2025-06-11T00:55:00Z,76.35394,9.06483,3.1,319.0
419000008,2025-06-11T01:00:00Z,76.34982,9.06643,2.9,291.0
419000008,2025-06-11T01:05:00Z,76.34679,9.06964,2.7,317.0
419000008,2025-06-11T01:10:00Z,76.34559,9.07388,3.3,344.0
419000008,2025-06-11T01:15:00Z,76.3474,9.07789,3.4,24.0
419000008,2025-06-11T01:20:00Z,76.35059,9.08094,3.5,46.0
419000008,2025-06-11T01:25:00Z,76.35371,9.08408,3.2,45.0
419000008,2025-06-11T01:30:00Z,76.35785,9.08564,3.1,69.0
419000008,2025-06-11T01:35:00Z,76.36194,9.08396,3.6,112.0
419000008,2025-06-11T01:40:00Z,76.36636,9.08368,3.5,94.0
419000008,2025-06-11T01:45:00Z,76.37049,9.08209,4.1,111.0
419000008,2025-06-11T01:50:00Z,76.37465,9.08059,3.4,110.0
419000008,2025-06-11T01:55:00Z,76.37679,9.07673,2.8,151.0
419000008,2025-06-11T02:00:00Z,76.38031,9.07407,3.5,127.0
419000008,2025-06-11T02:05:00Z,76.3842,9.07196,4.1,118.0
419000008,2025-06-11T02:10:00Z,76.38765,9.0692,3.3,129.0
419000008,2025-06-11T02:15:00Z,76.3907,9.06601,3.1,136.0
419000008,2025-06-11T02:20:00Z,76.39513,9.06606,2.9,89.0
419000008,2025-06-11T02:25:00Z,76.3995,9.06532,3.9,100.0
419000008,2025-06-11T02:30:00Z,76.4039,9.06483,3.1,96.0
419000008,2025-06-11T02:35:00Z,76.40832,9.06488,3.1,89.0
419000008,2025-06-11T02:40:00Z,76.41273,9.06526,3.3,85.0
419000008,2025-06-11T02:45:00Z,76.41716,9.06517,2.6,91.0
419000008,2025-06-11T02:50:00Z,76.41996,9.06858,3.1,39.0
419000008,2025-06-11T02:55:00Z,76.42436,9.06906,2.7,84.0
419000008,2025-06-11T03:00:00Z,76.42816,9.07133,3.1,59.0
419000008,2025-06-11T03:05:00Z,76.42776,9.07571,3.4,355.0
419000008,2025-06-11T03:10:00Z,76.42718,9.08008,3.5,352.0
419000008,2025-06-11T03:15:00Z,76.42967,9.08372,3.0,34.0
419000008,2025-06-11T03:20:00Z,76.43113,9.08787,3.5,19.0
419000008,2025-06-11T03:25:00Z,76.43511,9.08981,3.0,64.0
419000008,2025-06-11T03:30:00Z,76.43931,9.08842,2.5,108.0
419000008,2025-06-11T03:35:00Z,76.44371,9.08891,3.4,84.0
419000008,2025-06-11T03:40:00Z,76.44471,9.0932,3.1,13.0
419000008,2025-06-11T03:45:00Z,76.44303,9.09727,3.2,338.0
419000008,2025-06-11T03:50:00Z,76.44393,9.10158,2.1,12.0
419000008,2025-06-11T03:55:00Z,76.44303,9.10589,3.3,348.0
419000008,2025-06-11T04:00:00Z,76.4394,9.10842,3.3,305.0
419000008,2025-06-11T04:05:00Z,76.43498,9.10816,3.3,267.0
419000008,2025-06-11T04:10:00Z,76.43056,9.10791,3.6,267.0
419000008,2025-06-11T04:15:00Z,76.42614,9.1076,3.0,266.0
419000008,2025-06-11T04:20:00Z,76.42201,9.10917,4.0,291.0
419000008,2025-06-11T04:25:00Z,76.41912,9.11251,3.5,319.0
419000008,2025-06-11T04:30:00Z,76.41503,9.1142,3.4,292.0
419000008,2025-06-11T04:35:00Z,76.41082,9.11556,2.2,288.0
419000008,2025-06-11T04:40:00Z,76.40653,9.11447,2.4,256.0
419000008,2025-06-11T04:45:00Z,76.4022,9.11353,3.8,258.0
419000008,2025-06-11T04:50:00Z,76.39909,9.1104,3.3,225.0
419000008,2025-06-11T04:55:00Z,76.3983,9.10606,3.6,190.0
419000008,2025-06-11T05:00:00Z,76.39411,9.10464,3.0,251.0
419000008,2025-06-11T05:05:00Z,76.38989,9.10328,3.1,252.0
419000008,2025-06-11T05:10:00Z,76.38546,9.10332,3.4,270.0
419000008,2025-06-11T05:15:00Z,76.38418,9.10754,2.9,343.0
419000008,2025-06-11T05:20:00Z,76.38462,9.11192,3.7,6.0
419000008,2025-06-11T05:25:00Z,76.38481,9.11631,2.8,2.0
419000008,2025-06-11T05:30:00Z,76.38512,9.12071,3.3,4.0
419000008,2025-06-11T05:35:00Z,76.3838,9.12491,3.1,343.0
419000008,2025-06-11T05:40:00Z,76.38488,9.12918,3.3,14.0
419000008,2025-06-11T05:45:00Z,76.38523,9.13357,3.7,5.0
419000008,2025-06-11T05:50:00Z,76.38886,9.13609,2.8,55.0
419000008,2025-06-11T05:55:00Z,76.392,9.13919,3.4,45.0
419000008,2025-06-11T06:00:00Z,76.39454,9.1428,3.3,35.0
419000008,2025-06-11T06:05:00Z,76.39628,9.14685,3.5,23.0
419000008,2025-06-11T06:10:00Z,76.39918,9.15017,3.2,41.0
419000008,2025-06-11T06:15:00Z,76.40238,9.15321,3.0,46.0
419000008,2025-06-11T06:20:00Z,76.4068,9.15355,3.4,86.0
419000008,2025-06-11T06:25:00Z,76.41096,9.15507,3.7,70.0
419000008,2025-06-11T06:30:00Z,76.41529,9.15598,3.5,78.0
419000008,2025-06-11T06:35:00Z,76.4185,9.15295,3.3,133.0
419000008,2025-06-11T06:40:00Z,76.42205,9.15031,3.4,127.0
419000008,2025-06-11T06:45:00Z,76.42478,9.14685,2.6,142.0
419000008,2025-06-11T06:50:00Z,76.42424,9.14248,3.0,187.0
419000008,2025-06-11T06:55:00Z,76.42252,9.13842,3.1,203.0
419000008,2025-06-11T07:00:00Z,76.42216,9.13403,3.0,185.0
419000008,2025-06-11T07:05:00Z,76.42576,9.13147,2.9,125.0
419000008,2025-06-11T07:10:00Z,76.42468,9.1272,3.2,194.0
419000008,2025-06-11T07:15:00Z,76.4227,9.12326,3.4,207.0
419000008,2025-06-11T07:20:00Z,76.41877,9.12124,4.0,243.0
419000008,2025-06-11T07:25:00Z,76.41543,9.11834,2.9,229.0
419000008,2025-06-11T07:30:00Z,76.41109,9.11919,2.9,281.0
419000008,2025-06-11T07:35:00Z,76.4071,9.12111,3.6,296.0
419000008,2025-06-11T07:40:00Z,76.40317,9.12313,3.3,297.0
419000008,2025-06-11T07:45:00Z,76.39874,9.12325,2.9,272.0
419000008,2025-06-11T07:50:00Z,76.39441,9.12417,3.8,282.0
419000008,2025-06-11T07:55:00Z,76.38998,9.12403,3.1,268.0
419000008,2025-06-11T08:00:00Z,76.3856,9.12339,3.1,262.0
419000008,2025-06-11T08:05:00Z,76.38305,9.1198,3.0,215.0
419000008,2025-06-11T08:10:00Z,76.38144,9.11569,2.8,201.0
419000008,2025-06-11T08:15:00Z,76.37952,9.11173,3.3,206.0
419000008,2025-06-11T08:20:00Z,76.38029,9.1074,2.8,170.0
419000008,2025-06-11T08:25:00Z,76.3809,9.10304,4.2,172.0
419000008,2025-06-11T08:30:00Z,76.38005,9.09871,3.3,191.0
419000008,2025-06-11T08:35:00Z,76.37987,9.09432,3.1,182.0
419000008,2025-06-11T08:40:00Z,76.38106,9.09007,2.9,164.0
419000008,2025-06-11T08:45:00Z,76.38349,9.08639,3.3,147.0
419000008,2025-06-11T08:50:00Z,76.38397,9.08202,3.6,174.0
419000008,2025-06-11T08:55:00Z,76.38738,9.0792,3.3,130.0
419000008,2025-06-11T09:00:00Z,76.39117,9.07693,2.7,121.0
419000008,2025-06-11T09:05:00Z,76.39535,9.07549,3.1,109.0
419000008,2025-06-11T09:10:00Z,76.39942,9.07375,2.5,113.0
419000008,2025-06-11T09:15:00Z,76.40355,9.07215,3.8,111.0
419000008,2025-06-11T09:20:00Z,76.4079,9.07295,3.5,80.0
419000008,2025-06-11T09:25:00Z,76.41087,9.06969,3.3,138.0
419000008,2025-06-11T09:30:00Z,76.41353,9.06617,3.3,143.0
419000008,2025-06-11T09:35:00Z,76.41781,9.06506,3.0,105.0
419000008,2025-06-11T09:40:00Z,76.42216,9.06589,3.1,79.0
419000008,2025-06-11T09:45:00Z,76.42654,9.06652,3.6,82.0
419000008,2025-06-11T09:50:00Z,76.43091,9.06579,3.2,99.0
419000008,2025-06-11T09:55:00Z,76.43478,9.06793,3.4,61.0
419000008,2025-06-11T10:00:00Z,76.43916,9.06859,3.3,81.0
419000008,2025-06-11T10:05:00Z,76.44213,9.07186,3.3,42.0
419000008,2025-06-11T10:10:00Z,76.44359,9.07602,3.3,19.0
419000008,2025-06-11T10:15:00Z,76.44664,9.0792,3.6,44.0
419000008,2025-06-11T10:20:00Z,76.45107,9.07902,3.1,92.0
419000008,2025-06-11T10:25:00Z,76.4555,9.07902,3.5,90.0
419000008,2025-06-11T10:30:00Z,76.45987,9.0797,2.9,81.0
419000008,2025-06-11T10:35:00Z,76.4638,9.07767,3.0,117.0
419000008,2025-06-11T10:40:00Z,76.46822,9.07792,2.9,87.0
419000008,2025-06-11T10:45:00Z,76.47263,9.07756,3.5,95.0
419000008,2025-06-11T10:50:00Z,76.47698,9.07669,3.1,101.0
419000008,2025-06-11T10:55:00Z,76.48035,9.07384,3.7,130.0
419000008,2025-06-11T11:00:00Z,76.48327,9.07053,2.8,139.0
419000008,2025-06-11T11:05:00Z,76.4866,9.06763,3.4,131.0
419000008,2025-06-11T11:10:00Z,76.48889,9.06386,2.7,149.0
419000008,2025-06-11T11:15:00Z,76.49285,9.06189,3.7,116.0
419000008,2025-06-11T11:20:00Z,76.4957,9.05853,2.9,140.0
419000008,2025-06-11T11:25:00Z,76.49952,9.05628,3.4,120.0
419000008,2025-06-11T11:30:00Z,76.50393,9.05594,2.9,94.0
419000008,2025-06-11T11:35:00Z,76.50833,9.0564,2.9,84.0
419000008,2025-06-11T11:40:00Z,76.51275,9.05676,3.3,85.0
419000008,2025-06-11T11:45:00Z,76.51701,9.05557,2.5,106.0
419000008,2025-06-11T11:50:00Z,76.52138,9.05484,2.7,100.0
419000008,2025-06-11T11:55:00Z,76.52518,9.05259,3.8,121.0
419000008,2025-06-11T12:00:00Z,76.52749,9.04884,2.9,148.0
419000008,2025-06-11T12:05:00Z,76.53,9.04521,3.5,145.0
419000008,2025-06-11T12:10:00Z,76.53393,9.04318,2.9,117.0
419000008,2025-06-11T12:15:00Z,76.53654,9.03963,2.5,144.0
419000008,2025-06-11T12:20:00Z,76.53864,9.03575,3.0,152.0
419000008,2025-06-11T12:25:00Z,76.54307,9.03567,3.5,91.0
419000008,2025-06-11T12:30:00Z,76.54701,9.03768,3.2,63.0
419000008,2025-06-11T12:35:00Z,76.55108,9.03941,3.1,67.0
419000008,2025-06-11T12:40:00Z,76.55313,9.04332,3.5,28.0
419000008,2025-06-11T12:45:00Z,76.55375,9.04767,2.9,8.0
419000008,2025-06-11T12:50:00Z,76.55084,9.051,3.5,319.0
419000008,2025-06-11T12:55:00Z,76.54866,9.05483,3.3,330.0
419000008,2025-06-11T13:00:00Z,76.54696,9.05889,2.8,337.0
419000008,2025-06-11T13:05:00Z,76.54563,9.06309,3.6,342.0
419000008,2025-06-11T13:10:00Z,76.54742,9.06711,3.6,24.0
419000008,2025-06-11T13:15:00Z,76.54848,9.07139,3.1,14.0
419000008,2025-06-11T13:20:00Z,76.54891,9.07577,3.2,6.0
419000008,2025-06-11T13:25:00Z,76.55287,9.07774,3.1,64.0
419000008,2025-06-11T13:30:00Z,76.55482,9.08169,2.7,26.0
419000008,2025-06-11T13:35:00Z,76.55806,9.08469,3.5,47.0
419000008,2025-06-11T13:40:00Z,76.55878,9.08904,2.8,9.0
419000008,2025-06-11T13:45:00Z,76.56001,9.09327,3.4,16.0
419000008,2025-06-11T13:50:00Z,76.56432,9.09428,3.0,77.0
419000008,2025-06-11T13:55:00Z,76.56873,9.0947,2.8,85.0
419000008,2025-06-11T14:00:00Z,76.56487,9.09686,3.4,299.0
419000008,2025-06-11T14:05:00Z,76.56057,9.09791,3.3,284.0
419000008,2025-06-11T14:10:00Z,76.55618,9.09852,3.9,278.0
419000008,2025-06-11T14:15:00Z,76.55194,9.09978,3.2,287.0
419000008,2025-06-11T14:20:00Z,76.54783,9.09815,3.3,248.0
419000008,2025-06-11T14:25:00Z,76.54347,9.09893,3.2,280.0
419000008,2025-06-11T14:30:00Z,76.54103,9.1026,3.1,326.0
419000008,2025-06-11T14:35:00Z,76.54013,9.10691,3.7,348.0
419000008,2025-06-11T14:40:00Z,76.53995,9.11131,3.8,358.0
419000008,2025-06-11T14:45:00Z,76.53945,9.11568,3.5,353.0
419000008,2025-06-11T14:50:00Z,76.54088,9.11985,2.8,19.0
419000008,2025-06-11T14:55:00Z,76.53668,9.12125,3.4,289.0
419000008,2025-06-11T15:00:00Z,76.5324,9.12239,3.2,285.0
419000008,2025-06-11T15:05:00Z,76.52831,9.12407,3.0,292.0
419000008,2025-06-11T15:10:00Z,76.52466,9.12157,2.6,236.0
419000008,2025-06-11T15:15:00Z,76.52056,9.1199,3.5,248.0
419000008,2025-06-11T15:20:00Z,76.51658,9.11798,3.7,244.0
419000008,2025-06-11T15:25:00Z,76.51263,9.11598,3.3,243.0
419000008,2025-06-11T15:30:00Z,76.50859,9.11419,3.4,246.0
419000008,2025-06-11T15:35:00Z,76.5042,9.11361,3.9,262.0
419000008,2025-06-11T15:40:00Z,76.49979,9.11404,4.0,276.0
419000008,2025-06-11T15:45:00Z,76.49575,9.11223,3.3,246.0
419000008,2025-06-11T15:50:00Z,76.49182,9.1102,2.1,243.0
419000008,2025-06-11T15:55:00Z,76.48809,9.10782,3.5,237.0
419000008,2025-06-11T16:00:00Z,76.48432,9.10551,3.3,239.0
419000008,2025-06-11T16:05:00Z,76.48139,9.10221,3.5,222.0
419000008,2025-06-11T16:10:00Z,76.47725,9.10065,3.0,249.0
419000008,2025-06-11T16:15:00Z,76.47301,9.10191,2.8,287.0
419000008,2025-06-11T16:20:00Z,76.47081,9.10573,3.4,330.0
419000008,2025-06-11T16:25:00Z,76.47266,9.10972,3.1,25.0
419000008,2025-06-11T16:30:00Z,76.47676,9.11141,3.2,68.0
419000008,2025-06-11T16:35:00Z,76.48036,9.11397,3.4,55.0
419000008,2025-06-11T16:40:00Z,76.48301,9.11749,3.2,37.0
419000008,2025-06-11T16:45:00Z,76.48491,9.12147,2.6,26.0
419000008,2025-06-11T16:50:00Z,76.48784,9.12477,3.4,42.0
419000008,2025-06-11T16:55:00Z,76.49054,9.12826,3.0,38.0
419000008,2025-06-11T17:00:00Z,76.49459,9.13004,3.1,66.0
419000008,2025-06-11T17:05:00Z,76.49866,9.1283,3.4,113.0
419000008,2025-06-11T17:10:00Z,76.503,9.12746,2.6,101.0
419000008,2025-06-11T17:15:00Z,76.50644,9.12468,3.1,129.0
419000008,2025-06-11T17:20:00Z,76.51036,9.12263,2.5,118.0
419000008,2025-06-11T17:25:00Z,76.51474,9.12328,3.0,82.0
419000008,2025-06-11T17:30:00Z,76.51788,9.12638,3.3,45.0
419000008,2025-06-11T17:35:00Z,76.52049,9.12994,3.1,36.0
419000008,2025-06-11T17:40:00Z,76.51909,9.13411,3.1,342.0
419000008,2025-06-11T17:45:00Z,76.51878,9.13851,3.4,356.0
419000008,2025-06-11T17:50:00Z,76.52158,9.14192,3.0,39.0
419000008,2025-06-11T17:55:00Z,76.52203,9.1463,2.5,6.0
419000008,2025-06-11T18:00:00Z,76.52175,9.15069,3.6,356.0
419000008,2025-06-11T18:05:00Z,76.52462,9.15404,3.2,41.0
419000008,2025-06-11T18:10:00Z,76.52804,9.15684,3.5,51.0
419000008,2025-06-11T18:15:00Z,76.53171,9.1593,3.0,56.0
419000008,2025-06-11T18:20:00Z,76.53503,9.16221,3.0,49.0
419000008,2025-06-11T18:25:00Z,76.53936,9.16315,2.9,78.0
419000008,2025-06-11T18:30:00Z,76.54378,9.16336,2.4,87.0
419000008,2025-06-11T18:35:00Z,76.54242,9.15917,3.0,198.0
419000008,2025-06-11T18:40:00Z,76.54622,9.1569,2.9,121.0
419000008,2025-06-11T18:45:00Z,76.54251,9.1545,3.8,237.0
419000008,2025-06-11T18:50:00Z,76.53813,9.15513,2.4,278.0
419000008,2025-06-11T18:55:00Z,76.53405,9.15685,3.2,293.0
419000008,2025-06-11T19:00:00Z,76.52974,9.15582,3.1,257.0
419000008,2025-06-11T19:05:00Z,76.52533,9.15542,3.1,265.0
419000008,2025-06-11T19:10:00Z,76.52146,9.15756,3.1,299.0
419000008,2025-06-11T19:15:00Z,76.51703,9.1578,3.2,273.0
419000008,2025-06-11T19:20:00Z,76.51269,9.15692,3.5,259.0
419000008,2025-06-11T19:25:00Z,76.50922,9.15966,2.5,308.0
419000008,2025-06-11T19:30:00Z,76.50488,9.15877,3.5,258.0
419000008,2025-06-11T19:35:00Z,76.50164,9.15578,3.0,227.0
419000008,2025-06-11T19:40:00Z,76.49732,9.15481,2.7,257.0
419000008,2025-06-11T19:45:00Z,76.49292,9.15427,2.4,263.0
419000008,2025-06-11T19:50:00Z,76.48952,9.15145,2.4,230.0
419000008,2025-06-11T19:55:00Z,76.48886,9.1471,3.1,189.0
419000008,2025-06-11T20:00:00Z,76.48722,9.14301,2.7,202.0
419000008,2025-06-11T20:05:00Z,76.48352,9.14059,2.7,237.0
419000008,2025-06-11T20:10:00Z,76.47915,9.13984,2.9,260.0
419000008,2025-06-11T20:15:00Z,76.47473,9.14,3.1,272.0
419000008,2025-06-11T20:20:00Z,76.47159,9.14311,2.9,315.0
419000008,2025-06-11T20:25:00Z,76.46898,9.14666,2.7,324.0
419000008,2025-06-11T20:30:00Z,76.46514,9.14886,2.9,300.0
419000008,2025-06-11T20:35:00Z,76.465,9.15326,3.0,358.0
419000008,2025-06-11T20:40:00Z,76.46232,9.15677,2.7,323.0
419000008,2025-06-11T20:45:00Z,76.45941,9.16009,3.5,319.0
419000008,2025-06-11T20:50:00Z,76.45638,9.1633,3.6,317.0
419000008,2025-06-11T20:55:00Z,76.45622,9.1677,3.6,358.0
419000008,2025-06-11T21:00:00Z,76.45442,9.17172,3.0,336.0
419000008,2025-06-11T21:05:00Z,76.45207,9.17545,3.0,328.0
419000008,2025-06-11T21:10:00Z,76.44768,9.176,2.8,277.0
419000008,2025-06-11T21:15:00Z,76.44343,9.17726,3.7,287.0
419000008,2025-06-11T21:20:00Z,76.43958,9.17943,2.9,299.0
419000008,2025-06-11T21:25:00Z,76.43662,9.18271,4.0,318.0
419000008,2025-06-11T21:30:00Z,76.4325,9.18432,2.3,291.0
419000008,2025-06-11T21:35:00Z,76.4286,9.18641,3.2,298.0
419000008,2025-06-11T21:40:00Z,76.42418,9.18665,3.3,273.0
419000008,2025-06-11T21:45:00Z,76.41983,9.18583,3.1,259.0
419000008,2025-06-11T21:50:00Z,76.41551,9.18484,3.4,257.0
419000008,2025-06-11T21:55:00Z,76.41147,9.18663,3.9,294.0
419000008,2025-06-11T22:00:00Z,76.40713,9.18751,3.1,281.0
419000008,2025-06-11T22:05:00Z,76.40288,9.18875,3.5,286.0
419000008,2025-06-11T22:10:00Z,76.39849,9.18815,3.0,262.0
419000008,2025-06-11T22:15:00Z,76.39445,9.18634,2.6,246.0
419000008,2025-06-11T22:20:00Z,76.39129,9.18326,2.7,226.0
419000008,2025-06-11T22:25:00Z,76.38839,9.17993,3.5,221.0
419000008,2025-06-11T22:30:00Z,76.38446,9.17791,3.3,243.0
419000008,2025-06-11T22:35:00Z,76.38219,9.17413,2.6,211.0
419000008,2025-06-11T22:40:00Z,76.37873,9.17138,3.3,231.0
419000008,2025-06-11T22:45:00Z,76.37694,9.16735,3.4,204.0
419000008,2025-06-11T22:50:00Z,76.37452,9.16366,3.3,213.0
419000008,2025-06-11T22:55:00Z,76.37322,9.15946,3.6,197.0
419000008,2025-06-11T23:00:00Z,76.37259,9.1551,2.6,188.0
419000008,2025-06-11T23:05:00Z,76.37285,9.1507,2.8,177.0
419000008,2025-06-11T23:10:00Z,76.37079,9.14681,2.7,208.0
419000008,2025-06-11T23:15:00Z,76.36827,9.14319,3.2,215.0
419000008,2025-06-11T23:20:00Z,76.36426,9.14132,3.7,245.0
419000008,2025-06-11T23:25:00Z,76.36068,9.13873,3.0,234.0
419000008,2025-06-11T23:30:00Z,76.35747,9.1357,3.3,227.0
419000008,2025-06-11T23:35:00Z,76.35304,9.13586,3.5,272.0
419000008,2025-06-11T23:40:00Z,76.34995,9.13271,3.0,224.0
419000008,2025-06-11T23:45:00Z,76.34855,9.12853,3.5,199.0
419000008,2025-06-11T23:50:00Z,76.34758,9.12423,3.1,193.0
419000008,2025-06-11T23:55:00Z,76.34359,9.12232,3.9,244.0
419000008,2025-06-12T00:00:00Z,76.3404,9.11926,3.7,226.0
419000008,2025-06-12T00:05:00Z,76.3363,9.11762,3.0,248.0
419000008,2025-06-12T00:10:00Z,76.33221,9.11932,2.9,293.0
419000008,2025-06-12T00:15:00Z,76.32794,9.12048,3.9,285.0
419000008,2025-06-12T00:20:00Z,76.32357,9.12121,2.8,280.0
419000008,2025-06-12T00:25:00Z,76.32114,9.12489,3.6,327.0
419000008,2025-06-12T00:30:00Z,76.31776,9.12773,3.0,310.0
419000008,2025-06-12T00:35:00Z,76.31339,9.12843,2.7,279.0
419000008,2025-06-12T00:40:00Z,76.30964,9.13078,3.9,302.0
419000008,2025-06-12T00:45:00Z,76.3054,9.13205,3.3,287.0
419000008,2025-06-12T00:50:00Z,76.30274,9.13557,2.8,323.0
419000008,2025-06-12T00:55:00Z,76.30108,9.13965,3.1,338.0
419000008,2025-06-12T01:00:00Z,76.29684,9.14093,2.9,287.0
419000008,2025-06-12T01:05:00Z,76.2928,9.14273,2.8,294.0
419000008,2025-06-12T01:10:00Z,76.28874,9.1445,3.1,294.0
419000008,2025-06-12T01:15:00Z,76.28433,9.14481,3.6,274.0
419000008,2025-06-12T01:20:00Z,76.28069,9.14733,2.6,305.0
419000008,2025-06-12T01:25:00Z,76.27645,9.14607,3.4,253.0
419000008,2025-06-12T01:30:00Z,76.2738,9.14254,2.6,217.0
419000008,2025-06-12T01:35:00Z,76.27216,9.13845,3.1,202.0
419000008,2025-06-12T01:40:00Z,76.2691,9.13527,2.6,224.0
419000008,2025-06-12T01:45:00Z,76.2692,9.13087,2.6,179.0
419000008,2025-06-12T01:50:00Z,76.27074,9.12674,2.9,160.0
419000008,2025-06-12T01:55:00Z,76.27369,9.12345,3.6,138.0
419000008,2025-06-12T02:00:00Z,76.27811,9.12314,3.5,94.0
419000008,2025-06-12T02:05:00Z,76.28249,9.12375,3.1,82.0
419000008,2025-06-12T02:10:00Z,76.28579,9.12669,3.0,48.0
419000008,2025-06-12T02:15:00Z,76.28827,9.13033,3.2,34.0
419000008,2025-06-12T02:20:00Z,76.29119,9.13365,4.3,41.0
419000008,2025-06-12T02:25:00Z,76.29225,9.13792,3.3,14.0
419000008,2025-06-12T02:30:00Z,76.29131,9.14222,3.1,348.0
419000008,2025-06-12T02:35:00Z,76.28836,9.1455,3.0,318.0
419000008,2025-06-12T02:40:00Z,76.28427,9.14719,3.0,292.0
419000008,2025-06-12T02:45:00Z,76.28021,9.14542,3.4,246.0
419000008,2025-06-12T02:50:00Z,76.27792,9.14165,3.4,211.0
419000008,2025-06-12T02:55:00Z,76.27548,9.13798,2.2,214.0
419000008,2025-06-12T03:00:00Z,76.27495,9.13361,4.0,187.0
419000008,2025-06-12T03:05:00Z,76.27058,9.13434,3.3,279.0
419000008,2025-06-12T03:10:00Z,76.26631,9.13319,3.1,255.0
419000008,2025-06-12T03:15:00Z,76.26189,9.13295,4.2,267.0
419000008,2025-06-12T03:20:00Z,76.2589,9.12969,2.5,223.0
419000008,2025-06-12T03:25:00Z,76.25646,9.12602,2.7,214.0
419000008,2025-06-12T03:30:00Z,76.25521,9.1218,3.6,197.0
419000008,2025-06-12T03:35:00Z,76.25421,9.11751,3.2,193.0
419000008,2025-06-12T03:40:00Z,76.25082,9.11468,3.5,230.0
419000008,2025-06-12T03:45:00Z,76.24774,9.11152,3.6,224.0
419000008,2025-06-12T03:50:00Z,76.2471,9.10716,3.9,188.0
419000008,2025-06-12T03:55:00Z,76.24628,9.10284,3.4,191.0
419000008,2025-06-12T04:00:00Z,76.24765,9.09865,2.9,162.0
419000008,2025-06-12T04:05:00Z,76.24934,9.09458,2.5,157.0
419000008,2025-06-12T04:10:00Z,76.24764,9.09052,3.2,203.0
419000008,2025-06-12T04:15:00Z,76.24429,9.08765,2.4,229.0
419000008,2025-06-12T04:20:00Z,76.23993,9.08687,3.2,260.0
419000008,2025-06-12T04:25:00Z,76.23552,9.08723,2.8,275.0
419000008,2025-06-12T04:30:00Z,76.2311,9.08753,3.3,274.0
419000008,2025-06-12T04:35:00Z,76.22774,9.08465,3.4,229.0
419000008,2025-06-12T04:40:00Z,76.22518,9.08106,3.1,215.0
419000008,2025-06-12T04:45:00Z,76.22368,9.07692,2.6,200.0
419000008,2025-06-12T04:50:00Z,76.22088,9.07351,3.2,219.0
419000008,2025-06-12T04:55:00Z,76.21678,9.07184,2.9,248.0
419000008,2025-06-12T05:00:00Z,76.2124,9.07118,3.3,261.0
419000008,2025-06-12T05:05:00Z,76.20863,9.06888,3.0,239.0
419000008,2025-06-12T05:10:00Z,76.20451,9.0705,4.1,291.0
419000008,2025-06-12T05:15:00Z,76.20244,9.07439,2.9,332.0
419000008,2025-06-12T05:20:00Z,76.19997,9.07804,2.4,326.0
419000008,2025-06-12T05:25:00Z,76.19786,9.08191,2.8,331.0
419000008,2025-06-12T05:30:00Z,76.19709,9.08625,3.2,350.0
419000008,2025-06-12T05:35:00Z,76.19654,9.09062,4.3,353.0
419000008,2025-06-12T05:40:00Z,76.19578,9.09495,3.7,350.0
419000008,2025-06-12T05:45:00Z,76.19611,9.09934,2.9,4.0
419000008,2025-06-12T05:50:00Z,76.19646,9.10373,3.2,5.0
419000008,2025-06-12T05:55:00Z,76.19726,9.10806,2.7,10.0
419000008,2025-06-12T06:00:00Z,76.19468,9.11164,2.6,324.0
419000008,2025-06-12T06:05:00Z,76.19029,9.11226,3.5,278.0
419000008,2025-06-12T06:10:00Z,76.18795,9.116,3.3,328.0
419000008,2025-06-12T06:15:00Z,76.18367,9.1171,2.8,284.0
419000008,2025-06-12T06:20:00Z,76.17977,9.1192,2.9,298.0
419000008,2025-06-12T06:25:00Z,76.17626,9.12188,3.3,307.0
419000008,2025-06-12T06:30:00Z,76.17308,9.12494,3.4,314.0
419000009,2025-06-10T10:30:00Z,75.68,10.55,9.2,0.0
419000009,2025-06-10T10:35:00Z,75.6822,10.53735,9.2,170.0
419000009,2025-06-10T10:40:00Z,75.68439,10.5247,9.2,170.0
419000009,2025-06-10T10:45:00Z,75.68659,10.51205,9.2,170.0
419000009,2025-06-10T10:50:00Z,75.68878,10.4994,9.2,170.0
419000009,2025-06-10T10:55:00Z,75.69098,10.48675,9.2,170.0
419000009,2025-06-10T11:00:00Z,75.69317,10.4741,9.2,170.0
419000009,2025-06-10T11:05:00Z,75.69537,10.46145,9.2,170.0
419000009,2025-06-10T11:10:00Z,75.69756,10.4488,9.2,170.0
419000009,2025-06-10T11:15:00Z,75.69976,10.43615,9.2,170.0
419000009,2025-06-10T11:20:00Z,75.70195,10.42349,9.2,170.0
419000009,2025-06-10T11:25:00Z,75.70415,10.41084,9.2,170.0
419000009,2025-06-10T11:30:00Z,75.70635,10.39819,9.2,170.0
419000009,2025-06-10T11:35:00Z,75.70854,10.38554,9.2,170.0
419000009,2025-06-10T11:40:00Z,75.71074,10.37289,9.2,170.0
419000009,2025-06-10T11:45:00Z,75.71293,10.36024,9.2,170.0
419000009,2025-06-10T11:50:00Z,75.71513,10.34759,9.2,170.0
419000009,2025-06-10T11:55:00Z,75.71732,10.33494,9.2,170.0
419000009,2025-06-10T12:00:00Z,75.71952,10.32229,9.2,170.0
419000009,2025-06-10T12:05:00Z,75.72171,10.30964,9.2,170.0
419000009,2025-06-10T12:10:00Z,75.72391,10.29699,9.2,170.0
419000009,2025-06-10T12:15:00Z,75.7261,10.28434,9.2,170.0
419000009,2025-06-10T12:20:00Z,75.7283,10.27169,9.2,170.0
419000009,2025-06-10T12:25:00Z,75.73049,10.25904,9.2,170.0
419000009,2025-06-10T12:30:00Z,75.73269,10.24639,9.2,170.0
419000009,2025-06-10T12:35:00Z,75.73489,10.23374,9.2,170.0
419000009,2025-06-10T12:40:00Z,75.73708,10.22109,9.2,170.0
419000009,2025-06-10T12:45:00Z,75.73928,10.20844,9.2,170.0
419000009,2025-06-10T12:50:00Z,75.74147,10.19579,9.2,170.0
419000009,2025-06-10T12:55:00Z,75.74367,10.18313,9.2,170.0
419000009,2025-06-10T13:00:00Z,75.74586,10.17048,9.2,170.0
419000009,2025-06-10T13:05:00Z,75.74806,10.15783,9.2,170.0
419000009,2025-06-10T13:10:00Z,75.75025,10.14518,9.2,170.0
419000009,2025-06-10T13:15:00Z,75.75245,10.13253,9.2,170.0
419000009,2025-06-10T13:20:00Z,75.75464,10.11988,9.2,170.0
419000009,2025-06-10T13:25:00Z,75.75684,10.10723,9.2,170.0
419000009,2025-06-10T13:30:00Z,75.75904,10.09458,9.2,170.0
419000009,2025-06-10T13:35:00Z,75.76123,10.08193,9.2,170.0
419000009,2025-06-10T13:40:00Z,75.76343,10.06928,9.2,170.0
419000009,2025-06-10T13:45:00Z,75.76562,10.05663,9.2,170.0
419000009,2025-06-10T13:50:00Z,75.76782,10.04398,9.2,170.0
419000009,2025-06-10T13:55:00Z,75.77001,10.03133,9.2,170.0
419000009,2025-06-10T14:00:00Z,75.77221,10.01868,9.2,170.0
419000009,2025-06-10T14:05:00Z,75.7744,10.00603,9.2,170.0
419000009,2025-06-10T14:10:00Z,75.7766,9.99338,9.2,170.0
419000009,2025-06-10T14:15:00Z,75.77879,9.98073,9.2,170.0
419000009,2025-06-10T14:20:00Z,75.78099,9.96808,9.2,170.0
419000009,2025-06-10T14:25:00Z,75.78319,9.95543,9.2,170.0
419000009,2025-06-10T14:30:00Z,75.78538,9.94278,9.2,170.0
419000009,2025-06-10T14:35:00Z,75.78758,9.93012,9.2,170.0
419000009,2025-06-10T14:40:00Z,75.78977,9.91747,9.2,170.0
419000009,2025-06-10T14:45:00Z,75.79197,9.90482,9.2,170.0
419000009,2025-06-10T14:50:00Z,75.79416,9.89217,9.2,170.0
419000009,2025-06-10T14:55:00Z,75.79636,9.87952,9.2,170.0
419000009,2025-06-10T15:00:00Z,75.79855,9.86687,9.2,170.0
419000009,2025-06-10T15:05:00Z,75.80075,9.85422,9.2,170.0
419000009,2025-06-10T15:10:00Z,75.80294,9.84157,9.2,170.0
419000009,2025-06-10T15:15:00Z,75.80514,9.82892,9.2,170.0
419000009,2025-06-10T15:20:00Z,75.80734,9.81627,9.2,170.0
419000009,2025-06-10T15:25:00Z,75.80953,9.80362,9.2,170.0
419000009,2025-06-10T15:30:00Z,75.81173,9.79097,9.2,170.0
419000009,2025-06-10T15:35:00Z,75.81392,9.77832,9.2,170.0
419000009,2025-06-10T15:40:00Z,75.81612,9.76567,9.2,170.0
419000009,2025-06-10T15:45:00Z,75.81831,9.75302,9.2,170.0
419000009,2025-06-10T15:50:00Z,75.82051,9.74037,9.2,170.0
419000009,2025-06-10T15:55:00Z,75.8227,9.72772,9.2,170.0
419000009,2025-06-10T16:00:00Z,75.8249,9.71507,9.2,170.0
419000009,2025-06-10T16:05:00Z,75.82709,9.70242,9.2,170.0
419000009,2025-06-10T16:10:00Z,75.82929,9.68976,9.2,170.0
419000009,2025-06-10T16:15:00Z,75.83148,9.67711,9.2,170.0
419000009,2025-06-10T16:20:00Z,75.83368,9.66446,9.2,170.0
419000009,2025-06-10T16:25:00Z,75.83588,9.65181,9.2,170.0
419000009,2025-06-10T16:30:00Z,75.83807,9.63916,9.2,170.0
419000009,2025-06-10T16:35:00Z,75.84027,9.62651,9.2,170.0
419000009,2025-06-10T16:40:00Z,75.84246,9.61386,9.2,170.0
419000009,2025-06-10T16:45:00Z,75.84466,9.60121,9.2,170.0
419000009,2025-06-10T16:50:00Z,75.84685,9.58856,9.2,170.0
419000009,2025-06-10T16:55:00Z,75.84905,9.57591,9.2,170.0
419000009,2025-06-10T17:00:00Z,75.85124,9.56326,9.2,170.0
419000009,2025-06-10T17:05:00Z,75.85344,9.55061,9.2,170.0
419000009,2025-06-10T17:10:00Z,75.85563,9.53796,9.2,170.0
419000009,2025-06-10T17:15:00Z,75.85783,9.52531,9.2,170.0
419000009,2025-06-10T17:20:00Z,75.86003,9.51266,9.2,170.0
419000009,2025-06-10T17:25:00Z,75.86222,9.50001,9.2,170.0
419000009,2025-06-10T17:30:00Z,75.87048,9.48736,10.8,147.0
419000009,2025-06-10T17:35:00Z,75.87875,9.47471,10.8,147.0
419000009,2025-06-10T17:40:00Z,75.88702,9.46206,10.8,147.0
419000009,2025-06-10T17:45:00Z,75.89528,9.4494,10.8,147.0
419000009,2025-06-10T17:50:00Z,75.90355,9.43675,10.8,147.0
419000009,2025-06-10T17:55:00Z,75.91182,9.4241,10.8,147.0
419000009,2025-06-10T18:00:00Z,75.92008,9.41145,10.8,147.0
419000009,2025-06-10T18:05:00Z,75.92835,9.3988,10.8,147.0
419000009,2025-06-10T18:10:00Z,75.93661,9.38615,10.8,147.0
419000009,2025-06-10T18:15:00Z,75.94488,9.3735,10.8,147.0
419000009,2025-06-10T18:20:00Z,75.95315,9.36085,10.8,147.0
419000009,2025-06-10T18:25:00Z,75.96141,9.3482,10.8,147.0
419000009,2025-06-10T18:30:00Z,75.96968,9.33555,10.8,147.0
419000009,2025-06-10T18:35:00Z,75.97795,9.3229,10.8,147.0
419000009,2025-06-10T18:40:00Z,75.98621,9.31025,10.8,147.0
419000009,2025-06-10T18:45:00Z,75.99448,9.2976,10.8,147.0
419000009,2025-06-10T18:50:00Z,76.00275,9.28495,10.8,147.0
419000009,2025-06-10T18:55:00Z,76.01101,9.2723,10.8,147.0
419000009,2025-06-10T19:00:00Z,76.01928,9.25965,10.8,147.0
419000009,2025-06-10T19:05:00Z,76.02754,9.247,10.8,147.0
419000009,2025-06-10T19:10:00Z,76.03581,9.23435,10.8,147.0
419000009,2025-06-10T19:15:00Z,76.04408,9.2217,10.8,147.0
419000009,2025-06-10T19:20:00Z,76.05234,9.20905,10.8,147.0
419000009,2025-06-10T19:25:00Z,76.06061,9.19639,10.8,147.0
419000009,2025-06-10T19:30:00Z,76.06888,9.18374,10.8,147.0
419000009,2025-06-10T19:35:00Z,76.07714,9.17109,10.8,147.0
419000009,2025-06-10T19:40:00Z,76.08541,9.15844,10.8,147.0
419000009,2025-06-10T19:45:00Z,76.09368,9.14579,10.8,147.0
419000009,2025-06-10T19:50:00Z,76.10194,9.13314,10.8,147.0
419000009,2025-06-10T19:55:00Z,76.11021,9.12049,10.8,147.0
419000009,2025-06-10T20:00:00Z,76.11847,9.10784,10.8,147.0
419000009,2025-06-10T20:05:00Z,76.12674,9.09519,10.8,147.0
419000009,2025-06-10T20:10:00Z,76.13501,9.08254,10.8,147.0
419000009,2025-06-10T20:15:00Z,76.14327,9.06989,10.8,147.0
419000009,2025-06-10T20:20:00Z,76.15154,9.05724,10.8,147.0
419000009,2025-06-10T20:25:00Z,76.15981,9.04459,10.8,147.0
419000009,2025-06-10T20:30:00Z,76.16807,9.03194,10.8,147.0
419000009,2025-06-10T20:35:00Z,76.17634,9.01929,10.8,147.0
419000009,2025-06-10T20:40:00Z,76.18461,9.00664,10.8,147.0
419000009,2025-06-10T20:45:00Z,76.19287,8.99399,10.8,147.0
419000009,2025-06-10T20:50:00Z,76.20114,8.98134,10.8,147.0
419000009,2025-06-10T20:55:00Z,76.2094,8.96869,10.8,147.0
419000009,2025-06-10T21:00:00Z,76.21767,8.95603,10.8,147.0
419000009,2025-06-10T21:05:00Z,76.22594,8.94338,10.8,147.0
419000009,2025-06-10T21:10:00Z,76.2342,8.93073,10.8,147.0
419000009,2025-06-10T21:15:00Z,76.24247,8.91808,10.8,147.0
419000009,2025-06-10T21:20:00Z,76.25074,8.90543,10.8,147.0
419000009,2025-06-10T21:25:00Z,76.259,8.89278,10.8,147.0
419000009,2025-06-10T21:30:00Z,76.26727,8.88013,10.8,147.0
419000009,2025-06-10T21:35:00Z,76.27553,8.86748,10.8,147.0
419000009,2025-06-10T21:40:00Z,76.2838,8.85483,10.8,147.0
419000009,2025-06-10T21:45:00Z,76.29207,8.84218,10.8,147.0
419000009,2025-06-10T21:50:00Z,76.30033,8.82953,10.8,147.0
419000009,2025-06-10T21:55:00Z,76.3086,8.81688,10.8,147.0
419000009,2025-06-10T22:00:00Z,76.31687,8.80423,10.8,147.0
419000009,2025-06-10T22:05:00Z,76.32513,8.79158,10.8,147.0
419000009,2025-06-10T22:10:00Z,76.3334,8.77893,10.8,147.0
419000009,2025-06-10T22:15:00Z,76.34167,8.76628,10.8,147.0
419000009,2025-06-10T22:20:00Z,76.34993,8.75363,10.8,147.0
419000009,2025-06-10T22:25:00Z,76.3582,8.74098,10.8,147.0
419000009,2025-06-10T22:30:00Z,76.36646,8.72833,10.8,147.0
419000009,2025-06-10T22:35:00Z,76.37473,8.71567,10.8,147.0
419000009,2025-06-10T22:40:00Z,76.383,8.70302,10.8,147.0
419000009,2025-06-10T22:45:00Z,76.39126,8.69037,10.8,147.0
419000009,2025-06-10T22:50:00Z,76.39953,8.67772,10.8,147.0
419000009,2025-06-10T22:55:00Z,76.4078,8.66507,10.8,147.0
419000009,2025-06-10T23:00:00Z,76.41606,8.65242,10.8,147.0
419000009,2025-06-10T23:05:00Z,76.42433,8.63977,10.8,147.0
419000009,2025-06-10T23:10:00Z,76.4326,8.62712,10.8,147.0
419000009,2025-06-10T23:15:00Z,76.44086,8.61447,10.8,147.0
419000009,2025-06-10T23:20:00Z,76.44913,8.60182,10.8,147.0
419000009,2025-06-10T23:25:00Z,76.45739,8.58917,10.8,147.0
419000009,2025-06-10T23:30:00Z,76.46566,8.57652,10.8,147.0
419000009,2025-06-10T23:35:00Z,76.47393,8.56387,10.8,147.0
419000009,2025-06-10T23:40:00Z,76.48219,8.55122,10.8,147.0
419000009,2025-06-10T23:45:00Z,76.49046,8.53857,10.8,147.0
419000009,2025-06-10T23:50:00Z,76.49873,8.52592,10.8,147.0
419000009,2025-06-10T23:55:00Z,76.50699,8.51327,10.8,147.0
419000009,2025-06-11T00:00:00Z,76.51526,8.50062,10.8,147.0
419000009,2025-06-11T00:05:00Z,76.52353,8.48797,10.8,147.0
419000009,2025-06-11T00:10:00Z,76.53179,8.47532,10.8,147.0
419000009,2025-06-11T00:15:00Z,76.54006,8.46266,10.8,147.0
419000009,2025-06-11T00:20:00Z,76.54832,8.45001,10.8,147.0
419000010,2025-06-10T20:30:00Z,76.1,9.55,4.2,0.0
419000010,2025-06-10T20:35:00Z,76.0963,9.55494,3.9,323.0
419000010,2025-06-10T20:40:00Z,76.09098,9.55811,3.6,301.0
419000010,2025-06-10T20:45:00Z,76.08614,9.56196,4.1,308.0
419000010,2025-06-10T20:50:00Z,76.08085,9.56518,4.4,301.0
419000010,2025-06-10T20:55:00Z,76.07578,9.56872,4.8,305.0
419000010,2025-06-10T21:00:00Z,76.07261,9.57402,3.0,329.0
419000010,2025-06-10T21:05:00Z,76.07195,9.58014,4.4,354.0
419000010,2025-06-10T21:10:00Z,76.07276,9.58625,4.0,8.0
419000010,2025-06-10T21:15:00Z,76.07217,9.59238,4.7,355.0
419000010,2025-06-10T21:20:00Z,76.06935,9.59786,4.2,333.0
419000010,2025-06-10T21:25:00Z,76.06457,9.60179,4.5,309.0
419000010,2025-06-10T21:30:00Z,76.05918,9.60484,5.1,300.0
419000010,2025-06-10T21:35:00Z,76.05372,9.60776,4.5,298.0
419000010,2025-06-10T21:40:00Z,76.04752,9.60781,4.3,270.0
419000010,2025-06-10T21:45:00Z,76.04226,9.60454,4.8,238.0
419000010,2025-06-10T21:50:00Z,76.03656,9.6021,4.5,247.0
419000010,2025-06-10T21:55:00Z,76.0351,9.59612,4.3,194.0
419000010,2025-06-10T22:00:00Z,76.03418,9.59003,3.8,189.0
419000010,2025-06-10T22:05:00Z,76.03198,9.58427,4.3,201.0
419000010,2025-06-10T22:10:00Z,76.03278,9.57816,3.7,172.0
419000010,2025-06-10T22:15:00Z,76.03672,9.5734,4.5,140.0
419000010,2025-06-10T22:20:00Z,76.04215,9.57043,4.6,119.0
419000010,2025-06-10T22:25:00Z,76.04635,9.56589,4.4,137.0
419000010,2025-06-10T22:30:00Z,76.05083,9.56164,5.1,133.0
419000010,2025-06-10T22:35:00Z,76.05694,9.56269,4.0,80.0
419000010,2025-06-10T22:40:00Z,76.06269,9.565,4.6,68.0
419000010,2025-06-10T22:45:00Z,76.06885,9.56424,4.4,97.0
419000010,2025-06-10T22:50:00Z,76.07391,9.56069,3.9,125.0
419000010,2025-06-10T22:55:00Z,76.07762,9.55575,4.6,143.0
419000010,2025-06-10T23:00:00Z,76.08189,9.55128,4.7,136.0
419000010,2025-06-10T23:05:00Z,76.08806,9.55197,4.9,84.0
419000010,2025-06-10T23:10:00Z,76.09426,9.55213,4.3,88.0
419000010,2025-06-10T23:15:00Z,76.10042,9.55283,4.7,83.0
419000010,2025-06-10T23:20:00Z,76.10661,9.5533,4.1,86.0
419000010,2025-06-10T23:25:00Z,76.11137,9.54936,5.0,130.0
419000010,2025-06-10T23:30:00Z,76.11575,9.545,5.1,135.0
419000010,2025-06-10T23:35:00Z,76.11948,9.54008,4.5,143.0
419000010,2025-06-10T23:40:00Z,76.12157,9.53428,4.5,160.0
419000010,2025-06-10T23:45:00Z,76.12439,9.52879,4.0,153.0
419000010,2025-06-10T23:50:00Z,76.12885,9.52452,4.4,134.0
419000010,2025-06-10T23:55:00Z,76.13457,9.52213,4.3,113.0
419000010,2025-06-11T00:00:00Z,76.13897,9.51779,4.5,135.0
419000010,2025-06-11T00:05:00Z,76.14214,9.5125,3.9,149.0
419000010,2025-06-11T00:10:00Z,76.14651,9.50813,5.1,135.0
419000010,2025-06-11T00:15:00Z,76.14777,9.5021,4.5,168.0
419000010,2025-06-11T00:20:00Z,76.14847,9.49598,4.8,173.0
419000010,2025-06-11T00:25:00Z,76.15284,9.49161,4.6,135.0
419000010,2025-06-11T00:30:00Z,76.15571,9.48615,4.3,152.0
419000010,2025-06-11T00:35:00Z,76.15895,9.4809,5.2,148.0
419000010,2025-06-11T00:40:00Z,76.16476,9.47875,4.9,110.0
419000010,2025-06-11T00:45:00Z,76.16983,9.4752,3.8,125.0
419000010,2025-06-11T00:50:00Z,76.17543,9.47257,4.4,115.0
419000010,2025-06-11T00:55:00Z,76.18145,9.47107,4.3,104.0
419000010,2025-06-11T01:00:00Z,76.18676,9.4679,4.1,121.0
419000010,2025-06-11T01:05:00Z,76.19203,9.47115,5.3,58.0
419000010,2025-06-11T01:10:00Z,76.19431,9.47687,3.9,22.0
419000010,2025-06-11T01:15:00Z,76.19533,9.48295,5.0,9.0
419000010,2025-06-11T01:20:00Z,76.1971,9.48885,3.7,17.0
419000010,2025-06-11T01:25:00Z,76.19682,9.495,5.0,357.0
419000010,2025-06-11T01:30:00Z,76.19363,9.50028,4.2,329.0
419000010,2025-06-11T01:35:00Z,76.18819,9.50325,3.5,299.0
419000010,2025-06-11T01:40:00Z,76.18259,9.50589,4.5,295.0
419000010,2025-06-11T01:45:00Z,76.17819,9.51023,4.6,315.0
419000010,2025-06-11T01:50:00Z,76.172,9.51058,4.1,273.0
419000010,2025-06-11T01:55:00Z,76.16856,9.50545,4.8,214.0
419000010,2025-06-11T02:00:00Z,76.16593,9.49987,3.7,205.0
419000010,2025-06-11T02:05:00Z,76.16441,9.4939,4.9,194.0
419000010,2025-06-11T02:10:00Z,76.16568,9.48788,4.7,168.0
419000010,2025-06-11T02:15:00Z,76.16507,9.48175,5.1,186.0
419000010,2025-06-11T02:20:00Z,76.16209,9.47635,4.3,209.0
419000010,2025-06-11T02:25:00Z,76.16075,9.47033,4.8,193.0
419000010,2025-06-11T02:30:00Z,76.16046,9.46418,4.2,183.0
419000010,2025-06-11T02:35:00Z,76.15844,9.45836,4.7,199.0
419000010,2025-06-11T02:40:00Z,76.15771,9.45225,4.5,187.0
419000010,2025-06-11T02:45:00Z,76.16113,9.44711,4.7,146.0
419000010,2025-06-11T02:50:00Z,76.16473,9.44209,3.9,144.0
419000010,2025-06-11T02:55:00Z,76.17017,9.43913,4.6,119.0
419000010,2025-06-11T03:00:00Z,76.17505,9.43534,4.6,128.0
419000010,2025-06-11T03:05:00Z,76.18074,9.43289,5.0,113.0
419000010,2025-06-11T03:10:00Z,76.18663,9.43097,4.3,108.0
419000010,2025-06-11T03:15:00Z,76.19183,9.42762,4.3,123.0
419000010,2025-06-11T03:20:00Z,76.19723,9.4246,4.7,119.0
419000010,2025-06-11T03:25:00Z,76.20332,9.42339,4.6,101.0
419000010,2025-06-11T03:30:00Z,76.20923,9.42526,3.4,73.0
419000010,2025-06-11T03:35:00Z,76.2145,9.42202,4.3,122.0
419000010,2025-06-11T03:40:00Z,76.21728,9.41651,4.8,153.0
419000010,2025-06-11T03:45:00Z,76.22309,9.41437,4.3,110.0
419000010,2025-06-11T03:50:00Z,76.2292,9.41542,3.7,80.0
419000010,2025-06-11T03:55:00Z,76.23535,9.41468,4.3,97.0
419000010,2025-06-11T04:00:00Z,76.24146,9.41574,4.4,80.0
419000010,2025-06-11T04:05:00Z,76.24758,9.41675,4.0,81.0
419000010,2025-06-11T04:10:00Z,76.2536,9.41528,4.4,104.0
419000010,2025-06-11T04:15:00Z,76.25951,9.41343,4.0,107.0
419000010,2025-06-11T04:20:00Z,76.26553,9.41196,4.3,104.0
419000010,2025-06-11T04:25:00Z,76.27173,9.41193,4.4,90.0
419000010,2025-06-11T04:30:00Z,76.27793,9.41217,5.1,88.0
419000010,2025-06-11T04:35:00Z,76.27556,9.41787,4.6,337.0
419000010,2025-06-11T04:40:00Z,76.27643,9.42396,4.9,8.0
419000010,2025-06-11T04:45:00Z,76.27669,9.43012,4.5,2.0
419000010,2025-06-11T04:50:00Z,76.27966,9.43552,4.0,29.0
419000010,2025-06-11T04:55:00Z,76.28295,9.44074,4.0,32.0
419000010,2025-06-11T05:00:00Z,76.28182,9.4468,4.7,349.0
419000010,2025-06-11T05:05:00Z,76.28038,9.45279,3.8,346.0
419000010,2025-06-11T05:10:00Z,76.28198,9.45874,3.8,15.0
419000010,2025-06-11T05:15:00Z,76.28175,9.46489,4.8,358.0
419000010,2025-06-11T05:20:00Z,76.28435,9.47049,4.1,25.0
419000010,2025-06-11T05:25:00Z,76.28605,9.47641,4.0,16.0
419000010,2025-06-11T05:30:00Z,76.28783,9.48231,5.1,17.0
419000010,2025-06-11T05:35:00Z,76.28597,9.48818,4.1,342.0
419000010,2025-06-11T05:40:00Z,76.29011,9.49277,4.7,42.0
419000010,2025-06-11T05:45:00Z,76.29519,9.49631,4.4,55.0
419000010,2025-06-11T05:50:00Z,76.30135,9.49698,4.5,84.0
419000010,2025-06-11T05:55:00Z,76.30721,9.49901,4.4,71.0
419000010,2025-06-11T06:00:00Z,76.3102,9.5044,4.8,29.0
419000010,2025-06-11T06:05:00Z,76.31575,9.50714,5.0,64.0
419000010,2025-06-11T06:10:00Z,76.32,9.51163,4.0,43.0
419000010,2025-06-11T06:15:00Z,76.31384,9.51238,5.0,277.0
419000010,2025-06-11T06:20:00Z,76.31015,9.51733,4.3,323.0
419000010,2025-06-11T06:25:00Z,76.30493,9.52064,4.3,302.0
419000010,2025-06-11T06:30:00Z,76.29903,9.51875,4.7,252.0
419000010,2025-06-11T06:35:00Z,76.29283,9.51897,4.2,272.0
419000010,2025-06-11T06:40:00Z,76.28663,9.51898,4.0,270.0
419000010,2025-06-11T06:45:00Z,76.28042,9.51899,5.0,270.0
419000010,2025-06-11T06:50:00Z,76.27506,9.52208,4.2,300.0
419000010,2025-06-11T06:55:00Z,76.26888,9.52259,3.6,275.0
419000010,2025-06-11T07:00:00Z,76.26363,9.5193,3.1,238.0
419000010,2025-06-11T07:05:00Z,76.26109,9.51369,4.5,204.0
419000010,2025-06-11T07:10:00Z,76.2636,9.50806,4.3,156.0
419000010,2025-06-11T07:15:00Z,76.26961,9.50655,5.1,104.0
419000010,2025-06-11T07:20:00Z,76.27534,9.50891,3.9,68.0
419000010,2025-06-11T07:25:00Z,76.27929,9.51366,3.9,40.0
419000010,2025-06-11T07:30:00Z,76.28204,9.51918,4.4,27.0
419000010,2025-06-11T07:35:00Z,76.28114,9.52527,4.9,352.0
419000010,2025-06-11T07:40:00Z,76.27977,9.53128,5.0,347.0
419000010,2025-06-11T07:45:00Z,76.28066,9.53737,4.4,8.0
419000010,2025-06-11T07:50:00Z,76.28078,9.54353,4.2,1.0
419000010,2025-06-11T07:55:00Z,76.28206,9.54955,4.5,12.0
419000010,2025-06-11T08:00:00Z,76.2804,9.55549,5.0,344.0
419000010,2025-06-11T08:05:00Z,76.27946,9.56157,4.4,351.0
419000010,2025-06-11T08:10:00Z,76.27977,9.56773,4.2,3.0
419000010,2025-06-11T08:15:00Z,76.27788,9.57359,4.6,342.0
419000010,2025-06-11T08:20:00Z,76.2723,9.57629,4.5,296.0
419000010,2025-06-11T08:25:00Z,76.2664,9.57819,4.5,288.0
419000010,2025-06-11T08:30:00Z,76.2604,9.57973,5.2,284.0
419000010,2025-06-11T08:35:00Z,76.25656,9.58457,4.7,322.0
419000010,2025-06-11T08:40:00Z,76.25156,9.58822,4.5,306.0
419000010,2025-06-11T08:45:00Z,76.25036,9.59426,4.3,349.0
419000010,2025-06-11T08:50:00Z,76.2442,9.59491,4.3,276.0
419000010,2025-06-11T08:55:00Z,76.23804,9.59413,4.6,263.0
419000010,2025-06-11T09:00:00Z,76.23247,9.59142,4.7,244.0
419000010,2025-06-11T09:05:00Z,76.22786,9.58729,4.2,228.0
419000010,2025-06-11T09:10:00Z,76.22498,9.58184,4.2,208.0
419000010,2025-06-11T09:15:00Z,76.22275,9.5761,4.3,201.0
419000010,2025-06-11T09:20:00Z,76.21725,9.57323,4.0,242.0
419000010,2025-06-11T09:25:00Z,76.21233,9.56949,4.9,233.0
419000010,2025-06-11T09:30:00Z,76.2062,9.56852,4.1,261.0
419000010,2025-06-11T09:35:00Z,76.20028,9.56668,4.5,253.0
419000010,2025-06-11T09:40:00Z,76.19444,9.5646,4.8,250.0
419000010,2025-06-11T09:45:00Z,76.19473,9.55844,4.0,177.0
419000010,2025-06-11T09:50:00Z,76.19535,9.55232,4.1,174.0
419000010,2025-06-11T09:55:00Z,76.19472,9.54619,4.4,186.0
419000010,2025-06-11T10:00:00Z,76.19801,9.54097,4.6,148.0
419000010,2025-06-11T10:05:00Z,76.20309,9.53743,4.5,125.0
419000010,2025-06-11T10:10:00Z,76.20926,9.53687,4.4,95.0
419000010,2025-06-11T10:15:00Z,76.21241,9.53156,4.9,149.0
419000010,2025-06-11T10:20:00Z,76.21798,9.52886,4.2,116.0
419000010,2025-06-11T10:25:00Z,76.22418,9.52887,4.1,90.0
419000010,2025-06-11T10:30:00Z,76.22497,9.53498,4.7,7.0
419000010,2025-06-11T10:35:00Z,76.22072,9.53947,4.5,317.0
419000010,2025-06-11T10:40:00Z,76.21647,9.54395,4.8,317.0
419000010,2025-06-11T10:45:00Z,76.21029,9.54445,4.8,275.0
419000010,2025-06-11T10:50:00Z,76.20915,9.5384,4.0,191.0
419000010,2025-06-11T10:55:00Z,76.20955,9.53225,3.6,176.0
419000010,2025-06-11T11:00:00Z,76.21029,9.52614,4.6,173.0
419000010,2025-06-11T11:05:00Z,76.21088,9.52001,4.4,175.0
419000010,2025-06-11T11:10:00Z,76.21101,9.51385,4.5,179.0
419000010,2025-06-11T11:15:00Z,76.21358,9.50825,4.1,155.0
419000010,2025-06-11T11:20:00Z,76.20893,9.50417,4.7,229.0
419000010,2025-06-11T11:25:00Z,76.20616,9.49866,4.3,207.0
419000010,2025-06-11T11:30:00Z,76.20278,9.4935,4.6,213.0
419000010,2025-06-11T11:35:00Z,76.20377,9.48742,4.8,171.0
419000010,2025-06-11T11:40:00Z,76.20714,9.48224,4.5,147.0
419000010,2025-06-11T11:45:00Z,76.21328,9.48141,4.4,98.0
419000010,2025-06-11T11:50:00Z,76.21943,9.48059,4.1,98.0
419000010,2025-06-11T11:55:00Z,76.22554,9.48164,5.5,80.0
419000010,2025-06-11T12:00:00Z,76.22998,9.48594,3.9,46.0
419000010,2025-06-11T12:05:00Z,76.22816,9.49182,4.7,343.0
419000010,2025-06-11T12:10:00Z,76.22734,9.49793,3.8,352.0
419000010,2025-06-11T12:15:00Z,76.22836,9.504,4.1,10.0
419000010,2025-06-11T12:20:00Z,76.23118,9.50949,5.0,27.0
419000010,2025-06-11T12:25:00Z,76.23315,9.51533,4.1,19.0
419000010,2025-06-11T12:30:00Z,76.23647,9.52053,4.8,32.0
419000010,2025-06-11T12:35:00Z,76.24137,9.5243,4.3,52.0
419000010,2025-06-11T12:40:00Z,76.24679,9.52729,4.8,61.0
419000010,2025-06-11T12:45:00Z,76.25296,9.52666,3.9,96.0
419000010,2025-06-11T12:50:00Z,76.25915,9.5271,4.0,86.0
419000010,2025-06-11T12:55:00Z,76.26534,9.5275,5.0,86.0
419000010,2025-06-11T13:00:00Z,76.26916,9.53235,4.5,38.0
419000010,2025-06-11T13:05:00Z,76.27536,9.53211,4.0,92.0
419000010,2025-06-11T13:10:00Z,76.28103,9.53462,4.2,66.0
419000010,2025-06-11T13:15:00Z,76.28687,9.53668,3.3,71.0
419000010,2025-06-11T13:20:00Z,76.29304,9.53737,4.3,84.0
419000010,2025-06-11T13:25:00Z,76.29818,9.5408,3.9,56.0
419000010,2025-06-11T13:30:00Z,76.30297,9.54472,4.0,51.0
419000010,2025-06-11T13:35:00Z,76.30863,9.54725,5.0,66.0
419000010,2025-06-11T13:40:00Z,76.31394,9.55042,4.2,59.0
419000010,2025-06-11T13:45:00Z,76.31842,9.55468,4.2,46.0
419000010,2025-06-11T13:50:00Z,76.32183,9.55983,4.0,34.0
419000010,2025-06-11T13:55:00Z,76.32283,9.5659,4.7,9.0
419000010,2025-06-11T14:00:00Z,76.31663,9.56589,4.6,270.0
419000010,2025-06-11T14:05:00Z,76.31051,9.56687,4.1,279.0
419000010,2025-06-11T14:10:00Z,76.30552,9.57054,3.7,306.0
419000010,2025-06-11T14:15:00Z,76.30041,9.57403,4.3,304.0
419000010,2025-06-11T14:20:00Z,76.29447,9.57579,4.5,286.0
419000010,2025-06-11T14:25:00Z,76.28952,9.57951,3.6,307.0
419000010,2025-06-11T14:30:00Z,76.28505,9.58377,4.9,314.0
419000010,2025-06-11T14:35:00Z,76.28282,9.58952,4.0,339.0
419000010,2025-06-11T14:40:00Z,76.28083,9.59535,4.4,341.0
419000010,2025-06-11T14:45:00Z,76.28011,9.60147,4.1,353.0
419000010,2025-06-11T14:50:00Z,76.28027,9.60762,4.1,2.0
419000010,2025-06-11T14:55:00Z,76.28232,9.61343,4.8,19.0
419000010,2025-06-11T15:00:00Z,76.28112,9.61948,4.4,349.0
419000010,2025-06-11T15:05:00Z,76.27931,9.62537,3.8,343.0
419000010,2025-06-11T15:10:00Z,76.27774,9.63132,4.5,345.0
419000010,2025-06-11T15:15:00Z,76.28096,9.63659,4.7,31.0
419000010,2025-06-11T15:20:00Z,76.28372,9.6421,4.3,27.0
419000010,2025-06-11T15:25:00Z,76.28743,9.64704,4.8,37.0
419000010,2025-06-11T15:30:00Z,76.29044,9.65242,4.0,29.0
419000010,2025-06-11T15:35:00Z,76.28714,9.65764,4.8,328.0
419000010,2025-06-11T15:40:00Z,76.28719,9.6638,4.5,0.0
419000010,2025-06-11T15:45:00Z,76.28901,9.66969,4.5,17.0
419000010,2025-06-11T15:50:00Z,76.28563,9.66452,4.9,213.0
419000010,2025-06-11T15:55:00Z,76.28179,9.65968,4.7,219.0
419000010,2025-06-11T16:00:00Z,76.27775,9.65501,4.3,221.0
419000010,2025-06-11T16:05:00Z,76.27844,9.64889,4.6,174.0
419000010,2025-06-11T16:10:00Z,76.278,9.64275,4.1,184.0
419000010,2025-06-11T16:15:00Z,76.27968,9.63682,4.6,164.0
419000010,2025-06-11T16:20:00Z,76.28016,9.63068,4.9,176.0
419000010,2025-06-11T16:25:00Z,76.28519,9.62707,4.9,126.0
419000010,2025-06-11T16:30:00Z,76.29133,9.62619,4.1,98.0
419000010,2025-06-11T16:35:00Z,76.29733,9.62773,4.3,76.0
419000010,2025-06-11T16:40:00Z,76.30041,9.63308,4.7,30.0
419000010,2025-06-11T16:45:00Z,76.30338,9.63849,4.6,29.0
419000010,2025-06-11T16:50:00Z,76.30891,9.64128,4.1,63.0
419000010,2025-06-11T16:55:00Z,76.3029,9.63974,4.5,256.0
419000010,2025-06-11T17:00:00Z,76.29726,9.64231,4.6,294.0
419000010,2025-06-11T17:05:00Z,76.29235,9.64608,5.0,308.0
419000010,2025-06-11T17:10:00Z,76.28671,9.64864,4.5,294.0
419000010,2025-06-11T17:15:00Z,76.28147,9.64535,4.4,238.0
419000010,2025-06-11T17:20:00Z,76.27584,9.64275,4.0,245.0
419000010,2025-06-11T17:25:00Z,76.27088,9.63906,3.9,233.0
419000010,2025-06-11T17:30:00Z,76.26708,9.63419,4.8,218.0
419000010,2025-06-11T17:35:00Z,76.26194,9.63073,4.4,236.0
419000010,2025-06-11T17:40:00Z,76.25616,9.62851,4.2,249.0
419000010,2025-06-11T17:45:00Z,76.25384,9.6228,4.8,202.0
419000010,2025-06-11T17:50:00Z,76.25109,9.61728,4.6,206.0
419000010,2025-06-11T17:55:00Z,76.24952,9.61132,4.4,195.0
419000010,2025-06-11T18:00:00Z,76.24584,9.60637,4.7,217.0
419000010,2025-06-11T18:05:00Z,76.24242,9.60123,4.2,214.0
419000010,2025-06-11T18:10:00Z,76.2372,9.5979,4.7,237.0
419000010,2025-06-11T18:15:00Z,76.23355,9.59292,4.6,216.0
419000010,2025-06-11T18:20:00Z,76.23119,9.58722,4.2,202.0
419000010,2025-06-11T18:25:00Z,76.2307,9.58109,4.2,185.0
419000010,2025-06-11T18:30:00Z,76.23102,9.57494,4.1,177.0
419000010,2025-06-11T18:35:00Z,76.23234,9.56892,4.8,168.0
419000010,2025-06-11T18:40:00Z,76.23031,9.5631,4.3,199.0
419000010,2025-06-11T18:45:00Z,76.23151,9.55706,4.0,169.0
419000010,2025-06-11T18:50:00Z,76.23272,9.55102,4.7,169.0
419000010,2025-06-11T18:55:00Z,76.23723,9.54679,4.6,133.0
419000010,2025-06-11T19:00:00Z,76.24344,9.5468,4.4,90.0
419000010,2025-06-11T19:05:00Z,76.24929,9.54884,4.5,71.0
419000010,2025-06-11T19:10:00Z,76.25196,9.55439,4.3,26.0
419000010,2025-06-11T19:15:00Z,76.25488,9.55983,4.2,28.0
419000010,2025-06-11T19:20:00Z,76.25541,9.56596,4.7,5.0
419000010,2025-06-11T19:25:00Z,76.25405,9.57197,4.0,347.0
419000010,2025-06-11T19:30:00Z,76.25381,9.57813,3.8,358.0
419000010,2025-06-11T19:35:00Z,76.25776,9.58287,3.9,40.0
419000010,2025-06-11T19:40:00Z,76.26009,9.58858,4.7,22.0
419000010,2025-06-11T19:45:00Z,76.25646,9.59357,4.0,324.0
419000010,2025-06-11T19:50:00Z,76.25175,9.59758,4.3,310.0
419000010,2025-06-11T19:55:00Z,76.24687,9.60137,4.1,308.0
419000010,2025-06-11T20:00:00Z,76.24454,9.60708,4.0,338.0
419000010,2025-06-11T20:05:00Z,76.24189,9.61265,4.3,334.0
419000010,2025-06-11T20:10:00Z,76.23695,9.61639,4.3,307.0
419000010,2025-06-11T20:15:00Z,76.234,9.6218,5.2,331.0
419000010,2025-06-11T20:20:00Z,76.23403,9.62796,4.3,0.0
419000010,2025-06-11T20:25:00Z,76.23326,9.63407,4.5,353.0
419000010,2025-06-11T20:30:00Z,76.23318,9.64023,5.2,359.0
419000010,2025-06-11T20:35:00Z,76.23401,9.64633,5.0,8.0
419000010,2025-06-11T20:40:00Z,76.24011,9.64746,4.6,79.0
419000010,2025-06-11T20:45:00Z,76.24552,9.65047,4.8,61.0
419000010,2025-06-11T20:50:00Z,76.25009,9.65464,4.4,48.0
419000010,2025-06-11T20:55:00Z,76.25434,9.65913,4.7,43.0
419000010,2025-06-11T21:00:00Z,76.25982,9.66201,4.5,62.0
419000010,2025-06-11T21:05:00Z,76.26473,9.66577,4.1,53.0
419000010,2025-06-11T21:10:00Z,76.27038,9.66832,5.1,66.0
419000010,2025-06-11T21:15:00Z,76.27659,9.66834,4.4,90.0
419000010,2025-06-11T21:20:00Z,76.28017,9.66332,4.6,145.0
419000010,2025-06-11T21:25:00Z,76.28423,9.65866,4.2,139.0
419000010,2025-06-11T21:30:00Z,76.28904,9.65477,3.9,129.0
419000010,2025-06-11T21:35:00Z,76.29449,9.65182,3.7,118.0
419000010,2025-06-11T21:40:00Z,76.3001,9.65444,3.1,65.0
419000010,2025-06-11T21:45:00Z,76.29451,9.65177,4.6,245.0
419000010,2025-06-11T21:50:00Z,76.28877,9.64943,3.7,248.0
419000010,2025-06-11T21:55:00Z,76.28479,9.65416,4.2,320.0
419000010,2025-06-11T22:00:00Z,76.28418,9.66029,4.4,354.0
419000010,2025-06-11T22:05:00Z,76.28581,9.66623,3.8,15.0
419000010,2025-06-11T22:10:00Z,76.29096,9.66967,4.2,56.0
419000010,2025-06-11T22:15:00Z,76.28637,9.66552,4.5,228.0
419000010,2025-06-11T22:20:00Z,76.28371,9.65996,4.3,206.0
419000010,2025-06-11T22:25:00Z,76.28159,9.65417,4.6,200.0
419000010,2025-06-11T22:30:00Z,76.27548,9.65311,3.3,260.0
419000010,2025-06-11T22:35:00Z,76.26959,9.65117,4.6,252.0
419000010,2025-06-11T22:40:00Z,76.26467,9.64742,4.7,233.0
419000010,2025-06-11T22:45:00Z,76.25973,9.6437,3.9,233.0
419000010,2025-06-11T22:50:00Z,76.25372,9.64217,4.7,256.0
419000010,2025-06-11T22:55:00Z,76.24752,9.64201,4.2,268.0
419000010,2025-06-11T23:00:00Z,76.24176,9.64431,4.3,292.0
419000010,2025-06-11T23:05:00Z,76.23572,9.64292,4.6,257.0
419000010,2025-06-11T23:10:00Z,76.23085,9.63909,3.8,232.0
419000010,2025-06-11T23:15:00Z,76.22652,9.63469,4.7,225.0
419000010,2025-06-11T23:20:00Z,76.22202,9.63044,4.1,227.0
419000010,2025-06-11T23:25:00Z,76.21585,9.62986,4.7,265.0
419000010,2025-06-11T23:30:00Z,76.21124,9.62573,4.4,228.0
419000010,2025-06-11T23:35:00Z,76.20559,9.62319,4.5,246.0
419000010,2025-06-11T23:40:00Z,76.2003,9.61997,4.1,239.0
419000010,2025-06-11T23:45:00Z,76.1943,9.61842,4.4,256.0
419000010,2025-06-11T23:50:00Z,76.18914,9.61501,3.9,236.0
419000010,2025-06-11T23:55:00Z,76.18741,9.60909,4.1,196.0
419000010,2025-06-12T00:00:00Z,76.1827,9.60508,3.8,230.0
419000010,2025-06-12T00:05:00Z,76.17749,9.60174,4.4,237.0
419000010,2025-06-12T00:10:00Z,76.17734,9.59558,4.0,181.0
419000010,2025-06-12T00:15:00Z,76.17513,9.58982,5.3,201.0
419000010,2025-06-12T00:20:00Z,76.17603,9.58373,4.0,172.0
419000010,2025-06-12T00:25:00Z,76.17729,9.5777,3.5,168.0
419000010,2025-06-12T00:30:00Z,76.17865,9.57169,4.8,167.0
419000010,2025-06-12T00:35:00Z,76.1835,9.56786,4.2,128.0
419000010,2025-06-12T00:40:00Z,76.18567,9.56209,4.6,159.0
419000010,2025-06-12T00:45:00Z,76.18931,9.5571,4.4,144.0
419000010,2025-06-12T00:50:00Z,76.18824,9.55103,4.1,190.0
419000010,2025-06-12T00:55:00Z,76.1858,9.54537,4.2,203.0
419000010,2025-06-12T01:00:00Z,76.18204,9.54047,4.0,217.0
419000010,2025-06-12T01:05:00Z,76.1777,9.53607,5.0,225.0
419000010,2025-06-12T01:10:00Z,76.1716,9.53714,4.7,280.0
419000010,2025-06-12T01:15:00Z,76.16575,9.53508,3.9,251.0
419000010,2025-06-12T01:20:00Z,76.16117,9.53093,4.8,228.0
419000010,2025-06-12T01:25:00Z,76.15822,9.52551,4.6,209.0
419000010,2025-06-12T01:30:00Z,76.15281,9.5225,3.7,241.0
419000010,2025-06-12T01:35:00Z,76.14661,9.52252,4.1,270.0
419000010,2025-06-12T01:40:00Z,76.14041,9.52276,4.5,272.0
419000010,2025-06-12T01:45:00Z,76.13429,9.52378,4.5,279.0
419000010,2025-06-12T01:50:00Z,76.12939,9.52,5.2,232.0
419000010,2025-06-12T01:55:00Z,76.12321,9.52044,4.4,274.0
419000010,2025-06-12T02:00:00Z,76.11701,9.52017,4.8,267.0
419000010,2025-06-12T02:05:00Z,76.11081,9.52022,4.2,271.0
419000010,2025-06-12T02:10:00Z,76.10467,9.51933,4.3,262.0
419000010,2025-06-12T02:15:00Z,76.09857,9.52039,4.4,280.0
419000010,2025-06-12T02:20:00Z,76.09237,9.52077,4.4,273.0
419000010,2025-06-12T02:25:00Z,76.08621,9.52148,4.5,277.0
419000010,2025-06-12T02:30:00Z,76.08009,9.52244,4.4,279.0
419000010,2025-06-12T02:35:00Z,76.07392,9.52182,3.7,264.0
419000010,2025-06-12T02:40:00Z,76.06823,9.51937,4.7,247.0
419000010,2025-06-12T02:45:00Z,76.06217,9.51804,3.9,258.0
419000010,2025-06-12T02:50:00Z,76.05597,9.51786,4.7,268.0
419000010,2025-06-12T02:55:00Z,76.05011,9.51988,4.6,289.0
419000010,2025-06-12T03:00:00Z,76.04705,9.52524,4.7,330.0
419000010,2025-06-12T03:05:00Z,76.04143,9.52784,4.2,295.0
419000010,2025-06-12T03:10:00Z,76.03594,9.52498,4.5,242.0
419000010,2025-06-12T03:15:00Z,76.03115,9.52107,4.7,231.0
419000010,2025-06-12T03:20:00Z,76.02496,9.52072,4.2,267.0
419000010,2025-06-12T03:25:00Z,76.01878,9.52023,3.8,265.0
419000010,2025-06-12T03:30:00Z,76.01538,9.51507,5.1,213.0
419000010,2025-06-12T03:35:00Z,76.0093,9.51386,4.3,259.0
419000010,2025-06-12T03:40:00Z,76.0031,9.51417,4.2,273.0
419000010,2025-06-12T03:45:00Z,75.99835,9.51022,4.0,230.0
419000010,2025-06-12T03:50:00Z,75.99561,9.50469,3.9,206.0
419000010,2025-06-12T03:55:00Z,75.99261,9.4993,3.3,209.0
419000010,2025-06-12T04:00:00Z,75.99122,9.4933,4.0,193.0
419000010,2025-06-12T04:05:00Z,75.99025,9.48722,4.0,189.0
419000010,2025-06-12T04:10:00Z,75.98776,9.48158,4.0,204.0
419000010,2025-06-12T04:15:00Z,75.98526,9.47594,5.2,204.0
419000010,2025-06-12T04:20:00Z,75.97971,9.47319,4.3,244.0
419000010,2025-06-12T04:25:00Z,75.97445,9.46993,4.2,238.0
419000010,2025-06-12T04:30:00Z,75.96836,9.47105,4.4,280.0
419000011,2025-06-10T14:30:00Z,76.62833,8.45,13.5,0.0
419000011,2025-06-10T14:35:00Z,76.61801,8.46581,13.5,327.0
419000011,2025-06-10T14:40:00Z,76.60768,8.48161,13.5,327.0
419000011,2025-06-10T14:45:00Z,76.59735,8.49742,13.5,327.0
419000011,2025-06-10T14:50:00Z,76.58702,8.51322,13.5,327.0
419000011,2025-06-10T14:55:00Z,76.57669,8.52903,13.5,327.0
419000011,2025-06-10T15:00:00Z,76.56637,8.54483,13.5,327.0
419000011,2025-06-10T15:05:00Z,76.55604,8.56064,13.5,327.0
419000011,2025-06-10T15:10:00Z,76.54571,8.57644,13.5,327.0
419000011,2025-06-10T15:15:00Z,76.53538,8.59225,13.5,327.0
419000011,2025-06-10T15:20:00Z,76.52506,8.60805,13.5,327.0
419000011,2025-06-10T15:25:00Z,76.51473,8.62386,13.5,327.0
419000011,2025-06-10T15:30:00Z,76.5044,8.63966,13.5,327.0
419000011,2025-06-10T15:35:00Z,76.49407,8.65547,13.5,327.0
419000011,2025-06-10T15:40:00Z,76.48375,8.67127,13.5,327.0
419000011,2025-06-10T15:45:00Z,76.47342,8.68708,13.5,327.0
419000011,2025-06-10T15:50:00Z,76.46309,8.70288,13.5,327.0
419000011,2025-06-10T15:55:00Z,76.45276,8.71869,13.5,327.0
419000011,2025-06-10T16:00:00Z,76.44243,8.73449,13.5,327.0
419000011,2025-06-10T16:05:00Z,76.43211,8.7503,13.5,327.0
419000011,2025-06-10T16:10:00Z,76.42178,8.7661,13.5,327.0
419000011,2025-06-10T16:15:00Z,76.41145,8.78191,13.5,327.0
419000011,2025-06-10T16:20:00Z,76.40112,8.79771,13.5,327.0
419000011,2025-06-10T16:25:00Z,76.3908,8.81352,13.5,327.0
419000011,2025-06-10T16:30:00Z,76.38047,8.82932,13.5,327.0
419000011,2025-06-10T16:35:00Z,76.37014,8.84513,13.5,327.0
419000011,2025-06-10T16:40:00Z,76.35981,8.86093,13.5,327.0
419000011,2025-06-10T16:45:00Z,76.34949,8.87674,13.5,327.0
419000011,2025-06-10T16:50:00Z,76.33916,8.89254,13.5,327.0
419000011,2025-06-10T16:55:00Z,76.32883,8.90835,13.5,327.0
419000011,2025-06-10T17:00:00Z,76.3185,8.92415,13.5,327.0
419000011,2025-06-10T17:05:00Z,76.30817,8.93996,13.5,327.0
419000011,2025-06-10T17:10:00Z,76.29785,8.95576,13.5,327.0
419000011,2025-06-10T17:15:00Z,76.28752,8.97157,13.5,327.0
419000011,2025-06-10T17:20:00Z,76.27719,8.98737,13.5,327.0
419000011,2025-06-10T17:25:00Z,76.26686,9.00318,13.5,327.0
419000011,2025-06-10T17:30:00Z,76.25654,9.01898,13.5,327.0
419000011,2025-06-10T17:35:00Z,76.24621,9.03479,13.5,327.0
419000011,2025-06-10T17:40:00Z,76.23588,9.05059,13.5,327.0
419000011,2025-06-10T17:45:00Z,76.22555,9.0664,13.5,327.0
419000011,2025-06-10T17:50:00Z,76.21523,9.08221,13.5,327.0
419000011,2025-06-10T17:55:00Z,76.2049,9.09801,13.5,327.0
419000011,2025-06-10T18:00:00Z,76.19457,9.11382,13.5,327.0
419000011,2025-06-10T18:05:00Z,76.18424,9.12962,13.5,327.0
419000011,2025-06-10T18:10:00Z,76.17391,9.14543,13.5,327.0
419000011,2025-06-10T18:15:00Z,76.16359,9.16123,13.5,327.0
419000011,2025-06-10T18:20:00Z,76.15326,9.17704,13.5,327.0
419000011,2025-06-10T18:25:00Z,76.14293,9.19284,13.5,327.0
419000011,2025-06-10T18:30:00Z,76.1326,9.20865,13.5,327.0
419000011,2025-06-10T18:35:00Z,76.12228,9.22445,13.5,327.0
419000011,2025-06-10T18:40:00Z,76.11195,9.24026,13.5,327.0
419000011,2025-06-10T18:45:00Z,76.10162,9.25606,13.5,327.0
419000011,2025-06-10T18:50:00Z,76.09129,9.27187,13.5,327.0
419000011,2025-06-10T18:55:00Z,76.08097,9.28767,13.5,327.0
419000011,2025-06-10T19:00:00Z,76.07064,9.30348,13.5,327.0
419000011,2025-06-10T19:05:00Z,76.06031,9.31928,13.5,327.0
419000011,2025-06-10T19:10:00Z,76.04998,9.33509,13.5,327.0
419000011,2025-06-10T19:15:00Z,76.03965,9.35089,13.5,327.0
419000011,2025-06-10T19:20:00Z,76.02933,9.3667,13.5,327.0
419000011,2025-06-10T19:25:00Z,76.019,9.3825,13.5,327.0
419000011,2025-06-10T19:30:00Z,76.00867,9.39831,13.5,327.0
419000011,2025-06-10T19:35:00Z,75.99834,9.41411,13.5,327.0
419000011,2025-06-10T19:40:00Z,75.98802,9.42992,13.5,327.0
419000011,2025-06-10T19:45:00Z,75.97769,9.44572,13.5,327.0
419000011,2025-06-10T19:50:00Z,75.96736,9.46153,13.5,327.0
419000011,2025-06-10T19:55:00Z,75.95703,9.47733,13.5,327.0
419000011,2025-06-10T20:00:00Z,75.94671,9.49314,13.5,327.0
419000011,2025-06-10T20:05:00Z,75.94067,9.50894,12.1,339.0
419000011,2025-06-10T20:10:00Z,75.93793,9.52475,11.5,350.0
419000011,2025-06-10T20:15:00Z,75.93518,9.54055,11.5,350.0
419000011,2025-06-10T20:20:00Z,75.93244,9.55636,11.5,350.0
419000011,2025-06-10T20:25:00Z,75.9297,9.57216,11.5,350.0
419000011,2025-06-10T20:30:00Z,75.92696,9.58797,11.5,350.0
419000011,2025-06-10T20:35:00Z,75.92421,9.60377,11.5,350.0
419000011,2025-06-10T20:40:00Z,75.92147,9.61958,11.5,350.0
419000011,2025-06-10T20:45:00Z,75.91873,9.63538,11.5,350.0
419000011,2025-06-10T20:50:00Z,75.91598,9.65119,11.5,350.0
419000011,2025-06-10T20:55:00Z,75.91324,9.667,11.5,350.0
419000011,2025-06-10T21:00:00Z,75.9105,9.6828,11.5,350.0
419000011,2025-06-10T21:05:00Z,75.90776,9.69861,11.5,350.0
419000011,2025-06-10T21:10:00Z,75.90501,9.71441,11.5,350.0
419000011,2025-06-10T21:15:00Z,75.90227,9.73022,11.5,350.0
419000011,2025-06-10T21:20:00Z,75.89953,9.74602,11.5,350.0
419000011,2025-06-10T21:25:00Z,75.89678,9.76183,11.5,350.0
419000011,2025-06-10T21:30:00Z,75.89404,9.77763,11.5,350.0
419000011,2025-06-10T21:35:00Z,75.8913,9.79344,11.5,350.0
419000011,2025-06-10T21:40:00Z,75.88855,9.80924,11.5,350.0
419000011,2025-06-10T21:45:00Z,75.88581,9.82505,11.5,350.0
419000011,2025-06-10T21:50:00Z,75.88307,9.84085,11.5,350.0
419000011,2025-06-10T21:55:00Z,75.88033,9.85666,11.5,350.0
419000011,2025-06-10T22:00:00Z,75.87758,9.87246,11.5,350.0
419000011,2025-06-10T22:05:00Z,75.87484,9.88827,11.5,350.0
419000011,2025-06-10T22:10:00Z,75.8721,9.90407,11.5,350.0
419000011,2025-06-10T22:15:00Z,75.86935,9.91988,11.5,350.0
419000011,2025-06-10T22:20:00Z,75.86661,9.93568,11.5,350.0
419000011,2025-06-10T22:25:00Z,75.86387,9.95149,11.5,350.0
419000011,2025-06-10T22:30:00Z,75.86113,9.96729,11.5,350.0
419000011,2025-06-10T22:35:00Z,75.85838,9.9831,11.5,350.0
419000011,2025-06-10T22:40:00Z,75.85564,9.9989,11.5,350.0
419000011,2025-06-10T22:45:00Z,75.8529,10.01471,11.5,350.0
419000011,2025-06-10T22:50:00Z,75.85015,10.03051,11.5,350.0
419000011,2025-06-10T22:55:00Z,75.84741,10.04632,11.5,350.0
419000011,2025-06-10T23:00:00Z,75.84467,10.06212,11.5,350.0
419000011,2025-06-10T23:05:00Z,75.84193,10.07793,11.5,350.0
419000011,2025-06-10T23:10:00Z,75.83918,10.09373,11.5,350.0
419000011,2025-06-10T23:15:00Z,75.83644,10.10954,11.5,350.0
419000011,2025-06-10T23:20:00Z,75.8337,10.12534,11.5,350.0
419000011,2025-06-10T23:25:00Z,75.83095,10.14115,11.5,350.0
419000011,2025-06-10T23:30:00Z,75.82821,10.15695,11.5,350.0
419000011,2025-06-10T23:35:00Z,75.82547,10.17276,11.5,350.0
419000011,2025-06-10T23:40:00Z,75.82273,10.18856,11.5,350.0
419000011,2025-06-10T23:45:00Z,75.81998,10.20437,11.5,350.0
419000011,2025-06-10T23:50:00Z,75.81724,10.22017,11.5,350.0
419000011,2025-06-10T23:55:00Z,75.8145,10.23598,11.5,350.0
419000011,2025-06-11T00:00:00Z,75.81175,10.25178,11.5,350.0
419000011,2025-06-11T00:05:00Z,75.80901,10.26759,11.5,350.0
419000011,2025-06-11T00:10:00Z,75.80627,10.2834,11.5,350.0
419000011,2025-06-11T00:15:00Z,75.80353,10.2992,11.5,350.0
419000011,2025-06-11T00:20:00Z,75.80078,10.31501,11.5,350.0
419000011,2025-06-11T00:25:00Z,75.79804,10.33081,11.5,350.0
419000011,2025-06-11T00:30:00Z,75.7953,10.34662,11.5,350.0
419000011,2025-06-11T00:35:00Z,75.79255,10.36242,11.5,350.0
419000011,2025-06-11T00:40:00Z,75.78981,10.37823,11.5,350.0
419000011,2025-06-11T00:45:00Z,75.78707,10.39403,11.5,350.0
419000011,2025-06-11T00:50:00Z,75.78432,10.40984,11.5,350.0
419000011,2025-06-11T00:55:00Z,75.78158,10.42564,11.5,350.0
419000011,2025-06-11T01:00:00Z,75.77884,10.44145,11.5,350.0
419000011,2025-06-11T01:05:00Z,75.7761,10.45725,11.5,350.0
419000011,2025-06-11T01:10:00Z,75.77335,10.47306,11.5,350.0
419000011,2025-06-11T01:15:00Z,75.77061,10.48886,11.5,350.0
419000011,2025-06-11T01:20:00Z,75.76787,10.50467,11.5,350.0
419000011,2025-06-11T01:25:00Z,75.76512,10.52047,11.5,350.0
419000011,2025-06-11T01:30:00Z,75.76238,10.53628,11.5,350.0
419000012,2025-06-11T02:30:00Z,76.5,8.8,3.0,0.0
419000012,2025-06-11T02:35:00Z,76.50364,8.79789,3.0,120.0
419000012,2025-06-11T02:40:00Z,76.50626,8.79461,2.5,141.0
419000012,2025-06-11T02:45:00Z,76.50754,8.79062,3.0,162.0
419000012,2025-06-11T02:50:00Z,76.50552,8.78694,3.2,209.0
419000012,2025-06-11T02:55:00Z,76.50596,8.78277,3.4,174.0
419000012,2025-06-11T03:00:00Z,76.50766,8.77894,3.2,156.0
419000012,2025-06-11T03:05:00Z,76.51137,8.77696,3.4,118.0
419000012,2025-06-11T03:10:00Z,76.51518,8.77517,3.2,115.0
419000012,2025-06-11T03:15:00Z,76.51767,8.77179,3.0,144.0
419000012,2025-06-11T03:20:00Z,76.52019,8.76844,2.3,143.0
419000012,2025-06-11T03:25:00Z,76.52181,8.76457,2.8,157.0
419000012,2025-06-11T03:30:00Z,76.52591,8.76365,3.7,103.0
419000012,2025-06-11T03:35:00Z,76.52994,8.76243,3.1,107.0
419000012,2025-06-11T03:40:00Z,76.5341,8.7631,3.4,81.0
419000012,2025-06-11T03:45:00Z,76.53724,8.76031,3.0,132.0
419000012,2025-06-11T03:50:00Z,76.53888,8.75645,2.8,157.0
419000012,2025-06-11T03:55:00Z,76.53856,8.75227,3.9,184.0
419000012,2025-06-11T04:00:00Z,76.53836,8.74808,3.2,183.0
419000012,2025-06-11T04:05:00Z,76.5369,8.74415,3.6,200.0
419000012,2025-06-11T04:10:00Z,76.53425,8.7409,3.2,219.0
419000012,2025-06-11T04:15:00Z,76.53219,8.73725,2.9,209.0
419000012,2025-06-11T04:20:00Z,76.5311,8.7332,2.1,195.0
419000012,2025-06-11T04:25:00Z,76.53025,8.7291,3.1,192.0
419000012,2025-06-11T04:30:00Z,76.53066,8.72493,2.4,174.0
419000012,2025-06-11T04:35:00Z,76.53229,8.72106,2.1,157.0
419000012,2025-06-11T04:40:00Z,76.53444,8.71746,3.5,149.0
419000012,2025-06-11T04:45:00Z,76.53774,8.71486,3.3,128.0
419000012,2025-06-11T04:50:00Z,76.53983,8.71122,3.3,150.0
419000012,2025-06-11T04:55:00Z,76.5439,8.71017,3.1,105.0
419000012,2025-06-11T05:00:00Z,76.54721,8.70758,3.0,128.0
419000012,2025-06-11T05:05:00Z,76.55116,8.70613,3.2,110.0
419000012,2025-06-11T05:10:00Z,76.55536,8.7058,3.1,95.0
419000012,2025-06-11T05:15:00Z,76.55885,8.70814,3.1,56.0
419000012,2025-06-11T05:20:00Z,76.56215,8.71074,3.3,52.0
419000012,2025-06-11T05:25:00Z,76.56511,8.71372,2.0,45.0
419000012,2025-06-11T05:30:00Z,76.56835,8.7164,3.4,50.0
419000012,2025-06-11T05:35:00Z,76.57075,8.71984,2.8,35.0
419000012,2025-06-11T05:40:00Z,76.57332,8.72316,3.4,38.0
419000012,2025-06-11T05:45:00Z,76.57753,8.72318,3.5,90.0
419000012,2025-06-11T05:50:00Z,76.58166,8.72235,2.7,101.0
419000012,2025-06-11T05:55:00Z,76.58585,8.72272,3.3,85.0
419000012,2025-06-11T06:00:00Z,76.58975,8.72113,3.3,112.0
419000012,2025-06-11T06:05:00Z,76.59374,8.7198,2.7,108.0
419000012,2025-06-11T06:10:00Z,76.59716,8.71736,2.8,125.0
419000012,2025-06-11T06:15:00Z,76.59969,8.71401,3.1,143.0
419000012,2025-06-11T06:20:00Z,76.60282,8.71121,2.1,132.0
419000012,2025-06-11T06:25:00Z,76.60691,8.71218,2.8,77.0
419000012,2025-06-11T06:30:00Z,76.61078,8.71383,3.1,67.0
419000012,2025-06-11T06:35:00Z,76.61495,8.71438,2.8,83.0
419000012,2025-06-11T06:40:00Z,76.61895,8.7157,2.4,72.0
419000012,2025-06-11T06:45:00Z,76.62314,8.71613,2.8,84.0
419000012,2025-06-11T06:50:00Z,76.62703,8.71454,3.6,112.0
419000012,2025-06-11T06:55:00Z,76.63122,8.71406,3.5,97.0
419000012,2025-06-11T07:00:00Z,76.63435,8.71126,3.0,132.0
419000012,2025-06-11T07:05:00Z,76.63447,8.70707,2.7,178.0
419000012,2025-06-11T07:10:00Z,76.63241,8.70342,3.0,209.0
419000012,2025-06-11T07:15:00Z,76.62867,8.7015,3.0,243.0
419000012,2025-06-11T07:20:00Z,76.62447,8.7018,2.7,274.0
419000012,2025-06-11T07:25:00Z,76.62294,8.7057,2.9,339.0
419000012,2025-06-11T07:30:00Z,76.62178,8.70973,3.3,344.0
419000012,2025-06-11T07:35:00Z,76.62062,8.71376,3.4,344.0
419000012,2025-06-11T07:40:00Z,76.62072,8.71794,2.0,1.0
419000012,2025-06-11T07:45:00Z,76.61897,8.72175,3.4,335.0
419000012,2025-06-11T07:50:00Z,76.61503,8.72324,3.1,291.0
419000012,2025-06-11T07:55:00Z,76.61083,8.72292,3.5,266.0
419000012,2025-06-11T08:00:00Z,76.60665,8.72337,3.0,276.0
419000012,2025-06-11T08:05:00Z,76.60269,8.72479,3.2,290.0
419000012,2025-06-11T08:10:00Z,76.59885,8.72307,3.7,246.0
419000012,2025-06-11T08:15:00Z,76.59798,8.71897,1.8,192.0
419000012,2025-06-11T08:20:00Z,76.59778,8.71479,3.6,183.0
419000012,2025-06-11T08:25:00Z,76.59797,8.7106,3.1,177.0
419000012,2025-06-11T08:30:00Z,76.59827,8.70642,2.3,176.0
419000012,2025-06-11T08:35:00Z,76.59717,8.70238,1.9,195.0
419000012,2025-06-11T08:40:00Z,76.59392,8.69971,3.1,231.0
419000012,2025-06-11T08:45:00Z,76.59039,8.69743,2.6,237.0
419000012,2025-06-11T08:50:00Z,76.58633,8.69632,3.4,255.0
419000012,2025-06-11T08:55:00Z,76.58345,8.69326,3.1,223.0
419000012,2025-06-11T09:00:00Z,76.58275,8.68913,2.9,190.0
419000012,2025-06-11T09:05:00Z,76.58157,8.68511,3.4,196.0
419000012,2025-06-11T09:10:00Z,76.57914,8.68169,3.1,215.0
419000012,2025-06-11T09:15:00Z,76.57565,8.67935,3.3,236.0
419000012,2025-06-11T09:20:00Z,76.57162,8.67814,3.3,253.0
419000012,2025-06-11T09:25:00Z,76.56743,8.67854,3.1,276.0
419000012,2025-06-11T09:30:00Z,76.56374,8.68056,3.3,299.0
419000012,2025-06-11T09:35:00Z,76.55982,8.67903,3.3,249.0
419000012,2025-06-11T09:40:00Z,76.55671,8.6762,2.5,228.0
419000012,2025-06-11T09:45:00Z,76.55305,8.67414,2.9,241.0
419000012,2025-06-11T09:50:00Z,76.54894,8.67324,3.0,258.0
419000012,2025-06-11T09:55:00Z,76.54656,8.66979,2.9,214.0
419000012,2025-06-11T10:00:00Z,76.54266,8.66821,2.4,248.0
419000012,2025-06-11T10:05:00Z,76.53919,8.66583,2.8,236.0
419000012,2025-06-11T10:10:00Z,76.53603,8.66307,3.1,229.0
419000012,2025-06-11T10:15:00Z,76.53252,8.66076,3.1,237.0
419000012,2025-06-11T10:20:00Z,76.5284,8.65989,3.6,258.0
419000012,2025-06-11T10:25:00Z,76.52587,8.65655,2.8,217.0
419000012,2025-06-11T10:30:00Z,76.52204,8.6548,2.8,245.0
419000012,2025-06-11T10:35:00Z,76.51815,8.6532,2.8,248.0
419000012,2025-06-11T10:40:00Z,76.51515,8.65026,2.9,226.0
419000012,2025-06-11T10:45:00Z,76.51258,8.64694,2.8,218.0
419000012,2025-06-11T10:50:00Z,76.51436,8.64315,2.3,155.0
419000012,2025-06-11T10:55:00Z,76.51726,8.64011,3.1,136.0
419000012,2025-06-11T11:00:00Z,76.51988,8.63683,3.4,142.0
419000012,2025-06-11T11:05:00Z,76.52347,8.63465,3.5,121.0
419000012,2025-06-11T11:10:00Z,76.52738,8.63308,2.6,112.0
419000012,2025-06-11T11:15:00Z,76.53139,8.63181,2.9,108.0
419000012,2025-06-11T11:20:00Z,76.53536,8.63044,3.7,109.0
419000012,2025-06-11T11:25:00Z,76.53816,8.62731,3.0,138.0
419000012,2025-06-11T11:30:00Z,76.541,8.62421,3.1,137.0
419000012,2025-06-11T11:35:00Z,76.54421,8.62151,2.9,130.0
419000012,2025-06-11T11:40:00Z,76.54659,8.61805,3.4,145.0
419000012,2025-06-11T11:45:00Z,76.54481,8.61426,3.4,205.0
419000012,2025-06-11T11:50:00Z,76.5437,8.61022,3.9,195.0
419000012,2025-06-11T11:55:00Z,76.54159,8.60659,3.2,210.0
419000012,2025-06-11T12:00:00Z,76.5427,8.60254,3.2,165.0
419000012,2025-06-11T12:05:00Z,76.54103,8.5987,2.5,203.0
419000012,2025-06-11T12:10:00Z,76.5382,8.59559,2.8,222.0
419000012,2025-06-11T12:15:00Z,76.53405,8.5949,2.7,260.0
419000012,2025-06-11T12:20:00Z,76.52992,8.59408,2.9,259.0
419000012,2025-06-11T12:25:00Z,76.52676,8.59132,2.5,229.0
419000012,2025-06-11T12:30:00Z,76.52271,8.59018,3.5,254.0
419000012,2025-06-11T12:35:00Z,76.51852,8.5906,2.6,276.0
419000012,2025-06-11T12:40:00Z,76.51454,8.58924,3.1,251.0
419000012,2025-06-11T12:45:00Z,76.51251,8.58557,2.5,209.0
419000012,2025-06-11T12:50:00Z,76.50972,8.58244,3.1,222.0
419000012,2025-06-11T12:55:00Z,76.5072,8.57908,3.7,217.0
419000012,2025-06-11T13:00:00Z,76.50629,8.58317,2.7,348.0
419000012,2025-06-11T13:05:00Z,76.50435,8.58688,3.1,332.0
419000012,2025-06-11T13:10:00Z,76.5022,8.59048,3.0,329.0
419000012,2025-06-11T13:15:00Z,76.49807,8.59132,3.1,282.0
419000012,2025-06-11T13:20:00Z,76.49399,8.59032,3.2,256.0
419000012,2025-06-11T13:25:00Z,76.49047,8.59261,2.7,303.0
419000012,2025-06-11T13:30:00Z,76.4868,8.59467,2.9,299.0
419000012,2025-06-11T13:35:00Z,76.48268,8.59554,2.8,282.0
419000012,2025-06-11T13:40:00Z,76.47885,8.59381,2.7,246.0
419000012,2025-06-11T13:45:00Z,76.47468,8.59324,2.5,262.0
419000012,2025-06-11T13:50:00Z,76.47055,8.59404,3.4,281.0
419000012,2025-06-11T13:55:00Z,76.46656,8.59536,2.7,288.0
419000012,2025-06-11T14:00:00Z,76.46238,8.59589,3.3,277.0
419000012,2025-06-11T14:05:00Z,76.45834,8.59705,3.2,286.0
419000012,2025-06-11T14:10:00Z,76.45458,8.59895,2.6,297.0
419000012,2025-06-11T14:15:00Z,76.45041,8.59949,3.4,277.0
419000012,2025-06-11T14:20:00Z,76.4466,8.60128,2.7,295.0
419000012,2025-06-11T14:25:00Z,76.44317,8.59885,3.3,235.0
419000012,2025-06-11T14:30:00Z,76.44189,8.59486,3.6,198.0
419000012,2025-06-11T14:35:00Z,76.44123,8.59072,2.7,189.0
419000012,2025-06-11T14:40:00Z,76.4408,8.58656,2.6,186.0
419000012,2025-06-11T14:45:00Z,76.44231,8.59046,2.6,21.0
419000012,2025-06-11T14:50:00Z,76.4456,8.59308,3.9,52.0
419000012,2025-06-11T14:55:00Z,76.4494,8.59489,2.9,64.0
419000012,2025-06-11T15:00:00Z,76.45337,8.59628,2.5,71.0
419000012,2025-06-11T15:05:00Z,76.45757,8.59595,3.3,94.0
419000012,2025-06-11T15:10:00Z,76.46161,8.59479,2.9,106.0
419000012,2025-06-11T15:15:00Z,76.46564,8.59599,3.0,73.0
419000012,2025-06-11T15:20:00Z,76.46953,8.59759,2.6,68.0
419000012,2025-06-11T15:25:00Z,76.47361,8.59654,2.1,104.0
419000012,2025-06-11T15:30:00Z,76.47761,8.59784,2.7,72.0
419000012,2025-06-11T15:35:00Z,76.48165,8.59901,2.6,74.0
419000012,2025-06-11T15:40:00Z,76.48538,8.60094,2.4,63.0
419000012,2025-06-11T15:45:00Z,76.48791,8.6043,2.6,37.0
419000012,2025-06-11T15:50:00Z,76.48848,8.60845,2.6,8.0
419000012,2025-06-11T15:55:00Z,76.48927,8.61256,3.3,11.0
419000012,2025-06-11T16:00:00Z,76.4907,8.61651,3.3,20.0
419000012,2025-06-11T16:05:00Z,76.49271,8.62018,3.2,29.0
419000012,2025-06-11T16:10:00Z,76.49178,8.62427,2.8,347.0
419000012,2025-06-11T16:15:00Z,76.49027,8.62818,2.5,339.0
419000012,2025-06-11T16:20:00Z,76.48946,8.63229,3.1,349.0
419000012,2025-06-11T16:25:00Z,76.49062,8.63632,3.2,16.0
419000012,2025-06-11T16:30:00Z,76.49305,8.63974,3.4,35.0
419000012,2025-06-11T16:35:00Z,76.49666,8.64189,3.0,59.0
419000012,2025-06-11T16:40:00Z,76.50087,8.64185,2.9,91.0
419000012,2025-06-11T16:45:00Z,76.50471,8.64014,3.1,114.0
419000012,2025-06-11T16:50:00Z,76.50892,8.64009,2.6,91.0
419000012,2025-06-11T16:55:00Z,76.51312,8.63991,2.7,92.0
419000012,2025-06-11T17:00:00Z,76.51713,8.64121,3.3,72.0
419000012,2025-06-11T17:05:00Z,76.5174,8.64539,2.5,4.0
419000012,2025-06-11T17:10:00Z,76.51446,8.64838,3.0,315.0
419000012,2025-06-11T17:15:00Z,76.51558,8.65242,3.3,16.0
419000012,2025-06-11T17:20:00Z,76.51438,8.65644,3.1,343.0
419000012,2025-06-11T17:25:00Z,76.51022,8.65711,3.2,279.0
419000012,2025-06-11T17:30:00Z,76.50605,8.65656,2.6,262.0
419000012,2025-06-11T17:35:00Z,76.50265,8.65902,2.9,306.0
419000012,2025-06-11T17:40:00Z,76.49919,8.66141,2.9,305.0
419000012,2025-06-11T17:45:00Z,76.49628,8.66444,3.2,316.0
419000012,2025-06-11T17:50:00Z,76.493,8.66706,3.2,309.0
419000012,2025-06-11T17:55:00Z,76.4896,8.66954,3.0,306.0
419000012,2025-06-11T18:00:00Z,76.48834,8.67354,3.8,342.0
419000012,2025-06-11T18:05:00Z,76.48874,8.67771,3.2,5.0
419000012,2025-06-11T18:10:00Z,76.48895,8.68189,2.9,3.0
419000012,2025-06-11T18:15:00Z,76.49096,8.68558,2.8,29.0
419000012,2025-06-11T18:20:00Z,76.49457,8.68772,3.0,59.0
419000012,2025-06-11T18:25:00Z,76.49793,8.69024,2.8,53.0
419000012,2025-06-11T18:30:00Z,76.5016,8.69229,3.7,61.0
419000012,2025-06-11T18:35:00Z,76.50551,8.69387,3.2,68.0
419000012,2025-06-11T18:40:00Z,76.50867,8.69662,2.9,49.0
419000012,2025-06-11T18:45:00Z,76.51284,8.69722,2.7,82.0
419000012,2025-06-11T18:50:00Z,76.51694,8.69817,2.6,77.0
419000012,2025-06-11T18:55:00Z,76.52056,8.70031,2.9,59.0
419000012,2025-06-11T19:00:00Z,76.52138,8.70442,3.5,11.0
419000012,2025-06-11T19:05:00Z,76.5196,8.70821,3.3,335.0
419000012,2025-06-11T19:10:00Z,76.52095,8.71218,3.0,19.0
419000012,2025-06-11T19:15:00Z,76.51994,8.71625,3.1,346.0
419000012,2025-06-11T19:20:00Z,76.51982,8.72044,2.3,358.0
419000012,2025-06-11T19:25:00Z,76.51893,8.72453,3.3,348.0
419000012,2025-06-11T19:30:00Z,76.51911,8.72872,2.9,2.0
419000012,2025-06-11T19:35:00Z,76.52053,8.73266,3.6,20.0
419000012,2025-06-11T19:40:00Z,76.52035,8.73685,2.9,357.0
419000012,2025-06-11T19:45:00Z,76.51955,8.74096,2.8,349.0
419000012,2025-06-11T19:50:00Z,76.51896,8.74511,3.1,352.0
419000012,2025-06-11T19:55:00Z,76.51862,8.74929,2.8,355.0
419000012,2025-06-11T20:00:00Z,76.51821,8.75346,3.6,354.0
419000012,2025-06-11T20:05:00Z,76.51715,8.75751,3.1,345.0
419000012,2025-06-11T20:10:00Z,76.51741,8.76169,3.2,4.0
419000012,2025-06-11T20:15:00Z,76.52018,8.76484,3.2,41.0
419000012,2025-06-11T20:20:00Z,76.5237,8.76714,2.9,57.0
419000012,2025-06-11T20:25:00Z,76.52615,8.77055,3.2,36.0
419000012,2025-06-11T20:30:00Z,76.52922,8.77342,3.1,47.0
419000012,2025-06-11T20:35:00Z,76.53238,8.77619,3.7,49.0
419000012,2025-06-11T20:40:00Z,76.53609,8.77817,3.0,62.0
419000012,2025-06-11T20:45:00Z,76.53992,8.77642,3.2,115.0
419000012,2025-06-11T20:50:00Z,76.54391,8.77509,2.8,108.0
419000012,2025-06-11T20:55:00Z,76.54791,8.77378,2.9,108.0
419000012,2025-06-11T21:00:00Z,76.55209,8.7743,2.9,83.0
419000012,2025-06-11T21:05:00Z,76.55614,8.77542,3.5,75.0
419000012,2025-06-11T21:10:00Z,76.55972,8.77762,3.1,58.0
419000012,2025-06-11T21:15:00Z,76.56381,8.7766,3.4,104.0
419000012,2025-06-11T21:20:00Z,76.56769,8.77498,2.9,113.0
419000012,2025-06-11T21:25:00Z,76.57188,8.77451,2.9,96.0
419000012,2025-06-11T21:30:00Z,76.57387,8.77083,2.3,152.0
419000012,2025-06-11T21:35:00Z,76.57773,8.76915,3.4,114.0
419000012,2025-06-11T21:40:00Z,76.58053,8.76602,3.9,138.0
419000012,2025-06-11T21:45:00Z,76.58145,8.76193,2.9,167.0
419000012,2025-06-11T21:50:00Z,76.58117,8.75775,3.6,184.0
419000012,2025-06-11T21:55:00Z,76.58144,8.75357,3.4,176.0
419000012,2025-06-11T22:00:00Z,76.58197,8.74941,2.8,173.0
419000012,2025-06-11T22:05:00Z,76.58322,8.74541,3.3,163.0
419000012,2025-06-11T22:10:00Z,76.58283,8.74124,2.7,185.0
419000012,2025-06-11T22:15:00Z,76.58652,8.73923,2.9,119.0
419000012,2025-06-11T22:20:00Z,76.59061,8.73822,3.5,104.0
419000012,2025-06-11T22:25:00Z,76.5946,8.7369,3.1,108.0
419000012,2025-06-11T22:30:00Z,76.59881,8.73678,2.6,92.0
419000012,2025-06-11T22:35:00Z,76.6015,8.74001,3.6,40.0
419000012,2025-06-11T22:40:00Z,76.60377,8.74354,2.6,33.0
419000012,2025-06-11T22:45:00Z,76.60457,8.74765,3.0,11.0
419000012,2025-06-11T22:50:00Z,76.60692,8.75112,2.9,34.0
419000012,2025-06-11T22:55:00Z,76.61097,8.75228,3.0,74.0
419000012,2025-06-11T23:00:00Z,76.61506,8.7533,2.7,76.0
419000012,2025-06-11T23:05:00Z,76.61653,8.75722,2.4,21.0
419000012,2025-06-11T23:10:00Z,76.61762,8.76127,3.8,15.0
419000012,2025-06-11T23:15:00Z,76.61678,8.76537,2.7,348.0
419000012,2025-06-11T23:20:00Z,76.61736,8.76952,2.7,8.0
419000012,2025-06-11T23:25:00Z,76.62087,8.77184,2.1,57.0
419000012,2025-06-11T23:30:00Z,76.62471,8.77357,3.1,66.0
419000012,2025-06-11T23:35:00Z,76.6282,8.77124,3.6,124.0
419000012,2025-06-11T23:40:00Z,76.62913,8.76715,3.6,167.0
419000012,2025-06-11T23:45:00Z,76.62861,8.76299,4.1,187.0
419000012,2025-06-11T23:50:00Z,76.62987,8.759,3.6,162.0
419000012,2025-06-11T23:55:00Z,76.6307,8.75489,3.2,168.0
419000012,2025-06-12T00:00:00Z,76.63392,8.75219,3.1,130.0
419000012,2025-06-12T00:05:00Z,76.63514,8.74818,3.6,163.0
419000012,2025-06-12T00:10:00Z,76.63587,8.74405,3.0,170.0
419000012,2025-06-12T00:15:00Z,76.63359,8.74054,3.1,213.0
419000012,2025-06-12T00:20:00Z,76.63061,8.73757,2.7,225.0
419000012,2025-06-12T00:25:00Z,76.6311,8.73341,3.1,173.0
419000012,2025-06-12T00:30:00Z,76.62995,8.72938,3.8,196.0
419000012,2025-06-12T00:35:00Z,76.62689,8.7265,3.0,227.0
419000012,2025-06-12T00:40:00Z,76.62273,8.72712,3.2,278.0
419000012,2025-06-12T00:45:00Z,76.61867,8.72602,2.1,255.0
419000012,2025-06-12T00:50:00Z,76.61532,8.72347,3.6,233.0
419000012,2025-06-12T00:55:00Z,76.61173,8.72129,3.2,239.0
419000012,2025-06-12T01:00:00Z,76.60946,8.71776,3.6,213.0
419000012,2025-06-12T01:05:00Z,76.60966,8.71358,3.1,177.0
419000012,2025-06-12T01:10:00Z,76.61176,8.70995,2.7,150.0
419000012,2025-06-12T01:15:00Z,76.60862,8.70716,2.5,228.0
419000012,2025-06-12T01:20:00Z,76.60627,8.70368,3.2,214.0
419000012,2025-06-12T01:25:00Z,76.60565,8.69954,3.0,188.0
419000012,2025-06-12T01:30:00Z,76.60573,8.69535,2.6,179.0
419000012,2025-06-12T01:35:00Z,76.60558,8.69116,3.0,182.0
419000012,2025-06-12T01:40:00Z,76.60275,8.68806,2.8,222.0
419000012,2025-06-12T01:45:00Z,76.59874,8.68678,3.3,252.0
419000012,2025-06-12T01:50:00Z,76.59457,8.68735,2.9,278.0
419000012,2025-06-12T01:55:00Z,76.59045,8.68822,2.5,282.0
419000012,2025-06-12T02:00:00Z,76.58648,8.68961,3.0,289.0
419000012,2025-06-12T02:05:00Z,76.58228,8.68991,2.8,274.0
419000012,2025-06-12T02:10:00Z,76.57889,8.68744,3.6,234.0
419000012,2025-06-12T02:15:00Z,76.57507,8.68922,2.8,295.0
419000012,2025-06-12T02:20:00Z,76.57101,8.6903,2.5,285.0
419000012,2025-06-12T02:25:00Z,76.56812,8.69335,3.0,317.0
419000012,2025-06-12T02:30:00Z,76.56493,8.69607,2.9,310.0
419000013,2025-06-10T08:30:00Z,75.55,10.55,12.0,0.0
419000013,2025-06-10T08:35:00Z,75.55285,10.53355,12.0,170.0
419000013,2025-06-10T08:40:00Z,75.55571,10.51711,12.0,170.0
419000013,2025-06-10T08:45:00Z,75.55856,10.50066,12.0,170.0
419000013,2025-06-10T08:50:00Z,75.56142,10.48422,12.0,170.0
419000013,2025-06-10T08:55:00Z,75.56427,10.46777,12.0,170.0
419000013,2025-06-10T09:00:00Z,75.56712,10.45133,12.0,170.0
419000013,2025-06-10T09:05:00Z,75.56998,10.43488,12.0,170.0
419000013,2025-06-10T09:10:00Z,75.57283,10.41843,12.0,170.0
419000013,2025-06-10T09:15:00Z,75.57569,10.40199,12.0,170.0
419000013,2025-06-10T09:20:00Z,75.57854,10.38554,12.0,170.0
419000013,2025-06-10T09:25:00Z,75.58139,10.3691,12.0,170.0
419000013,2025-06-10T09:30:00Z,75.58425,10.35265,12.0,170.0
419000013,2025-06-10T09:35:00Z,75.5871,10.33621,12.0,170.0
419000013,2025-06-10T09:40:00Z,75.58996,10.31976,12.0,170.0
419000013,2025-06-10T09:45:00Z,75.59281,10.30331,12.0,170.0
419000013,2025-06-10T09:50:00Z,75.59567,10.28687,12.0,170.0
419000013,2025-06-10T09:55:00Z,75.59852,10.27042,12.0,170.0
419000013,2025-06-10T10:00:00Z,75.60137,10.25398,12.0,170.0
419000013,2025-06-10T10:05:00Z,75.60423,10.23753,12.0,170.0
419000013,2025-06-10T10:10:00Z,75.60708,10.22109,12.0,170.0
419000013,2025-06-10T10:15:00Z,75.60994,10.20464,12.0,170.0
419000013,2025-06-10T10:20:00Z,75.61279,10.1882,12.0,170.0
419000013,2025-06-10T10:25:00Z,75.61564,10.17175,12.0,170.0
419000013,2025-06-10T10:30:00Z,75.6185,10.1553,12.0,170.0
419000013,2025-06-10T10:35:00Z,75.62135,10.13886,12.0,170.0
419000013,2025-06-10T10:40:00Z,75.62421,10.12241,12.0,170.0
419000013,2025-06-10T10:45:00Z,75.62706,10.10597,12.0,170.0
419000013,2025-06-10T10:50:00Z,75.62991,10.08952,12.0,170.0
419000013,2025-06-10T10:55:00Z,75.63277,10.07308,12.0,170.0
419000013,2025-06-10T11:00:00Z,75.63562,10.05663,12.0,170.0
419000013,2025-06-10T11:05:00Z,75.63848,10.04018,12.0,170.0
419000013,2025-06-10T11:10:00Z,75.64133,10.02374,12.0,170.0
419000013,2025-06-10T11:15:00Z,75.64418,10.00729,12.0,170.0
419000013,2025-06-10T11:20:00Z,75.64704,9.99085,12.0,170.0
419000013,2025-06-10T11:25:00Z,75.64989,9.9744,12.0,170.0
419000013,2025-06-10T11:30:00Z,75.65275,9.95796,12.0,170.0
419000013,2025-06-10T11:35:00Z,75.6556,9.94151,12.0,170.0
419000013,2025-06-10T11:40:00Z,75.65845,9.92506,12.0,170.0
419000013,2025-06-10T11:45:00Z,75.66131,9.90862,12.0,170.0
419000013,2025-06-10T11:50:00Z,75.66416,9.89217,12.0,170.0
419000013,2025-06-10T11:55:00Z,75.66702,9.87573,12.0,170.0
419000013,2025-06-10T12:00:00Z,75.66987,9.85928,12.0,170.0
419000013,2025-06-10T12:05:00Z,75.67272,9.84284,12.0,170.0
419000013,2025-06-10T12:10:00Z,75.67558,9.82639,12.0,170.0
419000013,2025-06-10T12:15:00Z,75.67843,9.80994,12.0,170.0
419000013,2025-06-10T12:20:00Z,75.68129,9.7935,12.0,170.0
419000013,2025-06-10T12:25:00Z,75.68414,9.77705,12.0,170.0
419000013,2025-06-10T12:30:00Z,75.687,9.76061,12.0,170.0
419000013,2025-06-10T12:35:00Z,75.68985,9.74416,12.0,170.0
419000013,2025-06-10T12:40:00Z,75.6927,9.72772,12.0,170.0
419000013,2025-06-10T12:45:00Z,75.69556,9.71127,12.0,170.0
419000013,2025-06-10T12:50:00Z,75.69841,9.69483,12.0,170.0
419000013,2025-06-10T12:55:00Z,75.70127,9.67838,12.0,170.0
419000013,2025-06-10T13:00:00Z,75.70412,9.66193,12.0,170.0
419000013,2025-06-10T13:05:00Z,75.70697,9.64549,12.0,170.0
419000013,2025-06-10T13:10:00Z,75.70983,9.62904,12.0,170.0
419000013,2025-06-10T13:15:00Z,75.71268,9.6126,12.0,170.0
419000013,2025-06-10T13:20:00Z,75.71554,9.59615,12.0,170.0
419000013,2025-06-10T13:25:00Z,75.71839,9.57971,12.0,170.0
419000013,2025-06-10T13:30:00Z,75.72124,9.56326,12.0,170.0
419000013,2025-06-10T13:35:00Z,75.7241,9.54681,12.0,170.0
419000013,2025-06-10T13:40:00Z,75.72695,9.53037,12.0,170.0
419000013,2025-06-10T13:45:00Z,75.72981,9.51392,12.0,170.0
419000013,2025-06-10T13:50:00Z,75.73387,9.49748,12.1,166.0
419000013,2025-06-10T13:55:00Z,75.74462,9.48103,14.0,147.0
419000013,2025-06-10T14:00:00Z,75.75536,9.46459,14.0,147.0
419000013,2025-06-10T14:05:00Z,75.76611,9.44814,14.0,147.0
419000013,2025-06-10T14:10:00Z,75.77686,9.43169,14.0,147.0
419000013,2025-06-10T14:15:00Z,75.7876,9.41525,14.0,147.0
419000013,2025-06-10T14:20:00Z,75.79835,9.3988,14.0,147.0
419000013,2025-06-10T14:25:00Z,75.80909,9.38236,14.0,147.0
419000013,2025-06-10T14:30:00Z,75.81984,9.36591,14.0,147.0
419000013,2025-06-10T14:35:00Z,75.83059,9.34947,14.0,147.0
419000013,2025-06-10T14:40:00Z,75.84133,9.33302,14.0,147.0
419000013,2025-06-10T14:45:00Z,75.85208,9.31657,14.0,147.0
419000013,2025-06-10T14:50:00Z,75.86283,9.30013,14.0,147.0
419000013,2025-06-10T14:55:00Z,75.87357,9.28368,14.0,147.0
419000013,2025-06-10T15:00:00Z,75.88432,9.26724,14.0,147.0
419000013,2025-06-10T15:05:00Z,75.89506,9.25079,14.0,147.0
419000013,2025-06-10T15:10:00Z,75.90581,9.23435,14.0,147.0
419000013,2025-06-10T15:15:00Z,75.91656,9.2179,14.0,147.0
419000013,2025-06-10T15:20:00Z,75.9273,9.20145,14.0,147.0
419000013,2025-06-10T15:25:00Z,75.93805,9.18501,14.0,147.0
419000013,2025-06-10T15:30:00Z,75.9488,9.16856,14.0,147.0
419000013,2025-06-10T15:35:00Z,75.95954,9.15212,14.0,147.0
419000013,2025-06-10T15:40:00Z,75.97029,9.13567,14.0,147.0
419000013,2025-06-10T15:45:00Z,75.98103,9.11923,14.0,147.0
419000013,2025-06-10T15:50:00Z,75.99178,9.10278,14.0,147.0
419000013,2025-06-10T15:55:00Z,76.00253,9.08634,14.0,147.0
419000013,2025-06-10T16:00:00Z,76.01327,9.06989,14.0,147.0
419000013,2025-06-10T16:05:00Z,76.02402,9.05344,14.0,147.0
419000013,2025-06-10T16:10:00Z,76.03477,9.037,14.0,147.0
419000013,2025-06-10T16:15:00Z,76.04551,9.02055,14.0,147.0
419000013,2025-06-10T16:20:00Z,76.05626,9.00411,14.0,147.0
419000013,2025-06-10T16:25:00Z,76.067,8.98766,14.0,147.0
419000013,2025-06-10T16:30:00Z,76.07775,8.97122,14.0,147.0
419000013,2025-06-10T16:35:00Z,76.0885,8.95477,14.0,147.0
419000013,2025-06-10T16:40:00Z,76.09924,8.93832,14.0,147.0
419000013,2025-06-10T16:45:00Z,76.10999,8.92188,14.0,147.0
419000013,2025-06-10T16:50:00Z,76.12074,8.90543,14.0,147.0
419000013,2025-06-10T16:55:00Z,76.13148,8.88899,14.0,147.0
419000013,2025-06-10T17:00:00Z,76.14223,8.87254,14.0,147.0
419000013,2025-06-10T17:05:00Z,76.15297,8.8561,14.0,147.0
419000013,2025-06-10T17:10:00Z,76.16372,8.83965,14.0,147.0
419000013,2025-06-10T17:15:00Z,76.17447,8.8232,14.0,147.0
419000013,2025-06-10T17:20:00Z,76.18521,8.80676,14.0,147.0
419000013,2025-06-10T17:25:00Z,76.19596,8.79031,14.0,147.0
419000013,2025-06-10T17:30:00Z,76.20671,8.77387,14.0,147.0
419000013,2025-06-10T17:35:00Z,76.21745,8.75742,14.0,147.0
419000013,2025-06-10T17:40:00Z,76.2282,8.74098,14.0,147.0
419000013,2025-06-10T17:45:00Z,76.23894,8.72453,14.0,147.0
419000013,2025-06-10T17:50:00Z,76.24969,8.70808,14.0,147.0
419000013,2025-06-10T17:55:00Z,76.26044,8.69164,14.0,147.0
419000013,2025-06-10T18:00:00Z,76.27118,8.67519,14.0,147.0
419000013,2025-06-10T18:05:00Z,76.28193,8.65875,14.0,147.0
419000013,2025-06-10T18:10:00Z,76.29268,8.6423,14.0,147.0
419000013,2025-06-10T18:15:00Z,76.30342,8.62586,14.0,147.0
419000013,2025-06-10T18:20:00Z,76.31417,8.60941,14.0,147.0
419000013,2025-06-10T18:25:00Z,76.32491,8.59296,14.0,147.0
419000013,2025-06-10T18:30:00Z,76.33566,8.57652,14.0,147.0
419000013,2025-06-10T18:35:00Z,76.34641,8.56007,14.0,147.0
419000013,2025-06-10T18:40:00Z,76.35715,8.54363,14.0,147.0
419000013,2025-06-10T18:45:00Z,76.3679,8.52718,14.0,147.0
419000013,2025-06-10T18:50:00Z,76.37865,8.51074,14.0,147.0
419000013,2025-06-10T18:55:00Z,76.38939,8.49429,14.0,147.0
419000013,2025-06-10T19:00:00Z,76.40014,8.47785,14.0,147.0
419000013,2025-06-10T19:05:00Z,76.41088,8.4614,14.0,147.0
419000014,2025-06-11T16:30:00Z,76.25,9.95,5.4,0.0
419000014,2025-06-11T16:35:00Z,76.24361,9.94583,5.4,237.0
419000014,2025-06-11T16:40:00Z,76.23722,9.94167,5.4,237.0
419000014,2025-06-11T16:45:00Z,76.23083,9.9375,5.4,237.0
419000014,2025-06-11T16:50:00Z,76.22444,9.93333,5.4,237.0
419000014,2025-06-11T16:55:00Z,76.21806,9.92917,5.4,237.0
419000014,2025-06-11T17:00:00Z,76.21167,9.925,5.4,237.0
419000014,2025-06-11T17:05:00Z,76.20528,9.92083,5.4,237.0
419000014,2025-06-11T17:10:00Z,76.19889,9.91667,5.4,237.0
419000014,2025-06-11T17:15:00Z,76.1925,9.9125,5.4,237.0
419000014,2025-06-11T17:20:00Z,76.18611,9.90833,5.4,237.0
419000014,2025-06-11T17:25:00Z,76.17972,9.90417,5.4,237.0
419000014,2025-06-11T17:30:00Z,76.17333,9.9,5.4,237.0
419000014,2025-06-11T17:35:00Z,76.16694,9.89583,5.4,237.0
419000014,2025-06-11T17:40:00Z,76.16056,9.89167,5.4,237.0
419000014,2025-06-11T17:45:00Z,76.15417,9.8875,5.4,237.0
419000014,2025-06-11T17:50:00Z,76.14778,9.88333,5.4,237.0
419000014,2025-06-11T17:55:00Z,76.14139,9.87917,5.4,237.0
419000014,2025-06-11T18:00:00Z,76.135,9.875,5.4,237.0
419000014,2025-06-11T18:05:00Z,76.12861,9.87083,5.4,237.0
419000014,2025-06-11T18:10:00Z,76.12222,9.86667,5.4,237.0
419000014,2025-06-11T18:15:00Z,76.11583,9.8625,5.4,237.0
419000014,2025-06-11T18:20:00Z,76.10944,9.85833,5.4,237.0
419000014,2025-06-11T18:25:00Z,76.10306,9.85417,5.4,237.0
419000014,2025-06-11T18:30:00Z,76.09667,9.85,5.4,237.0
419000014,2025-06-11T18:35:00Z,76.09028,9.84583,5.4,237.0
419000014,2025-06-11T18:40:00Z,76.08389,9.84167,5.4,237.0
419000014,2025-06-11T18:45:00Z,76.0775,9.8375,5.4,237.0
419000014,2025-06-11T18:50:00Z,76.07111,9.83333,5.4,237.0
419000014,2025-06-11T18:55:00Z,76.06472,9.82917,5.4,237.0
419000014,2025-06-11T19:00:00Z,76.05833,9.825,5.4,237.0
419000014,2025-06-11T19:05:00Z,76.05194,9.82083,5.4,237.0
419000014,2025-06-11T19:10:00Z,76.04556,9.81667,5.4,237.0
419000014,2025-06-11T19:15:00Z,76.03917,9.8125,5.4,237.0
419000014,2025-06-11T19:20:00Z,76.03278,9.80833,5.4,237.0
419000014,2025-06-11T19:25:00Z,76.02639,9.80417,5.4,237.0
419000014,2025-06-11T19:30:00Z,76.02,9.8,5.4,237.0
419000014,2025-06-11T19:35:00Z,76.02639,9.80417,5.4,57.0
419000014,2025-06-11T19:40:00Z,76.03278,9.80833,5.4,57.0
419000014,2025-06-11T19:45:00Z,76.03917,9.8125,5.4,57.0
419000014,2025-06-11T19:50:00Z,76.04556,9.81667,5.4,57.0
419000014,2025-06-11T19:55:00Z,76.05194,9.82083,5.4,57.0
419000014,2025-06-11T20:00:00Z,76.05833,9.825,5.4,57.0
419000014,2025-06-11T20:05:00Z,76.06472,9.82917,5.4,57.0
419000014,2025-06-11T20:10:00Z,76.07111,9.83333,5.4,57.0
419000014,2025-06-11T20:15:00Z,76.0775,9.8375,5.4,57.0
419000014,2025-06-11T20:20:00Z,76.08389,9.84167,5.4,57.0
419000014,2025-06-11T20:25:00Z,76.09028,9.84583,5.4,57.0
419000014,2025-06-11T20:30:00Z,76.09667,9.85,5.4,57.0
419000014,2025-06-11T20:35:00Z,76.10306,9.85417,5.4,57.0
419000014,2025-06-11T20:40:00Z,76.10944,9.85833,5.4,57.0
419000014,2025-06-11T20:45:00Z,76.11583,9.8625,5.4,57.0
419000014,2025-06-11T20:50:00Z,76.12222,9.86667,5.4,57.0
419000014,2025-06-11T20:55:00Z,76.12861,9.87083,5.4,57.0
419000014,2025-06-11T21:00:00Z,76.135,9.875,5.4,57.0
419000014,2025-06-11T21:05:00Z,76.14139,9.87917,5.4,57.0
419000014,2025-06-11T21:10:00Z,76.14778,9.88333,5.4,57.0
419000014,2025-06-11T21:15:00Z,76.15417,9.8875,5.4,57.0
419000014,2025-06-11T21:20:00Z,76.16056,9.89167,5.4,57.0
419000014,2025-06-11T21:25:00Z,76.16694,9.89583,5.4,57.0
419000014,2025-06-11T21:30:00Z,76.17333,9.9,5.4,57.0
419000014,2025-06-11T21:35:00Z,76.17972,9.90417,5.4,57.0
419000014,2025-06-11T21:40:00Z,76.18611,9.90833,5.4,57.0
419000014,2025-06-11T21:45:00Z,76.1925,9.9125,5.4,57.0
419000014,2025-06-11T21:50:00Z,76.19889,9.91667,5.4,57.0
419000014,2025-06-11T21:55:00Z,76.20528,9.92083,5.4,57.0
419000014,2025-06-11T22:00:00Z,76.21167,9.925,5.4,57.0
419000014,2025-06-11T22:05:00Z,76.21806,9.92917,5.4,57.0
419000014,2025-06-11T22:10:00Z,76.22444,9.93333,5.4,57.0
419000014,2025-06-11T22:15:00Z,76.23083,9.9375,5.4,57.0
419000014,2025-06-11T22:20:00Z,76.23722,9.94167,5.4,57.0
419000014,2025-06-11T22:25:00Z,76.24361,9.94583,5.4,57.0
419000014,2025-06-11T22:30:00Z,76.25,9.95,5.4,57.0
419000015,2025-06-11T04:30:00Z,76.28,9.7,4.0,0.0
419000015,2025-06-11T04:35:00Z,76.27454,9.70017,4.0,272.0
419000015,2025-06-11T04:40:00Z,76.2703,9.69675,4.1,231.0
419000015,2025-06-11T04:45:00Z,76.26808,9.6918,4.1,204.0
419000015,2025-06-11T04:50:00Z,76.26492,9.68737,4.3,216.0
419000015,2025-06-11T04:55:00Z,76.26302,9.68228,4.4,200.0
419000015,2025-06-11T05:00:00Z,76.25986,9.67786,4.0,216.0
419000015,2025-06-11T05:05:00Z,76.25521,9.67502,4.8,239.0
419000015,2025-06-11T05:10:00Z,76.2536,9.66984,3.7,197.0
419000015,2025-06-11T05:15:00Z,76.24965,9.66609,3.8,226.0
419000015,2025-06-11T05:20:00Z,76.24698,9.66135,4.0,209.0
419000015,2025-06-11T05:25:00Z,76.24152,9.66128,3.6,269.0
419000015,2025-06-11T05:30:00Z,76.23639,9.66314,3.3,290.0
419000015,2025-06-11T05:35:00Z,76.23094,9.66357,3.4,275.0
419000015,2025-06-11T05:40:00Z,76.22557,9.66455,4.3,280.0
419000015,2025-06-11T05:45:00Z,76.22033,9.66609,3.6,286.0
419000015,2025-06-11T05:50:00Z,76.21542,9.66847,3.3,296.0
419000015,2025-06-11T05:55:00Z,76.21318,9.67342,4.6,336.0
419000015,2025-06-11T06:00:00Z,76.21235,9.67878,4.0,351.0
419000015,2025-06-11T06:05:00Z,76.21577,9.68301,4.0,39.0
419000015,2025-06-11T06:10:00Z,76.22034,9.68597,3.5,57.0
419000015,2025-06-11T06:15:00Z,76.22464,9.68932,4.0,52.0
419000015,2025-06-11T06:20:00Z,76.22541,9.69469,3.7,8.0
419000015,2025-06-11T06:25:00Z,76.22216,9.69905,4.0,323.0
419000015,2025-06-11T06:30:00Z,76.21937,9.70371,3.9,329.0
419000015,2025-06-11T06:35:00Z,76.21833,9.70904,3.8,349.0
419000015,2025-06-11T06:40:00Z,76.2211,9.71371,4.0,31.0
419000015,2025-06-11T06:45:00Z,76.22232,9.719,3.5,13.0
419000015,2025-06-11T06:50:00Z,76.22375,9.72424,3.7,15.0
419000015,2025-06-11T06:55:00Z,76.22297,9.7296,3.6,352.0
419000015,2025-06-11T07:00:00Z,76.22107,9.73469,4.0,340.0
419000015,2025-06-11T07:05:00Z,76.21562,9.73511,4.2,274.0
419000015,2025-06-11T07:10:00Z,76.21069,9.73745,4.2,295.0
419000015,2025-06-11T07:15:00Z,76.20525,9.73791,3.1,275.0
419000015,2025-06-11T07:20:00Z,76.19979,9.73818,4.6,273.0
419000015,2025-06-11T07:25:00Z,76.19452,9.73963,3.8,285.0
419000015,2025-06-11T07:30:00Z,76.18958,9.74195,3.8,295.0
419000015,2025-06-11T07:35:00Z,76.18424,9.74079,3.9,258.0
419000015,2025-06-11T07:40:00Z,76.17956,9.74359,3.9,301.0
419000015,2025-06-11T07:45:00Z,76.17626,9.74791,4.4,323.0
419000015,2025-06-11T07:50:00Z,76.17414,9.75291,3.9,337.0
419000015,2025-06-11T07:55:00Z,76.1705,9.75695,4.0,318.0
419000015,2025-06-11T08:00:00Z,76.16504,9.75717,4.3,272.0
419000015,2025-06-11T08:05:00Z,76.16113,9.75338,4.4,226.0
419000015,2025-06-11T08:10:00Z,76.15765,9.7492,3.5,220.0
419000015,2025-06-11T08:15:00Z,76.15384,9.74531,3.4,224.0
419000015,2025-06-11T08:20:00Z,76.15161,9.74036,3.1,204.0
419000015,2025-06-11T08:25:00Z,76.14629,9.73909,3.1,257.0
419000015,2025-06-11T08:30:00Z,76.14085,9.73863,4.0,265.0
419000015,2025-06-11T08:35:00Z,76.13584,9.74081,3.9,294.0
419000015,2025-06-11T08:40:00Z,76.13231,9.74495,3.9,319.0
419000015,2025-06-11T08:45:00Z,76.12714,9.74672,4.0,289.0
419000015,2025-06-11T08:50:00Z,76.12345,9.75071,4.0,317.0
419000015,2025-06-11T08:55:00Z,76.12075,9.75543,4.4,330.0
419000015,2025-06-11T09:00:00Z,76.11575,9.75764,4.6,294.0
419000015,2025-06-11T09:05:00Z,76.11187,9.76146,3.6,315.0
419000015,2025-06-11T09:10:00Z,76.1105,9.76671,4.5,345.0
419000015,2025-06-11T09:15:00Z,76.11178,9.77198,4.3,14.0
419000015,2025-06-11T09:20:00Z,76.11554,9.77591,3.6,44.0
419000015,2025-06-11T09:25:00Z,76.11585,9.78133,4.0,3.0
419000015,2025-06-11T09:30:00Z,76.11548,9.78674,3.7,356.0
419000015,2025-06-11T09:35:00Z,76.11365,9.79185,3.2,340.0
419000015,2025-06-11T09:40:00Z,76.11196,9.79701,3.9,342.0
419000015,2025-06-11T09:45:00Z,76.11056,9.80225,3.2,345.0
419000015,2025-06-11T09:50:00Z,76.11218,9.80742,3.9,17.0
419000015,2025-06-11T09:55:00Z,76.11561,9.81165,3.5,39.0
419000015,2025-06-11T10:00:00Z,76.11704,9.81688,3.8,15.0
419000015,2025-06-11T10:05:00Z,76.12062,9.82098,4.2,41.0
419000015,2025-06-11T10:10:00Z,76.12609,9.82121,3.9,88.0
419000015,2025-06-11T10:15:00Z,76.13152,9.82061,3.6,96.0
419000015,2025-06-11T10:20:00Z,76.1359,9.82386,4.0,53.0
419000015,2025-06-11T10:25:00Z,76.13901,9.82832,4.2,35.0
419000015,2025-06-11T10:30:00Z,76.14171,9.83304,4.3,30.0
419000015,2025-06-11T10:35:00Z,76.14012,9.83823,3.6,343.0
419000015,2025-06-11T10:40:00Z,76.13817,9.84329,4.3,339.0
419000015,2025-06-11T10:45:00Z,76.13356,9.84622,3.8,302.0
419000015,2025-06-11T10:50:00Z,76.13045,9.85068,3.7,325.0
419000015,2025-06-11T10:55:00Z,76.12904,9.85592,4.4,345.0
419000015,2025-06-11T11:00:00Z,76.12742,9.8611,4.1,343.0
419000015,2025-06-11T11:05:00Z,76.13082,9.85685,4.2,141.0
419000015,2025-06-11T11:10:00Z,76.13539,9.85388,3.9,123.0
419000015,2025-06-11T11:15:00Z,76.1407,9.8526,3.2,103.0
419000015,2025-06-11T11:20:00Z,76.14455,9.84875,4.1,135.0
419000015,2025-06-11T11:25:00Z,76.14955,9.84657,4.1,114.0
419000015,2025-06-11T11:30:00Z,76.15481,9.84804,3.8,74.0
419000015,2025-06-11T11:35:00Z,76.16024,9.84739,4.6,97.0
419000015,2025-06-11T11:40:00Z,76.16316,9.8428,3.9,148.0
419000015,2025-06-11T11:45:00Z,76.16184,9.83754,4.6,194.0
419000015,2025-06-11T11:50:00Z,76.15861,9.83317,4.4,217.0
419000015,2025-06-11T11:55:00Z,76.15317,9.83376,3.6,276.0
419000015,2025-06-11T12:00:00Z,76.14772,9.83338,3.6,266.0
419000015,2025-06-11T12:05:00Z,76.14485,9.838,3.8,328.0
419000015,2025-06-11T12:10:00Z,76.14745,9.84277,3.9,29.0
419000015,2025-06-11T12:15:00Z,76.1492,9.8479,4.2,19.0
419000015,2025-06-11T12:20:00Z,76.15198,9.85258,3.7,31.0
419000015,2025-06-11T12:25:00Z,76.15137,9.85797,3.5,354.0
419000015,2025-06-11T12:30:00Z,76.14818,9.86237,4.8,324.0
419000015,2025-06-11T12:35:00Z,76.14635,9.86748,3.9,340.0
419000015,2025-06-11T12:40:00Z,76.14199,9.87075,4.0,307.0
419000015,2025-06-11T12:45:00Z,76.138,9.87447,4.6,313.0
419000015,2025-06-11T12:50:00Z,76.14128,9.87012,4.0,143.0
419000015,2025-06-11T12:55:00Z,76.1421,9.86476,3.0,171.0
419000015,2025-06-11T13:00:00Z,76.13808,9.86109,4.1,228.0
419000015,2025-06-11T13:05:00Z,76.13372,9.85782,3.7,233.0
419000015,2025-06-11T13:10:00Z,76.1283,9.85709,4.3,262.0
419000015,2025-06-11T13:15:00Z,76.12385,9.86025,3.2,305.0
419000015,2025-06-11T13:20:00Z,76.12836,9.85717,4.0,124.0
419000015,2025-06-11T13:25:00Z,76.13286,9.86025,4.2,56.0
419000015,2025-06-11T13:30:00Z,76.13794,9.86224,4.5,69.0
419000015,2025-06-11T13:35:00Z,76.14334,9.86137,4.3,99.0
419000015,2025-06-11T13:40:00Z,76.14839,9.8593,4.3,112.0
419000015,2025-06-11T13:45:00Z,76.14902,9.85391,3.9,173.0
419000015,2025-06-11T13:50:00Z,76.14565,9.84964,3.9,218.0
419000015,2025-06-11T13:55:00Z,76.14082,9.84711,3.5,242.0
419000015,2025-06-11T14:00:00Z,76.13599,9.84457,4.3,242.0
419000015,2025-06-11T14:05:00Z,76.13265,9.84027,4.5,218.0
419000015,2025-06-11T14:10:00Z,76.12903,9.83621,4.2,222.0
419000015,2025-06-11T14:15:00Z,76.12445,9.83324,3.6,237.0
419000015,2025-06-11T14:20:00Z,76.11993,9.83019,3.4,236.0
419000015,2025-06-11T14:25:00Z,76.11587,9.82656,3.7,228.0
419000015,2025-06-11T14:30:00Z,76.11253,9.82227,4.5,218.0
419000015,2025-06-11T14:35:00Z,76.10786,9.81945,4.0,239.0
419000015,2025-06-11T14:40:00Z,76.10686,9.81412,3.5,191.0
419000015,2025-06-11T14:45:00Z,76.10664,9.8087,3.8,182.0
419000015,2025-06-11T14:50:00Z,76.10615,9.8033,4.2,185.0
419000015,2025-06-11T14:55:00Z,76.10375,9.79842,3.7,206.0
419000015,2025-06-11T15:00:00Z,76.09975,9.79472,3.7,227.0
419000015,2025-06-11T15:05:00Z,76.09614,9.79065,3.7,222.0
419000015,2025-06-11T15:10:00Z,76.09379,9.78576,3.6,206.0
419000015,2025-06-11T15:15:00Z,76.09448,9.78038,4.7,173.0
419000015,2025-06-11T15:20:00Z,76.09199,9.77555,3.6,207.0
419000015,2025-06-11T15:25:00Z,76.08814,9.7717,4.0,225.0
419000015,2025-06-11T15:30:00Z,76.08386,9.76833,4.4,232.0
419000015,2025-06-11T15:35:00Z,76.08099,9.76371,3.9,212.0
419000015,2025-06-11T15:40:00Z,76.08098,9.75829,3.8,180.0
419000015,2025-06-11T15:45:00Z,76.07787,9.75382,3.9,215.0
419000015,2025-06-11T15:50:00Z,76.07472,9.74939,3.9,215.0
419000015,2025-06-11T15:55:00Z,76.07056,9.74588,3.8,230.0
419000015,2025-06-11T16:00:00Z,76.06522,9.74703,3.7,282.0
419000015,2025-06-11T16:05:00Z,76.06052,9.74425,3.8,239.0
419000015,2025-06-11T16:10:00Z,76.06571,9.74255,4.0,108.0
419000015,2025-06-11T16:15:00Z,76.07007,9.73927,4.6,127.0
419000015,2025-06-11T16:20:00Z,76.07548,9.7385,3.8,98.0
419000015,2025-06-11T16:25:00Z,76.0809,9.73786,4.2,97.0
419000015,2025-06-11T16:30:00Z,76.08629,9.73877,3.8,80.0
419000015,2025-06-11T16:35:00Z,76.09123,9.74109,3.5,65.0
419000015,2025-06-11T16:40:00Z,76.09655,9.74235,3.5,77.0
419000015,2025-06-11T16:45:00Z,76.10197,9.743,4.0,83.0
419000015,2025-06-11T16:50:00Z,76.10681,9.74047,3.4,118.0
419000015,2025-06-11T16:55:00Z,76.11059,9.73656,4.1,136.0
419000015,2025-06-11T17:00:00Z,76.1106,9.73113,3.8,180.0
419000015,2025-06-11T17:05:00Z,76.11271,9.72613,4.6,157.0
419000015,2025-06-11T17:10:00Z,76.11367,9.72079,3.5,170.0
419000015,2025-06-11T17:15:00Z,76.11787,9.71732,4.4,130.0
419000015,2025-06-11T17:20:00Z,76.12329,9.71802,4.5,83.0
419000015,2025-06-11T17:25:00Z,76.12702,9.72198,4.2,43.0
419000015,2025-06-11T17:30:00Z,76.13193,9.72437,3.7,64.0
419000015,2025-06-11T17:35:00Z,76.13706,9.72623,4.1,70.0
419000015,2025-06-11T17:40:00Z,76.13922,9.73121,4.0,23.0
419000015,2025-06-11T17:45:00Z,76.144,9.73384,3.9,61.0
419000015,2025-06-11T17:50:00Z,76.14947,9.73394,4.3,89.0
419000015,2025-06-11T17:55:00Z,76.1549,9.73453,3.9,84.0
419000015,2025-06-11T18:00:00Z,76.16022,9.73577,4.0,77.0
419000015,2025-06-11T18:05:00Z,76.16553,9.73703,4.4,77.0
419000015,2025-06-11T18:10:00Z,76.16915,9.7411,3.9,42.0
419000015,2025-06-11T18:15:00Z,76.17433,9.73935,3.8,109.0
419000015,2025-06-11T18:20:00Z,76.17977,9.73885,4.0,95.0
419000015,2025-06-11T18:25:00Z,76.18523,9.73888,3.7,90.0
419000015,2025-06-11T18:30:00Z,76.19062,9.7398,3.0,80.0
419000015,2025-06-11T18:35:00Z,76.1954,9.74243,3.7,61.0
419000015,2025-06-11T18:40:00Z,76.19852,9.74689,3.9,35.0
419000015,2025-06-11T18:45:00Z,76.20233,9.75077,3.5,44.0
419000015,2025-06-11T18:50:00Z,76.20315,9.75613,3.2,9.0
419000015,2025-06-11T18:55:00Z,76.20115,9.76118,4.1,338.0
419000015,2025-06-11T19:00:00Z,76.19729,9.76502,3.7,315.0
419000015,2025-06-11T19:05:00Z,76.19524,9.77004,4.2,338.0
419000015,2025-06-11T19:10:00Z,76.19101,9.77347,4.1,309.0
419000015,2025-06-11T19:15:00Z,76.18563,9.77445,4.5,280.0
419000015,2025-06-11T19:20:00Z,76.18048,9.77627,4.1,289.0
419000015,2025-06-11T19:25:00Z,76.17516,9.77503,4.3,257.0
419000015,2025-06-11T19:30:00Z,76.17012,9.77292,4.5,247.0
419000015,2025-06-11T19:35:00Z,76.16466,9.77315,3.8,272.0
419000015,2025-06-11T19:40:00Z,76.15936,9.77447,4.4,284.0
419000015,2025-06-11T19:45:00Z,76.15407,9.77584,4.4,285.0
419000015,2025-06-11T19:50:00Z,76.15118,9.78044,3.2,328.0
419000015,2025-06-11T19:55:00Z,76.14737,9.78433,3.5,316.0
419000015,2025-06-11T20:00:00Z,76.14255,9.78688,4.0,298.0
419000015,2025-06-11T20:05:00Z,76.1375,9.78479,4.6,247.0
419000015,2025-06-11T20:10:00Z,76.13244,9.78275,3.8,248.0
419000015,2025-06-11T20:15:00Z,76.12699,9.78234,3.4,266.0
419000015,2025-06-11T20:20:00Z,76.12199,9.78015,3.3,246.0
419000015,2025-06-11T20:25:00Z,76.11725,9.78284,4.0,300.0
419000015,2025-06-11T20:30:00Z,76.11441,9.78748,4.0,329.0
419000015,2025-06-11T20:35:00Z,76.11392,9.79288,3.7,355.0
419000015,2025-06-11T20:40:00Z,76.1104,9.79703,4.0,320.0
419000015,2025-06-11T20:45:00Z,76.10749,9.80162,3.8,328.0
419000015,2025-06-11T20:50:00Z,76.10545,9.80665,4.4,338.0
419000015,2025-06-11T20:55:00Z,76.10005,9.80751,3.4,279.0
419000015,2025-06-11T21:00:00Z,76.09464,9.80826,3.7,278.0
419000015,2025-06-11T21:05:00Z,76.08917,9.80833,4.4,271.0
419000015,2025-06-11T21:10:00Z,76.08563,9.8042,3.7,221.0
419000015,2025-06-11T21:15:00Z,76.0812,9.80102,3.6,234.0
419000015,2025-06-11T21:20:00Z,76.08541,9.79756,3.8,129.0
419000015,2025-06-11T21:25:00Z,76.0907,9.79617,4.6,105.0
419000015,2025-06-11T21:30:00Z,76.09612,9.79551,4.0,97.0
419000015,2025-06-11T21:35:00Z,76.10038,9.79211,4.5,129.0
419000015,2025-06-11T21:40:00Z,76.10567,9.79074,3.5,104.0
419000015,2025-06-11T21:45:00Z,76.11064,9.7885,3.8,114.0
419000015,2025-06-11T21:50:00Z,76.1156,9.7862,4.2,115.0
419000015,2025-06-11T21:55:00Z,76.12033,9.78349,4.0,120.0
419000015,2025-06-11T22:00:00Z,76.12154,9.7782,3.7,167.0
419000015,2025-06-11T22:05:00Z,76.12611,9.77523,3.0,123.0
419000015,2025-06-11T22:10:00Z,76.12828,9.77025,4.1,156.0
419000015,2025-06-11T22:15:00Z,76.12978,9.76504,4.2,164.0
419000015,2025-06-11T22:20:00Z,76.13155,9.7599,4.1,161.0
419000015,2025-06-11T22:25:00Z,76.13657,9.75777,3.2,113.0
419000015,2025-06-11T22:30:00Z,76.14122,9.75492,3.3,122.0
419000015,2025-06-11T22:35:00Z,76.14636,9.75308,3.7,110.0
419000015,2025-06-11T22:40:00Z,76.14868,9.758,3.5,25.0
419000015,2025-06-11T22:45:00Z,76.1473,9.76324,4.3,345.0
419000015,2025-06-11T22:50:00Z,76.14315,9.76678,3.5,310.0
419000015,2025-06-11T22:55:00Z,76.13779,9.76784,3.8,281.0
419000015,2025-06-11T23:00:00Z,76.13236,9.76721,3.4,263.0
419000015,2025-06-11T23:05:00Z,76.12767,9.76443,3.2,239.0
419000015,2025-06-11T23:10:00Z,76.12236,9.76571,4.3,284.0
419000015,2025-06-11T23:15:00Z,76.11844,9.76949,4.0,314.0
419000015,2025-06-11T23:20:00Z,76.11435,9.77309,3.6,311.0
419000015,2025-06-11T23:25:00Z,76.11352,9.77845,3.9,351.0
419000015,2025-06-11T23:30:00Z,76.11786,9.78175,3.0,53.0
419000015,2025-06-11T23:35:00Z,76.12287,9.78392,4.5,67.0
419000015,2025-06-11T23:40:00Z,76.12546,9.78869,3.5,28.0
419000015,2025-06-11T23:45:00Z,76.1289,9.79291,3.1,39.0
419000015,2025-06-11T23:50:00Z,76.13428,9.79386,3.5,80.0
419000015,2025-06-11T23:55:00Z,76.13853,9.79726,4.0,51.0
419000015,2025-06-12T00:00:00Z,76.14277,9.8007,3.9,51.0
419000015,2025-06-12T00:05:00Z,76.1481,9.80186,4.2,78.0
419000015,2025-06-12T00:10:00Z,76.15319,9.79987,4.2,111.0
419000015,2025-06-12T00:15:00Z,76.15699,9.79597,3.9,136.0
419000015,2025-06-12T00:20:00Z,76.16,9.79144,4.3,146.0
419000015,2025-06-12T00:25:00Z,76.16332,9.78714,3.2,142.0
419000015,2025-06-12T00:30:00Z,76.16774,9.78394,4.1,126.0
419000015,2025-06-12T00:35:00Z,76.17006,9.77903,4.1,155.0
419000015,2025-06-12T00:40:00Z,76.16992,9.77361,4.0,181.0
419000015,2025-06-12T00:45:00Z,76.1711,9.76831,3.8,167.0
419000015,2025-06-12T00:50:00Z,76.17403,9.76374,3.7,147.0
419000015,2025-06-12T00:55:00Z,76.17368,9.75832,3.6,184.0
419000015,2025-06-12T01:00:00Z,76.17076,9.75374,3.2,213.0
419000015,2025-06-12T01:05:00Z,76.16978,9.74841,3.7,190.0
419000015,2025-06-12T01:10:00Z,76.17309,9.74409,4.3,143.0
419000015,2025-06-12T01:15:00Z,76.17615,9.7396,4.5,146.0
419000015,2025-06-12T01:20:00Z,76.17718,9.73427,3.7,169.0
419000015,2025-06-12T01:25:00Z,76.1756,9.72907,3.7,197.0
419000015,2025-06-12T01:30:00Z,76.17209,9.72492,3.7,220.0
419000015,2025-06-12T01:35:00Z,76.17251,9.71952,3.8,176.0
419000015,2025-06-12T01:40:00Z,76.17282,9.7141,3.9,177.0
419000015,2025-06-12T01:45:00Z,76.17418,9.70885,4.1,165.0
419000015,2025-06-12T01:50:00Z,76.17737,9.70445,4.5,144.0
419000015,2025-06-12T01:55:00Z,76.17388,9.70028,3.1,220.0
419000015,2025-06-12T02:00:00Z,76.17039,9.6961,3.5,220.0
419000015,2025-06-12T02:05:00Z,76.16642,9.69238,3.7,227.0
419000015,2025-06-12T02:10:00Z,76.16306,9.6881,3.9,218.0
419000015,2025-06-12T02:15:00Z,76.15846,9.68517,4.0,238.0
419000015,2025-06-12T02:20:00Z,76.15299,9.68524,4.6,271.0
419000015,2025-06-12T02:25:00Z,76.14758,9.68452,3.5,262.0
419000015,2025-06-12T02:30:00Z,76.14218,9.6837,4.1,261.0
419000015,2025-06-12T02:35:00Z,76.1371,9.6817,3.8,248.0
419000015,2025-06-12T02:40:00Z,76.13368,9.67747,3.9,219.0
419000015,2025-06-12T02:45:00Z,76.13068,9.67294,4.0,213.0
419000015,2025-06-12T02:50:00Z,76.12695,9.66897,4.2,223.0
419000015,2025-06-12T02:55:00Z,76.1232,9.66503,3.9,224.0
419000015,2025-06-12T03:00:00Z,76.11999,9.66064,3.4,216.0
419000015,2025-06-12T03:05:00Z,76.12169,9.65548,4.1,162.0
419000015,2025-06-12T03:10:00Z,76.12252,9.65013,4.1,171.0
419000015,2025-06-12T03:15:00Z,76.12293,9.64472,3.3,176.0
419000015,2025-06-12T03:20:00Z,76.11947,9.64052,4.1,220.0
419000015,2025-06-12T03:25:00Z,76.11756,9.63544,3.9,201.0
419000015,2025-06-12T03:30:00Z,76.11941,9.63034,3.8,160.0
419000015,2025-06-12T03:35:00Z,76.12471,9.62901,3.9,104.0
419000015,2025-06-12T03:40:00Z,76.13015,9.62949,4.6,85.0
419000015,2025-06-12T03:45:00Z,76.13557,9.63022,3.2,82.0
419000015,2025-06-12T03:50:00Z,76.14103,9.63033,4.0,89.0
419000015,2025-06-12T03:55:00Z,76.14473,9.63432,3.1,43.0
419000015,2025-06-12T04:00:00Z,76.14709,9.63921,3.9,26.0
419000015,2025-06-12T04:05:00Z,76.15151,9.6424,4.3,54.0
419000015,2025-06-12T04:10:00Z,76.15599,9.64552,3.2,55.0
419000015,2025-06-12T04:15:00Z,76.15982,9.64939,4.3,45.0
419000015,2025-06-12T04:20:00Z,76.1628,9.65393,4.1,33.0
419000015,2025-06-12T04:25:00Z,76.16158,9.65921,3.8,347.0
419000015,2025-06-12T04:30:00Z,76.15716,9.6624,3.8,306.0
419000015,2025-06-12T04:35:00Z,76.15202,9.66426,3.9,290.0
419000015,2025-06-12T04:40:00Z,76.14885,9.66867,3.9,324.0
419000015,2025-06-12T04:45:00Z,76.14853,9.67409,3.9,357.0
419000015,2025-06-12T04:50:00Z,76.14772,9.67945,4.3,351.0
419000015,2025-06-12T04:55:00Z,76.14853,9.68481,4.2,9.0
419000015,2025-06-12T05:00:00Z,76.15039,9.68991,3.5,20.0
419000015,2025-06-12T05:05:00Z,76.15472,9.69322,4.3,53.0
419000015,2025-06-12T05:10:00Z,76.15757,9.69785,4.6,32.0
419000015,2025-06-12T05:15:00Z,76.16097,9.7021,4.6,39.0
419000015,2025-06-12T05:20:00Z,76.16592,9.70439,4.0,65.0
419000015,2025-06-12T05:25:00Z,76.1685,9.70917,3.3,28.0
419000015,2025-06-12T05:30:00Z,76.17086,9.71406,3.7,26.0
419000016,2025-06-10T16:30:00Z,76.48833,8.45,13.0,0.0
419000016,2025-06-10T16:35:00Z,76.47842,8.46517,13.0,327.0
419000016,2025-06-10T16:40:00Z,76.4685,8.48035,13.0,327.0
419000016,2025-06-10T16:45:00Z,76.45859,8.49552,13.0,327.0
419000016,2025-06-10T16:50:00Z,76.44867,8.51069,13.0,327.0
419000016,2025-06-10T16:55:00Z,76.43876,8.52586,13.0,327.0
419000016,2025-06-10T17:00:00Z,76.42885,8.54104,13.0,327.0
419000016,2025-06-10T17:05:00Z,76.41893,8.55621,13.0,327.0
419000016,2025-06-10T17:10:00Z,76.40902,8.57138,13.0,327.0
419000016,2025-06-10T17:15:00Z,76.3991,8.58656,13.0,327.0
419000016,2025-06-10T17:20:00Z,76.38919,8.60173,13.0,327.0
419000016,2025-06-10T17:25:00Z,76.37927,8.6169,13.0,327.0
419000016,2025-06-10T17:30:00Z,76.36936,8.63208,13.0,327.0
419000016,2025-06-10T17:35:00Z,76.35944,8.64725,13.0,327.0
419000016,2025-06-10T17:40:00Z,76.34953,8.66242,13.0,327.0
419000016,2025-06-10T17:45:00Z,76.33961,8.67759,13.0,327.0
419000016,2025-06-10T17:50:00Z,76.3297,8.69277,13.0,327.0
419000016,2025-06-10T17:55:00Z,76.31979,8.70794,13.0,327.0
419000016,2025-06-10T18:00:00Z,76.30987,8.72311,13.0,327.0
419000016,2025-06-10T18:05:00Z,76.29996,8.73829,13.0,327.0
419000016,2025-06-10T18:10:00Z,76.29004,8.75346,13.0,327.0
419000016,2025-06-10T18:15:00Z,76.28013,8.76863,13.0,327.0
419000016,2025-06-10T18:20:00Z,76.27021,8.7838,13.0,327.0
419000016,2025-06-10T18:25:00Z,76.2603,8.79898,13.0,327.0
419000016,2025-06-10T18:30:00Z,76.25038,8.81415,13.0,327.0
419000016,2025-06-10T18:35:00Z,76.24047,8.82932,13.0,327.0
419000016,2025-06-10T18:40:00Z,76.23055,8.8445,13.0,327.0
419000016,2025-06-10T18:45:00Z,76.22064,8.85967,13.0,327.0
419000016,2025-06-10T18:50:00Z,76.21072,8.87484,13.0,327.0
419000016,2025-06-10T18:55:00Z,76.20081,8.89001,13.0,327.0
419000016,2025-06-10T19:00:00Z,76.1909,8.90519,13.0,327.0
419000016,2025-06-10T19:05:00Z,76.18098,8.92036,13.0,327.0
419000016,2025-06-10T19:10:00Z,76.17107,8.93553,13.0,327.0
419000016,2025-06-10T19:15:00Z,76.16115,8.95071,13.0,327.0
419000016,2025-06-10T19:20:00Z,76.15124,8.96588,13.0,327.0
419000016,2025-06-10T19:25:00Z,76.14132,8.98105,13.0,327.0
419000016,2025-06-10T19:30:00Z,76.13141,8.99623,13.0,327.0
419000016,2025-06-10T19:35:00Z,76.12149,9.0114,13.0,327.0
419000016,2025-06-10T19:40:00Z,76.11158,9.02657,13.0,327.0
419000016,2025-06-10T19:45:00Z,76.10166,9.04174,13.0,327.0
419000016,2025-06-10T19:50:00Z,76.09175,9.05692,13.0,327.0
419000016,2025-06-10T19:55:00Z,76.08184,9.07209,13.0,327.0
419000016,2025-06-10T20:00:00Z,76.07192,9.08726,13.0,327.0
419000016,2025-06-10T20:05:00Z,76.06201,9.10244,13.0,327.0
419000016,2025-06-10T20:10:00Z,76.05209,9.11761,13.0,327.0
419000016,2025-06-10T20:15:00Z,76.04218,9.13278,13.0,327.0
419000016,2025-06-10T20:20:00Z,76.03226,9.14795,13.0,327.0
419000016,2025-06-10T20:25:00Z,76.02235,9.16313,13.0,327.0
419000016,2025-06-10T20:30:00Z,76.01243,9.1783,13.0,327.0
419000016,2025-06-10T20:35:00Z,76.00252,9.19347,13.0,327.0
419000016,2025-06-10T20:40:00Z,75.9926,9.20865,13.0,327.0
419000016,2025-06-10T20:45:00Z,75.98269,9.22382,13.0,327.0
419000016,2025-06-10T20:50:00Z,75.97277,9.23899,13.0,327.0
419000016,2025-06-10T20:55:00Z,75.96286,9.25417,13.0,327.0
419000016,2025-06-10T21:00:00Z,75.95295,9.26934,13.0,327.0
419000016,2025-06-10T21:05:00Z,75.94303,9.28451,13.0,327.0
419000016,2025-06-10T21:10:00Z,75.93312,9.29968,13.0,327.0
419000016,2025-06-10T21:15:00Z,75.9232,9.31486,13.0,327.0
419000016,2025-06-10T21:20:00Z,75.91329,9.33003,13.0,327.0
419000016,2025-06-10T21:25:00Z,75.90337,9.3452,13.0,327.0
419000016,2025-06-10T21:30:00Z,75.89346,9.36038,13.0,327.0
419000016,2025-06-10T21:35:00Z,75.88354,9.37555,13.0,327.0
419000016,2025-06-10T21:40:00Z,75.87363,9.39072,13.0,327.0
419000016,2025-06-10T21:45:00Z,75.86371,9.40589,13.0,327.0
419000016,2025-06-10T21:50:00Z,75.8538,9.42107,13.0,327.0
419000016,2025-06-10T21:55:00Z,75.84389,9.43624,13.0,327.0
419000016,2025-06-10T22:00:00Z,75.83397,9.45141,13.0,327.0
419000016,2025-06-10T22:05:00Z,75.82406,9.46659,13.0,327.0
419000016,2025-06-10T22:10:00Z,75.81414,9.48176,13.0,327.0
419000016,2025-06-10T22:15:00Z,75.80423,9.49693,13.0,327.0
419000016,2025-06-10T22:20:00Z,75.80012,9.5121,11.3,345.0
419000016,2025-06-10T22:25:00Z,75.79749,9.52728,11.0,350.0
419000016,2025-06-10T22:30:00Z,75.79486,9.54245,11.0,350.0
419000016,2025-06-10T22:35:00Z,75.79222,9.55762,11.0,350.0
419000016,2025-06-10T22:40:00Z,75.78959,9.5728,11.0,350.0
419000016,2025-06-10T22:45:00Z,75.78696,9.58797,11.0,350.0
419000016,2025-06-10T22:50:00Z,75.78432,9.60314,11.0,350.0
419000016,2025-06-10T22:55:00Z,75.78169,9.61832,11.0,350.0
419000016,2025-06-10T23:00:00Z,75.77906,9.63349,11.0,350.0
419000016,2025-06-10T23:05:00Z,75.77642,9.64866,11.0,350.0
419000016,2025-06-10T23:10:00Z,75.77379,9.66383,11.0,350.0
419000016,2025-06-10T23:15:00Z,75.77116,9.67901,11.0,350.0
419000016,2025-06-10T23:20:00Z,75.76852,9.69418,11.0,350.0
419000016,2025-06-10T23:25:00Z,75.76589,9.70935,11.0,350.0
419000016,2025-06-10T23:30:00Z,75.76326,9.72453,11.0,350.0
419000016,2025-06-10T23:35:00Z,75.76062,9.7397,11.0,350.0
419000016,2025-06-10T23:40:00Z,75.75799,9.75487,11.0,350.0
419000016,2025-06-10T23:45:00Z,75.75536,9.77004,11.0,350.0
419000016,2025-06-10T23:50:00Z,75.75272,9.78522,11.0,350.0
419000016,2025-06-10T23:55:00Z,75.75009,9.80039,11.0,350.0
419000016,2025-06-11T00:00:00Z,75.74746,9.81556,11.0,350.0
419000016,2025-06-11T00:05:00Z,75.74482,9.83074,11.0,350.0
419000016,2025-06-11T00:10:00Z,75.74219,9.84591,11.0,350.0
419000016,2025-06-11T00:15:00Z,75.73956,9.86108,11.0,350.0
419000016,2025-06-11T00:20:00Z,75.73693,9.87625,11.0,350.0
419000016,2025-06-11T00:25:00Z,75.73429,9.89143,11.0,350.0
419000016,2025-06-11T00:30:00Z,75.73166,9.9066,11.0,350.0
419000016,2025-06-11T00:35:00Z,75.72903,9.92177,11.0,350.0
419000016,2025-06-11T00:40:00Z,75.72639,9.93695,11.0,350.0
419000016,2025-06-11T00:45:00Z,75.72376,9.95212,11.0,350.0
419000016,2025-06-11T00:50:00Z,75.72113,9.96729,11.0,350.0
419000016,2025-06-11T00:55:00Z,75.71849,9.98247,11.0,350.0
419000016,2025-06-11T01:00:00Z,75.71586,9.99764,11.0,350.0
419000016,2025-06-11T01:05:00Z,75.71323,10.01281,11.0,350.0
419000016,2025-06-11T01:10:00Z,75.71059,10.02798,11.0,350.0
419000016,2025-06-11T01:15:00Z,75.70796,10.04316,11.0,350.0
419000016,2025-06-11T01:20:00Z,75.70533,10.05833,11.0,350.0
419000016,2025-06-11T01:25:00Z,75.70269,10.0735,11.0,350.0
419000016,2025-06-11T01:30:00Z,75.70006,10.08868,11.0,350.0
419000016,2025-06-11T01:35:00Z,75.69743,10.10385,11.0,350.0
419000016,2025-06-11T01:40:00Z,75.69479,10.11902,11.0,350.0
419000016,2025-06-11T01:45:00Z,75.69216,10.13419,11.0,350.0
419000016,2025-06-11T01:50:00Z,75.68953,10.14937,11.0,350.0
419000016,2025-06-11T01:55:00Z,75.68689,10.16454,11.0,350.0
419000016,2025-06-11T02:00:00Z,75.68426,10.17971,11.0,350.0
419000016,2025-06-11T02:05:00Z,75.68163,10.19489,11.0,350.0
419000016,2025-06-11T02:10:00Z,75.67899,10.21006,11.0,350.0
419000016,2025-06-11T02:15:00Z,75.67636,10.22523,11.0,350.0
419000016,2025-06-11T02:20:00Z,75.67373,10.24041,11.0,350.0
419000016,2025-06-11T02:25:00Z,75.6711,10.25558,11.0,350.0
419000016,2025-06-11T02:30:00Z,75.66846,10.27075,11.0,350.0
419000016,2025-06-11T02:35:00Z,75.66583,10.28592,11.0,350.0
419000016,2025-06-11T02:40:00Z,75.6632,10.3011,11.0,350.0
419000016,2025-06-11T02:45:00Z,75.66056,10.31627,11.0,350.0
419000016,2025-06-11T02:50:00Z,75.65793,10.33144,11.0,350.0
419000016,2025-06-11T02:55:00Z,75.6553,10.34662,11.0,350.0
419000016,2025-06-11T03:00:00Z,75.65266,10.36179,11.0,350.0
419000016,2025-06-11T03:05:00Z,75.65003,10.37696,11.0,350.0
419000016,2025-06-11T03:10:00Z,75.6474,10.39213,11.0,350.0
419000016,2025-06-11T03:15:00Z,75.64476,10.40731,11.0,350.0
419000016,2025-06-11T03:20:00Z,75.64213,10.42248,11.0,350.0
419000016,2025-06-11T03:25:00Z,75.6395,10.43765,11.0,350.0
419000016,2025-06-11T03:30:00Z,75.63686,10.45283,11.0,350.0
419000016,2025-06-11T03:35:00Z,75.63423,10.468,11.0,350.0
419000016,2025-06-11T03:40:00Z,75.6316,10.48317,11.0,350.0
419000016,2025-06-11T03:45:00Z,75.62896,10.49834,11.0,350.0
419000016,2025-06-11T03:50:00Z,75.62633,10.51352,11.0,350.0
419000016,2025-06-11T03:55:00Z,75.6237,10.52869,11.0,350.0
419000016,2025-06-11T04:00:00Z,75.62106,10.54386,11.0,350.0
419000017,2025-06-10T22:30:00Z,76.6,9.2,3.7,0.0
419000017,2025-06-10T22:35:00Z,76.59576,9.20406,4.3,314.0
419000017,2025-06-10T22:40:00Z,76.59059,9.20684,4.9,298.0
419000017,2025-06-10T22:45:00Z,76.58475,9.20606,3.7,262.0
419000017,2025-06-10T22:50:00Z,76.58199,9.2009,3.8,208.0
419000017,2025-06-10T22:55:00Z,76.57917,9.19577,4.1,209.0
419000017,2025-06-10T23:00:00Z,76.57861,9.18995,4.2,185.0
419000017,2025-06-10T23:05:00Z,76.58059,9.18444,4.3,160.0
419000017,2025-06-10T23:10:00Z,76.58316,9.17918,3.6,154.0
419000017,2025-06-10T23:15:00Z,76.58588,9.17399,4.2,152.0
419000017,2025-06-10T23:20:00Z,76.59175,9.17426,3.7,87.0
419000017,2025-06-10T23:25:00Z,76.59714,9.1719,3.9,114.0
419000017,2025-06-10T23:30:00Z,76.602,9.17519,4.5,56.0
419000017,2025-06-10T23:35:00Z,76.60757,9.17328,3.9,109.0
419000017,2025-06-10T23:40:00Z,76.61233,9.16984,4.4,126.0
419000017,2025-06-10T23:45:00Z,76.61777,9.16761,4.0,112.0
419000017,2025-06-10T23:50:00Z,76.62063,9.1625,4.2,151.0
419000017,2025-06-10T23:55:00Z,76.62343,9.15736,4.2,151.0
419000017,2025-06-11T00:00:00Z,76.62432,9.15158,4.4,171.0
419000017,2025-06-11T00:05:00Z,76.6249,9.14576,4.5,174.0
419000017,2025-06-11T00:10:00Z,76.62234,9.14049,3.9,206.0
419000017,2025-06-11T00:15:00Z,76.61745,9.13724,4.8,236.0
419000017,2025-06-11T00:20:00Z,76.61449,9.13218,4.4,210.0
419000017,2025-06-11T00:25:00Z,76.6132,9.12648,4.6,193.0
419000017,2025-06-11T00:30:00Z,76.61095,9.12107,4.6,203.0
419000017,2025-06-11T00:35:00Z,76.60928,9.11547,4.0,197.0
419000017,2025-06-11T00:40:00Z,76.61372,9.11163,4.2,131.0
419000017,2025-06-11T00:45:00Z,76.61279,9.10585,4.2,189.0
419000017,2025-06-11T00:50:00Z,76.6175,9.10235,4.3,127.0
419000017,2025-06-11T00:55:00Z,76.62293,9.10463,4.9,67.0
419000017,2025-06-11T01:00:00Z,76.62592,9.10966,4.9,31.0
419000017,2025-06-11T01:05:00Z,76.6302,9.11367,5.6,47.0
419000017,2025-06-11T01:10:00Z,76.63603,9.11283,4.9,98.0
419000017,2025-06-11T01:15:00Z,76.64191,9.11269,4.9,91.0
419000017,2025-06-11T01:20:00Z,76.64771,9.11368,4.2,80.0
419000017,2025-06-11T01:25:00Z,76.65357,9.11416,3.9,85.0
419000017,2025-06-11T01:30:00Z,76.65924,9.1157,4.2,75.0
419000017,2025-06-11T01:35:00Z,76.66498,9.11701,4.1,77.0
419000017,2025-06-11T01:40:00Z,76.6691,9.12119,3.8,45.0
419000017,2025-06-11T01:45:00Z,76.67403,9.12437,4.1,57.0
419000017,2025-06-11T01:50:00Z,76.67949,9.12654,4.4,68.0
419000017,2025-06-11T01:55:00Z,76.67934,9.13239,4.2,358.0
419000017,2025-06-11T02:00:00Z,76.67885,9.13822,4.6,355.0
419000017,2025-06-11T02:05:00Z,76.67885,9.14407,4.4,360.0
419000017,2025-06-11T02:10:00Z,76.68048,9.14969,4.4,16.0
419000017,2025-06-11T02:15:00Z,76.67973,9.15549,4.7,353.0
419000017,2025-06-11T02:20:00Z,76.67554,9.1596,4.2,314.0
419000017,2025-06-11T02:25:00Z,76.66992,9.16134,4.2,287.0
419000017,2025-06-11T02:30:00Z,76.66499,9.16454,4.8,303.0
419000017,2025-06-11T02:35:00Z,76.65917,9.16542,4.6,279.0
419000017,2025-06-11T02:40:00Z,76.65345,9.16408,3.6,257.0
419000017,2025-06-11T02:45:00Z,76.6479,9.16604,4.2,289.0
419000017,2025-06-11T02:50:00Z,76.64202,9.16574,4.8,267.0
419000017,2025-06-11T02:55:00Z,76.63686,9.16293,4.4,241.0
419000017,2025-06-11T03:00:00Z,76.63184,9.15989,4.7,239.0
419000017,2025-06-11T03:05:00Z,76.62653,9.15736,3.6,245.0
419000017,2025-06-11T03:10:00Z,76.62066,9.15778,4.4,274.0
419000017,2025-06-11T03:15:00Z,76.61517,9.15567,3.4,249.0
419000017,2025-06-11T03:20:00Z,76.61278,9.15033,4.5,204.0
419000017,2025-06-11T03:25:00Z,76.61072,9.14485,3.7,201.0
419000017,2025-06-11T03:30:00Z,76.60703,9.1403,4.8,219.0
419000017,2025-06-11T03:35:00Z,76.60739,9.13446,3.9,176.0
419000017,2025-06-11T03:40:00Z,76.60916,9.12888,4.3,162.0
419000017,2025-06-11T03:45:00Z,76.61005,9.1231,4.3,171.0
419000017,2025-06-11T03:50:00Z,76.61027,9.11725,4.2,178.0
419000017,2025-06-11T03:55:00Z,76.61024,9.11141,3.6,180.0
419000017,2025-06-11T04:00:00Z,76.61096,9.1056,4.5,173.0
419000017,2025-06-11T04:05:00Z,76.6139,9.10054,4.0,150.0
419000017,2025-06-11T04:10:00Z,76.61881,9.09731,5.2,123.0
419000017,2025-06-11T04:15:00Z,76.62115,9.09195,4.1,156.0
419000017,2025-06-11T04:20:00Z,76.626,9.08863,4.3,124.0
419000017,2025-06-11T04:25:00Z,76.62804,9.08314,4.1,160.0
419000017,2025-06-11T04:30:00Z,76.63302,9.08004,4.9,122.0
419000017,2025-06-11T04:35:00Z,76.63051,9.07475,4.8,205.0
419000017,2025-06-11T04:40:00Z,76.63296,9.06943,4.5,155.0
419000017,2025-06-11T04:45:00Z,76.63081,9.06398,4.6,202.0
419000017,2025-06-11T04:50:00Z,76.63125,9.05815,3.9,176.0
419000017,2025-06-11T04:55:00Z,76.63203,9.05235,3.8,172.0
419000017,2025-06-11T05:00:00Z,76.633,9.04659,4.7,170.0
419000017,2025-06-11T05:05:00Z,76.63578,9.04143,3.9,152.0
419000017,2025-06-11T05:10:00Z,76.63235,9.03668,4.1,216.0
419000017,2025-06-11T05:15:00Z,76.62869,9.0321,3.6,219.0
419000017,2025-06-11T05:20:00Z,76.62864,9.02625,4.0,181.0
419000017,2025-06-11T05:25:00Z,76.62672,9.02072,4.4,199.0
419000017,2025-06-11T05:30:00Z,76.62298,9.0162,4.2,220.0
419000017,2025-06-11T05:35:00Z,76.6223,9.01039,3.6,187.0
419000017,2025-06-11T05:40:00Z,76.6201,9.00497,4.5,202.0
419000017,2025-06-11T05:45:00Z,76.61772,8.99962,4.3,204.0
419000017,2025-06-11T05:50:00Z,76.61339,8.99567,3.2,228.0
419000017,2025-06-11T05:55:00Z,76.60794,8.99346,3.8,248.0
419000017,2025-06-11T06:00:00Z,76.6025,8.99123,4.1,248.0
419000017,2025-06-11T06:05:00Z,76.59763,8.98795,4.0,236.0
419000017,2025-06-11T06:10:00Z,76.59181,8.98713,4.3,262.0
419000017,2025-06-11T06:15:00Z,76.58593,8.98723,4.6,271.0
419000017,2025-06-11T06:20:00Z,76.58154,8.98334,4.2,228.0
419000017,2025-06-11T06:25:00Z,76.57836,8.97841,4.2,213.0
419000017,2025-06-11T06:30:00Z,76.57847,8.98426,4.7,1.0
419000017,2025-06-11T06:35:00Z,76.58387,8.98659,4.8,67.0
419000017,2025-06-11T06:40:00Z,76.58873,8.98989,4.1,56.0
419000017,2025-06-11T06:45:00Z,76.59423,8.99195,4.8,69.0
419000017,2025-06-11T06:50:00Z,76.59948,8.98931,3.5,117.0
419000017,2025-06-11T06:55:00Z,76.6039,8.98546,4.8,131.0
419000017,2025-06-11T07:00:00Z,76.60739,8.98075,4.4,143.0
419000017,2025-06-11T07:05:00Z,76.60731,8.9749,3.9,181.0
419000017,2025-06-11T07:10:00Z,76.60745,8.98075,4.0,1.0
419000017,2025-06-11T07:15:00Z,76.60956,8.9862,4.2,21.0
419000017,2025-06-11T07:20:00Z,76.61276,8.99112,4.7,33.0
419000017,2025-06-11T07:25:00Z,76.61412,8.99681,4.5,13.0
419000017,2025-06-11T07:30:00Z,76.6121,9.0023,4.3,340.0
419000017,2025-06-11T07:35:00Z,76.60978,9.00767,4.0,337.0
419000017,2025-06-11T07:40:00Z,76.61148,9.01327,4.2,17.0
419000017,2025-06-11T07:45:00Z,76.61253,9.01903,3.7,10.0
419000017,2025-06-11T07:50:00Z,76.61656,9.02329,4.0,43.0
419000017,2025-06-11T07:55:00Z,76.62138,9.02665,3.8,55.0
419000017,2025-06-11T08:00:00Z,76.62562,9.0307,4.0,46.0
419000017,2025-06-11T08:05:00Z,76.62274,9.0358,4.4,331.0
419000017,2025-06-11T08:10:00Z,76.62045,9.04118,4.1,337.0
419000017,2025-06-11T08:15:00Z,76.61744,9.04621,3.5,329.0
419000017,2025-06-11T08:20:00Z,76.61171,9.04755,4.6,283.0
419000017,2025-06-11T08:25:00Z,76.60652,9.0503,4.2,298.0
419000017,2025-06-11T08:30:00Z,76.60129,9.05299,4.4,297.0
419000017,2025-06-11T08:35:00Z,76.59666,9.05659,3.9,308.0
419000017,2025-06-11T08:40:00Z,76.59116,9.05866,4.1,291.0
419000017,2025-06-11T08:45:00Z,76.5859,9.06128,4.1,296.0
419000017,2025-06-11T08:50:00Z,76.58017,9.06259,4.8,283.0
419000017,2025-06-11T08:55:00Z,76.5759,9.06661,3.7,313.0
419000017,2025-06-11T09:00:00Z,76.57189,9.07089,4.5,317.0
419000017,2025-06-11T09:05:00Z,76.56605,9.07159,4.1,277.0
419000017,2025-06-11T09:10:00Z,76.56032,9.07291,4.5,283.0
419000017,2025-06-11T09:15:00Z,76.55463,9.07442,3.9,285.0
419000017,2025-06-11T09:20:00Z,76.54883,9.07534,3.5,279.0
419000017,2025-06-11T09:25:00Z,76.54371,9.07246,4.5,241.0
419000017,2025-06-11T09:30:00Z,76.53783,9.07254,4.0,271.0
419000017,2025-06-11T09:35:00Z,76.5323,9.07053,4.4,250.0
419000017,2025-06-11T09:40:00Z,76.52698,9.07302,4.5,295.0
419000017,2025-06-11T09:45:00Z,76.52113,9.07366,3.5,276.0
419000017,2025-06-11T09:50:00Z,76.5153,9.07439,4.0,277.0
419000017,2025-06-11T09:55:00Z,76.50944,9.07499,4.1,276.0
419000017,2025-06-11T10:00:00Z,76.50366,9.07603,4.4,280.0
419000017,2025-06-11T10:05:00Z,76.50324,9.08187,4.4,356.0
419000017,2025-06-11T10:10:00Z,76.5014,9.08742,4.5,342.0
419000017,2025-06-11T10:15:00Z,76.50526,9.09184,4.1,41.0
419000017,2025-06-11T10:20:00Z,76.51029,9.09486,4.7,59.0
419000017,2025-06-11T10:25:00Z,76.51399,9.09941,4.2,39.0
419000017,2025-06-11T10:30:00Z,76.51967,9.10093,4.2,75.0
419000017,2025-06-11T10:35:00Z,76.52548,9.10002,4.0,99.0
419000017,2025-06-11T10:40:00Z,76.53022,9.09655,3.7,126.0
419000017,2025-06-11T10:45:00Z,76.5361,9.09674,4.2,88.0
419000017,2025-06-11T10:50:00Z,76.54184,9.09547,4.3,102.0
419000017,2025-06-11T10:55:00Z,76.54772,9.09537,4.3,91.0
419000017,2025-06-11T11:00:00Z,76.5536,9.09568,5.1,87.0
419000017,2025-06-11T11:05:00Z,76.55944,9.09638,4.3,83.0
419000017,2025-06-11T11:10:00Z,76.56529,9.09696,4.3,84.0
419000017,2025-06-11T11:15:00Z,76.56981,9.09321,3.7,130.0
419000017,2025-06-11T11:20:00Z,76.57353,9.08868,4.1,141.0
419000017,2025-06-11T11:25:00Z,76.57941,9.08889,4.2,88.0
419000017,2025-06-11T11:30:00Z,76.58431,9.08566,4.4,123.0
419000017,2025-06-11T11:35:00Z,76.58906,9.08221,4.1,126.0
419000017,2025-06-11T11:40:00Z,76.59358,9.07846,4.3,130.0
419000017,2025-06-11T11:45:00Z,76.59932,9.07972,3.8,78.0
419000017,2025-06-11T11:50:00Z,76.6052,9.07982,4.6,89.0
419000017,2025-06-11T11:55:00Z,76.61088,9.08136,4.6,75.0
419000017,2025-06-11T12:00:00Z,76.61663,9.08014,3.7,102.0
419000017,2025-06-11T12:05:00Z,76.62196,9.07765,3.6,115.0
419000017,2025-06-11T12:10:00Z,76.62583,9.07325,3.9,139.0
419000017,2025-06-11T12:15:00Z,76.63045,9.06963,4.2,128.0
419000017,2025-06-11T12:20:00Z,76.63615,9.07107,3.8,76.0
419000017,2025-06-11T12:25:00Z,76.64187,9.0697,4.2,103.0
419000017,2025-06-11T12:30:00Z,76.64718,9.06718,4.5,115.0
419000017,2025-06-11T12:35:00Z,76.65283,9.06555,4.6,106.0
419000017,2025-06-11T12:40:00Z,76.65871,9.06554,4.6,90.0
419000017,2025-06-11T12:45:00Z,76.66404,9.06803,3.6,65.0
419000017,2025-06-11T12:50:00Z,76.66549,9.0737,3.4,14.0
419000017,2025-06-11T12:55:00Z,76.66353,9.07922,4.4,340.0
419000017,2025-06-11T13:00:00Z,76.66138,9.08466,3.9,338.0
419000017,2025-06-11T13:05:00Z,76.66383,9.08998,3.9,25.0
419000017,2025-06-11T13:10:00Z,76.66742,9.09461,3.7,38.0
419000017,2025-06-11T13:15:00Z,76.67327,9.09526,3.9,84.0
419000017,2025-06-11T13:20:00Z,76.67807,9.09864,4.4,55.0
419000017,2025-06-11T13:25:00Z,76.68395,9.09857,3.6,91.0
419000017,2025-06-11T13:30:00Z,76.68972,9.09971,3.6,79.0
419000017,2025-06-11T13:35:00Z,76.69478,9.09672,4.6,121.0
419000017,2025-06-11T13:40:00Z,76.69717,9.09138,4.4,156.0
419000017,2025-06-11T13:45:00Z,76.69948,9.08599,3.5,157.0
419000017,2025-06-11T13:50:00Z,76.70141,9.08047,3.4,161.0
419000017,2025-06-11T13:55:00Z,76.69982,9.07484,4.3,196.0
419000017,2025-06-11T14:00:00Z,76.70054,9.06904,4.5,173.0
419000017,2025-06-11T14:05:00Z,76.70604,9.06695,5.0,111.0
419000017,2025-06-11T14:10:00Z,76.71024,9.06286,4.4,134.0
419000017,2025-06-11T14:15:00Z,76.70855,9.05726,4.4,197.0
419000017,2025-06-11T14:20:00Z,76.71213,9.05262,4.0,142.0
419000017,2025-06-11T14:25:00Z,76.71521,9.04764,4.2,148.0
419000017,2025-06-11T14:30:00Z,76.72056,9.0452,4.0,114.0
419000017,2025-06-11T14:35:00Z,76.7262,9.04356,4.6,106.0
419000017,2025-06-11T14:40:00Z,76.73195,9.04482,4.3,78.0
419000017,2025-06-11T14:45:00Z,76.73769,9.04353,4.6,103.0
419000017,2025-06-11T14:50:00Z,76.74356,9.04383,4.3,87.0
419000017,2025-06-11T14:55:00Z,76.74938,9.04469,3.8,82.0
419000017,2025-06-11T15:00:00Z,76.75392,9.04841,4.1,51.0
419000017,2025-06-11T15:05:00Z,76.7595,9.05026,4.6,72.0
419000017,2025-06-11T15:10:00Z,76.76443,9.05346,4.3,57.0
419000017,2025-06-11T15:15:00Z,76.76866,9.05752,3.4,46.0
419000017,2025-06-11T15:20:00Z,76.77274,9.06173,4.6,44.0
419000017,2025-06-11T15:25:00Z,76.77298,9.06758,4.0,2.0
419000017,2025-06-11T15:30:00Z,76.77315,9.07342,4.7,2.0
419000017,2025-06-11T15:35:00Z,76.76903,9.07759,4.0,315.0
419000017,2025-06-11T15:40:00Z,76.76448,9.0813,3.8,309.0
419000017,2025-06-11T15:45:00Z,76.75954,9.08448,4.5,303.0
419000017,2025-06-11T15:50:00Z,76.75407,9.08663,3.7,291.0
419000017,2025-06-11T15:55:00Z,76.74841,9.08822,4.6,286.0
419000017,2025-06-11T16:00:00Z,76.74254,9.08786,3.9,266.0
419000017,2025-06-11T16:05:00Z,76.73676,9.08898,4.4,281.0
419000017,2025-06-11T16:10:00Z,76.73099,9.0901,3.6,281.0
419000017,2025-06-11T16:15:00Z,76.72511,9.08984,4.2,268.0
419000017,2025-06-11T16:20:00Z,76.7193,9.08892,3.9,261.0
419000017,2025-06-11T16:25:00Z,76.71413,9.08613,4.8,242.0
419000017,2025-06-11T16:30:00Z,76.70915,9.08302,3.8,238.0
419000017,2025-06-11T16:35:00Z,76.70471,9.07918,4.1,229.0
419000017,2025-06-11T16:40:00Z,76.70499,9.07334,3.8,177.0
419000017,2025-06-11T16:45:00Z,76.70087,9.06916,4.2,225.0
419000017,2025-06-11T16:50:00Z,76.69778,9.06419,4.2,212.0
419000017,2025-06-11T16:55:00Z,76.6965,9.05848,4.6,193.0
419000017,2025-06-11T17:00:00Z,76.69438,9.05302,4.4,201.0
419000017,2025-06-11T17:05:00Z,76.69806,9.04846,3.5,141.0
419000017,2025-06-11T17:10:00Z,76.70258,9.04471,4.9,130.0
419000017,2025-06-11T17:15:00Z,76.70647,9.04032,4.2,138.0
419000017,2025-06-11T17:20:00Z,76.7109,9.03648,4.6,131.0
419000017,2025-06-11T17:25:00Z,76.71521,9.0325,4.0,133.0
419000017,2025-06-11T17:30:00Z,76.7203,9.02957,4.5,120.0
419000017,2025-06-11T17:35:00Z,76.72584,9.0276,4.1,109.0
419000017,2025-06-11T17:40:00Z,76.73142,9.02576,4.0,108.0
419000017,2025-06-11T17:45:00Z,76.73685,9.02349,4.1,113.0
419000017,2025-06-11T17:50:00Z,76.73364,9.0284,3.8,327.0
419000017,2025-06-11T17:55:00Z,76.73121,9.03372,4.4,335.0
419000017,2025-06-11T18:00:00Z,76.72726,9.03806,4.3,318.0
419000017,2025-06-11T18:05:00Z,76.72223,9.0411,4.4,301.0
419000017,2025-06-11T18:10:00Z,76.7174,9.04443,4.7,305.0
419000017,2025-06-11T18:15:00Z,76.7152,9.04986,4.6,338.0
419000017,2025-06-11T18:20:00Z,76.71614,9.05563,4.4,9.0
419000017,2025-06-11T18:25:00Z,76.71465,9.06129,4.6,345.0
419000017,2025-06-11T18:30:00Z,76.71169,9.06634,4.3,330.0
419000017,2025-06-11T18:35:00Z,76.70744,9.07039,4.6,314.0
419000017,2025-06-11T18:40:00Z,76.70403,9.07515,4.2,324.0
419000017,2025-06-11T18:45:00Z,76.70025,9.07963,3.5,320.0
419000017,2025-06-11T18:50:00Z,76.69723,9.08465,3.9,329.0
419000017,2025-06-11T18:55:00Z,76.6977,9.09048,3.8,5.0
419000017,2025-06-11T19:00:00Z,76.69879,9.09622,4.0,11.0
419000017,2025-06-11T19:05:00Z,76.70099,9.10165,4.1,22.0
419000017,2025-06-11T19:10:00Z,76.70406,9.10664,4.2,32.0
419000017,2025-06-11T19:15:00Z,76.70498,9.11242,4.4,9.0
419000017,2025-06-11T19:20:00Z,76.70538,9.11825,3.8,4.0
419000017,2025-06-11T19:25:00Z,76.70502,9.12409,4.0,356.0
419000017,2025-06-11T19:30:00Z,76.7031,9.12962,4.5,341.0
419000017,2025-06-11T19:35:00Z,76.70544,9.13499,4.4,24.0
419000017,2025-06-11T19:40:00Z,76.7091,9.13957,4.7,39.0
419000017,2025-06-11T19:45:00Z,76.70536,9.14408,4.1,320.0
419000017,2025-06-11T19:50:00Z,76.70007,9.14664,5.1,296.0
419000017,2025-06-11T19:55:00Z,76.69461,9.14883,3.9,292.0
419000017,2025-06-11T20:00:00Z,76.68911,9.15091,3.6,291.0
419000017,2025-06-11T20:05:00Z,76.68324,9.15049,4.1,266.0
419000017,2025-06-11T20:10:00Z,76.67755,9.14901,3.7,255.0
419000017,2025-06-11T20:15:00Z,76.67232,9.14633,4.4,243.0
419000017,2025-06-11T20:20:00Z,76.66794,9.14242,4.1,228.0
419000017,2025-06-11T20:25:00Z,76.66261,9.13994,3.6,245.0
419000017,2025-06-11T20:30:00Z,76.65741,9.13721,4.2,242.0
419000017,2025-06-11T20:35:00Z,76.65328,9.13304,4.6,225.0
419000017,2025-06-11T20:40:00Z,76.64991,9.12825,3.9,215.0
419000017,2025-06-11T20:45:00Z,76.64665,9.12338,4.0,214.0
419000017,2025-06-11T20:50:00Z,76.64656,9.11753,3.9,181.0
419000017,2025-06-11T20:55:00Z,76.6482,9.11191,3.9,164.0
419000017,2025-06-11T21:00:00Z,76.64819,9.10606,3.6,180.0
419000017,2025-06-11T21:05:00Z,76.64548,9.10087,4.1,208.0
419000017,2025-06-11T21:10:00Z,76.64934,9.09646,3.8,139.0
419000017,2025-06-11T21:15:00Z,76.64655,9.09131,4.2,208.0
419000017,2025-06-11T21:20:00Z,76.64556,9.08555,4.6,190.0
419000017,2025-06-11T21:25:00Z,76.64243,9.0806,4.5,212.0
419000017,2025-06-11T21:30:00Z,76.64317,9.0748,4.3,173.0
419000017,2025-06-11T21:35:00Z,76.6419,9.06909,4.6,193.0
419000017,2025-06-11T21:40:00Z,76.64055,9.06339,4.4,193.0
419000017,2025-06-11T21:45:00Z,76.63944,9.05765,3.9,191.0
419000017,2025-06-11T21:50:00Z,76.6392,9.05181,4.3,182.0
419000017,2025-06-11T21:55:00Z,76.6397,9.04598,4.4,175.0
419000017,2025-06-11T22:00:00Z,76.63806,9.04036,4.1,196.0
419000017,2025-06-11T22:05:00Z,76.63861,9.03454,4.4,175.0
419000017,2025-06-11T22:10:00Z,76.63991,9.02884,3.8,167.0
419000017,2025-06-11T22:15:00Z,76.64231,9.02349,4.3,156.0
419000017,2025-06-11T22:20:00Z,76.64786,9.02158,4.4,109.0
419000017,2025-06-11T22:25:00Z,76.65332,9.01941,4.2,112.0
419000017,2025-06-11T22:30:00Z,76.65883,9.01734,4.1,111.0
419000017,2025-06-11T22:35:00Z,76.66467,9.01664,4.3,97.0
419000017,2025-06-11T22:40:00Z,76.66964,9.01976,3.8,58.0
419000017,2025-06-11T22:45:00Z,76.67399,9.0237,3.9,48.0
419000017,2025-06-11T22:50:00Z,76.678,9.02798,4.4,43.0
419000017,2025-06-11T22:55:00Z,76.68199,9.03227,4.6,43.0
419000017,2025-06-11T23:00:00Z,76.6861,9.03646,4.5,44.0
419000017,2025-06-11T23:05:00Z,76.6871,9.04223,4.2,10.0
419000017,2025-06-11T23:10:00Z,76.69081,9.04677,4.4,39.0
419000017,2025-06-11T23:15:00Z,76.696,9.04953,3.9,62.0
419000017,2025-06-11T23:20:00Z,76.70185,9.05009,4.3,84.0
419000017,2025-06-11T23:25:00Z,76.70768,9.04929,3.9,98.0
419000017,2025-06-11T23:30:00Z,76.7118,9.04511,3.7,135.0
419000017,2025-06-11T23:35:00Z,76.71413,9.03975,4.3,156.0
419000017,2025-06-11T23:40:00Z,76.71322,9.03397,4.1,189.0
419000017,2025-06-11T23:45:00Z,76.71138,9.02841,4.1,198.0
419000017,2025-06-11T23:50:00Z,76.70913,9.02301,3.9,203.0
419000017,2025-06-11T23:55:00Z,76.7053,9.01857,4.8,221.0
419000017,2025-06-12T00:00:00Z,76.70324,9.01309,4.4,201.0
419000017,2025-06-12T00:05:00Z,76.70182,9.00742,3.9,194.0
419000017,2025-06-12T00:10:00Z,76.69981,9.00192,4.4,200.0
419000017,2025-06-12T00:15:00Z,76.69432,9.00404,4.2,291.0
419000017,2025-06-12T00:20:00Z,76.68846,9.0045,3.9,274.0
419000017,2025-06-12T00:25:00Z,76.68283,9.00281,3.9,253.0
419000017,2025-06-12T00:30:00Z,76.677,9.00361,4.6,278.0
419000017,2025-06-12T00:35:00Z,76.67298,8.99935,4.1,223.0
419000017,2025-06-12T00:40:00Z,76.67086,8.9939,4.3,201.0
419000017,2025-06-12T00:45:00Z,76.66545,8.99158,3.9,247.0
419000017,2025-06-12T00:50:00Z,76.66557,8.98574,4.4,179.0
419000017,2025-06-12T00:55:00Z,76.66279,8.99089,4.4,332.0
419000017,2025-06-12T01:00:00Z,76.65705,8.99216,4.4,282.0
419000017,2025-06-12T01:05:00Z,76.65131,8.99343,4.3,282.0
419000017,2025-06-12T01:10:00Z,76.64558,8.9921,4.6,257.0
419000017,2025-06-12T01:15:00Z,76.64566,8.98625,4.5,179.0
419000017,2025-06-12T01:20:00Z,76.64753,8.98071,4.0,161.0
419000017,2025-06-12T01:25:00Z,76.64816,8.98652,4.8,6.0
419000017,2025-06-12T01:30:00Z,76.64881,8.99234,4.0,6.0
419000018,2025-06-10T18:30:00Z,75.8,10.55,8.3,0.0
419000018,2025-06-10T18:35:00Z,75.80198,10.53861,8.3,170.0
419000018,2025-06-10T18:40:00Z,75.80395,10.52723,8.3,170.0
419000018,2025-06-10T18:45:00Z,75.80593,10.51584,8.3,170.0
419000018,2025-06-10T18:50:00Z,75.8079,10.50446,8.3,170.0
419000018,2025-06-10T18:55:00Z,75.80988,10.49307,8.3,170.0
419000018,2025-06-10T19:00:00Z,75.81186,10.48169,8.3,170.0
419000018,2025-06-10T19:05:00Z,75.81383,10.4703,8.3,170.0
419000018,2025-06-10T19:10:00Z,75.81581,10.45892,8.3,170.0
419000018,2025-06-10T19:15:00Z,75.81778,10.44753,8.3,170.0
419000018,2025-06-10T19:20:00Z,75.81976,10.43615,8.3,170.0
419000018,2025-06-10T19:25:00Z,75.82173,10.42476,8.3,170.0
419000018,2025-06-10T19:30:00Z,75.82371,10.41337,8.3,170.0
419000018,2025-06-10T19:35:00Z,75.82569,10.40199,8.3,170.0
419000018,2025-06-10T19:40:00Z,75.82766,10.3906,8.3,170.0
419000018,2025-06-10T19:45:00Z,75.82964,10.37922,8.3,170.0
419000018,2025-06-10T19:50:00Z,75.83161,10.36783,8.3,170.0
419000018,2025-06-10T19:55:00Z,75.83359,10.35645,8.3,170.0
419000018,2025-06-10T20:00:00Z,75.83557,10.34506,8.3,170.0
419000018,2025-06-10T20:05:00Z,75.83754,10.33368,8.3,170.0
419000018,2025-06-10T20:10:00Z,75.83952,10.32229,8.3,170.0
419000018,2025-06-10T20:15:00Z,75.84149,10.31091,8.3,170.0
419000018,2025-06-10T20:20:00Z,75.84347,10.29952,8.3,170.0
419000018,2025-06-10T20:25:00Z,75.84545,10.28813,8.3,170.0
419000018,2025-06-10T20:30:00Z,75.84742,10.27675,8.3,170.0
419000018,2025-06-10T20:35:00Z,75.8494,10.26536,8.3,170.0
419000018,2025-06-10T20:40:00Z,75.85137,10.25398,8.3,170.0
419000018,2025-06-10T20:45:00Z,75.85335,10.24259,8.3,170.0
419000018,2025-06-10T20:50:00Z,75.85532,10.23121,8.3,170.0
419000018,2025-06-10T20:55:00Z,75.8573,10.21982,8.3,170.0
419000018,2025-06-10T21:00:00Z,75.85928,10.20844,8.3,170.0
419000018,2025-06-10T21:05:00Z,75.86125,10.19705,8.3,170.0
419000018,2025-06-10T21:10:00Z,75.86323,10.18567,8.3,170.0
419000018,2025-06-10T21:15:00Z,75.8652,10.17428,8.3,170.0
419000018,2025-06-10T21:20:00Z,75.86718,10.16289,8.3,170.0
419000018,2025-06-10T21:25:00Z,75.86916,10.15151,8.3,170.0
419000018,2025-06-10T21:30:00Z,75.87113,10.14012,8.3,170.0
419000018,2025-06-10T21:35:00Z,75.87311,10.12874,8.3,170.0
419000018,2025-06-10T21:40:00Z,75.87508,10.11735,8.3,170.0
419000018,2025-06-10T21:45:00Z,75.87706,10.10597,8.3,170.0
419000018,2025-06-10T21:50:00Z,75.87904,10.09458,8.3,170.0
419000018,2025-06-10T21:55:00Z,75.88101,10.0832,8.3,170.0
419000018,2025-06-10T22:00:00Z,75.88299,10.07181,8.3,170.0
419000018,2025-06-10T22:05:00Z,75.88496,10.06042,8.3,170.0
419000018,2025-06-10T22:10:00Z,75.88694,10.04904,8.3,170.0
419000018,2025-06-10T22:15:00Z,75.88892,10.03765,8.3,170.0
419000018,2025-06-10T22:20:00Z,75.89089,10.02627,8.3,170.0
419000018,2025-06-10T22:25:00Z,75.89287,10.01488,8.3,170.0
419000018,2025-06-10T22:30:00Z,75.89484,10.0035,8.3,170.0
419000018,2025-06-10T22:35:00Z,75.89682,9.99211,8.3,170.0
419000018,2025-06-10T22:40:00Z,75.89879,9.98073,8.3,170.0
419000018,2025-06-10T22:45:00Z,75.90077,9.96934,8.3,170.0
419000018,2025-06-10T22:50:00Z,75.90275,9.95796,8.3,170.0
419000018,2025-06-10T22:55:00Z,75.90472,9.94657,8.3,170.0
419000018,2025-06-10T23:00:00Z,75.9067,9.93518,8.3,170.0
419000018,2025-06-10T23:05:00Z,75.90867,9.9238,8.3,170.0
419000018,2025-06-10T23:10:00Z,75.91065,9.91241,8.3,170.0
419000018,2025-06-10T23:15:00Z,75.91263,9.90103,8.3,170.0
419000018,2025-06-10T23:20:00Z,75.9146,9.88964,8.3,170.0
419000018,2025-06-10T23:25:00Z,75.91658,9.87826,8.3,170.0
419000018,2025-06-10T23:30:00Z,75.91855,9.86687,8.3,170.0
419000018,2025-06-10T23:35:00Z,75.92053,9.85549,8.3,170.0
419000018,2025-06-10T23:40:00Z,75.92251,9.8441,8.3,170.0
419000018,2025-06-10T23:45:00Z,75.92448,9.83272,8.3,170.0
419000018,2025-06-10T23:50:00Z,75.92646,9.82133,8.3,170.0
419000018,2025-06-10T23:55:00Z,75.92843,9.80994,8.3,170.0
419000018,2025-06-11T00:00:00Z,75.93041,9.79856,8.3,170.0
419000018,2025-06-11T00:05:00Z,75.93238,9.78717,8.3,170.0
419000018,2025-06-11T00:10:00Z,75.93436,9.77579,8.3,170.0
419000018,2025-06-11T00:15:00Z,75.93634,9.7644,8.3,170.0
419000018,2025-06-11T00:20:00Z,75.93831,9.75302,8.3,170.0
419000018,2025-06-11T00:25:00Z,75.94029,9.74163,8.3,170.0
419000018,2025-06-11T00:30:00Z,75.94226,9.73025,8.3,170.0
419000018,2025-06-11T00:35:00Z,75.94424,9.71886,8.3,170.0
419000018,2025-06-11T00:40:00Z,75.94622,9.70748,8.3,170.0
419000018,2025-06-11T00:45:00Z,75.94819,9.69609,8.3,170.0
419000018,2025-06-11T00:50:00Z,75.95017,9.6847,8.3,170.0
419000018,2025-06-11T00:55:00Z,75.95214,9.67332,8.3,170.0
419000018,2025-06-11T01:00:00Z,75.95412,9.66193,8.3,170.0
419000018,2025-06-11T01:05:00Z,75.9561,9.65055,8.3,170.0
419000018,2025-06-11T01:10:00Z,75.95807,9.63916,8.3,170.0
419000018,2025-06-11T01:15:00Z,75.96005,9.62778,8.3,170.0
419000018,2025-06-11T01:20:00Z,75.96202,9.61639,8.3,170.0
419000018,2025-06-11T01:25:00Z,75.964,9.60501,8.3,170.0
419000018,2025-06-11T01:30:00Z,75.96597,9.59362,8.3,170.0
419000018,2025-06-11T01:35:00Z,75.96795,9.58224,8.3,170.0
419000018,2025-06-11T01:40:00Z,75.96993,9.57085,8.3,170.0
419000018,2025-06-11T01:45:00Z,75.9719,9.55946,8.3,170.0
419000018,2025-06-11T01:50:00Z,75.97388,9.54808,8.3,170.0
419000018,2025-06-11T01:55:00Z,75.97585,9.53669,8.3,170.0
419000018,2025-06-11T02:00:00Z,75.97783,9.52531,8.3,170.0
419000018,2025-06-11T02:05:00Z,75.97981,9.51392,8.3,170.0
419000018,2025-06-11T02:10:00Z,75.98178,9.50254,8.3,170.0
419000018,2025-06-11T02:15:00Z,75.988,9.49115,9.3,152.0
419000018,2025-06-11T02:20:00Z,75.99544,9.47977,9.7,147.0
419000018,2025-06-11T02:25:00Z,76.00288,9.46838,9.7,147.0
419000018,2025-06-11T02:30:00Z,76.01032,9.457,9.7,147.0
419000018,2025-06-11T02:35:00Z,76.01776,9.44561,9.7,147.0
419000018,2025-06-11T02:40:00Z,76.0252,9.43422,9.7,147.0
419000018,2025-06-11T02:45:00Z,76.03264,9.42284,9.7,147.0
419000018,2025-06-11T02:50:00Z,76.04008,9.41145,9.7,147.0
419000018,2025-06-11T02:55:00Z,76.04752,9.40007,9.7,147.0
419000018,2025-06-11T03:00:00Z,76.05496,9.38868,9.7,147.0
419000018,2025-06-11T03:05:00Z,76.0624,9.3773,9.7,147.0
419000018,2025-06-11T03:10:00Z,76.06984,9.36591,9.7,147.0
419000018,2025-06-11T03:15:00Z,76.07728,9.35453,9.7,147.0
419000018,2025-06-11T03:20:00Z,76.08472,9.34314,9.7,147.0
419000018,2025-06-11T03:25:00Z,76.09216,9.33176,9.7,147.0
419000018,2025-06-11T03:30:00Z,76.0996,9.32037,9.7,147.0
419000018,2025-06-11T03:35:00Z,76.10704,9.30898,9.7,147.0
419000018,2025-06-11T03:40:00Z,76.11448,9.2976,9.7,147.0
419000018,2025-06-11T03:45:00Z,76.12192,9.28621,9.7,147.0
419000018,2025-06-11T03:50:00Z,76.12936,9.27483,9.7,147.0
419000018,2025-06-11T03:55:00Z,76.1368,9.26344,9.7,147.0
419000018,2025-06-11T04:00:00Z,76.14424,9.25206,9.7,147.0
419000018,2025-06-11T04:05:00Z,76.15168,9.24067,9.7,147.0
419000018,2025-06-11T04:10:00Z,76.15912,9.22929,9.7,147.0
419000018,2025-06-11T04:15:00Z,76.16656,9.2179,9.7,147.0
419000018,2025-06-11T04:20:00Z,76.174,9.20652,9.7,147.0
419000018,2025-06-11T04:25:00Z,76.18144,9.19513,9.7,147.0
419000018,2025-06-11T04:30:00Z,76.18888,9.18374,9.7,147.0
419000018,2025-06-11T04:35:00Z,76.19632,9.17236,9.7,147.0
419000018,2025-06-11T04:40:00Z,76.20376,9.16097,9.7,147.0
419000018,2025-06-11T04:45:00Z,76.2112,9.14959,9.7,147.0
419000018,2025-06-11T04:50:00Z,76.21864,9.1382,9.7,147.0
419000018,2025-06-11T04:55:00Z,76.22607,9.12682,9.7,147.0
419000018,2025-06-11T05:00:00Z,76.23351,9.11543,9.7,147.0
419000018,2025-06-11T05:05:00Z,76.24095,9.10405,9.7,147.0
419000018,2025-06-11T05:10:00Z,76.24839,9.09266,9.7,147.0
419000018,2025-06-11T05:15:00Z,76.25583,9.08127,9.7,147.0
419000018,2025-06-11T05:20:00Z,76.26327,9.06989,9.7,147.0
419000018,2025-06-11T05:25:00Z,76.27071,9.0585,9.7,147.0
419000018,2025-06-11T05:30:00Z,76.27815,9.04712,9.7,147.0
419000018,2025-06-11T05:35:00Z,76.28559,9.03573,9.7,147.0
419000018,2025-06-11T05:40:00Z,76.29303,9.02435,9.7,147.0
419000018,2025-06-11T05:45:00Z,76.30047,9.01296,9.7,147.0
419000018,2025-06-11T05:50:00Z,76.30791,9.00158,9.7,147.0
419000018,2025-06-11T05:55:00Z,76.31535,8.99019,9.7,147.0
419000018,2025-06-11T06:00:00Z,76.32279,8.97881,9.7,147.0
419000018,2025-06-11T06:05:00Z,76.33023,8.96742,9.7,147.0
419000018,2025-06-11T06:10:00Z,76.33767,8.95603,9.7,147.0
419000018,2025-06-11T06:15:00Z,76.34511,8.94465,9.7,147.0
419000018,2025-06-11T06:20:00Z,76.35255,8.93326,9.7,147.0
419000018,2025-06-11T06:25:00Z,76.35999,8.92188,9.7,147.0
419000018,2025-06-11T06:30:00Z,76.36743,8.91049,9.7,147.0
419000018,2025-06-11T06:35:00Z,76.37487,8.89911,9.7,147.0
419000018,2025-06-11T06:40:00Z,76.38231,8.88772,9.7,147.0
419000018,2025-06-11T06:45:00Z,76.38975,8.87634,9.7,147.0
419000018,2025-06-11T06:50:00Z,76.39719,8.86495,9.7,147.0
419000018,2025-06-11T06:55:00Z,76.40463,8.85357,9.7,147.0
419000018,2025-06-11T07:00:00Z,76.41207,8.84218,9.7,147.0
419000018,2025-06-11T07:05:00Z,76.41951,8.83079,9.7,147.0
419000018,2025-06-11T07:10:00Z,76.42695,8.81941,9.7,147.0
419000018,2025-06-11T07:15:00Z,76.43439,8.80802,9.7,147.0
419000018,2025-06-11T07:20:00Z,76.44183,8.79664,9.7,147.0
419000018,2025-06-11T07:25:00Z,76.44927,8.78525,9.7,147.0
419000018,2025-06-11T07:30:00Z,76.45671,8.77387,9.7,147.0
419000018,2025-06-11T07:35:00Z,76.46415,8.76248,9.7,147.0
419000018,2025-06-11T07:40:00Z,76.47159,8.7511,9.7,147.0
419000018,2025-06-11T07:45:00Z,76.47902,8.73971,9.7,147.0
419000018,2025-06-11T07:50:00Z,76.48646,8.72833,9.7,147.0
419000018,2025-06-11T07:55:00Z,76.4939,8.71694,9.7,147.0
419000018,2025-06-11T08:00:00Z,76.50134,8.70555,9.7,147.0
419000018,2025-06-11T08:05:00Z,76.50878,8.69417,9.7,147.0
419000018,2025-06-11T08:10:00Z,76.51622,8.68278,9.7,147.0
419000018,2025-06-11T08:15:00Z,76.52366,8.6714,9.7,147.0
419000018,2025-06-11T08:20:00Z,76.5311,8.66001,9.7,147.0
419000018,2025-06-11T08:25:00Z,76.53854,8.64863,9.7,147.0
419000018,2025-06-11T08:30:00Z,76.54598,8.63724,9.7,147.0
419000018,2025-06-11T08:35:00Z,76.55342,8.62586,9.7,147.0
419000018,2025-06-11T08:40:00Z,76.56086,8.61447,9.7,147.0
419000018,2025-06-11T08:45:00Z,76.5683,8.60309,9.7,147.0
419000018,2025-06-11T08:50:00Z,76.57574,8.5917,9.7,147.0
419000018,2025-06-11T08:55:00Z,76.58318,8.58031,9.7,147.0
419000018,2025-06-11T09:00:00Z,76.59062,8.56893,9.7,147.0
419000018,2025-06-11T09:05:00Z,76.59806,8.55754,9.7,147.0
419000018,2025-06-11T09:10:00Z,76.6055,8.54616,9.7,147.0
419000018,2025-06-11T09:15:00Z,76.61294,8.53477,9.7,147.0
419000018,2025-06-11T09:20:00Z,76.62038,8.52339,9.7,147.0
419000018,2025-06-11T09:25:00Z,76.62782,8.512,9.7,147.0
419000018,2025-06-11T09:30:00Z,76.63526,8.50062,9.7,147.0
419000018,2025-06-11T09:35:00Z,76.6427,8.48923,9.7,147.0
419000018,2025-06-11T09:40:00Z,76.65014,8.47785,9.7,147.0
419000018,2025-06-11T09:45:00Z,76.65758,8.46646,9.7,147.0
419000018,2025-06-11T09:50:00Z,76.66502,8.45507,9.7,147.0
419000019,2025-06-10T06:30:00Z,76.24,9.96,0.0,0.0
419000019,2025-06-10T06:35:00Z,76.24,9.96,0.0,0.0
419000019,2025-06-10T06:40:00Z,76.24,9.96,0.0,0.0
419000019,2025-06-10T06:45:00Z,76.24,9.96,0.0,0.0
419000019,2025-06-10T06:50:00Z,76.24,9.96,0.0,0.0
419000019,2025-06-10T06:55:00Z,76.24,9.96,0.0,0.0
419000019,2025-06-10T07:00:00Z,76.24,9.96,0.0,0.0
419000019,2025-06-10T07:05:00Z,76.24,9.96,0.0,0.0
419000019,2025-06-10T07:10:00Z,76.24,9.96,0.0,0.0
419000019,2025-06-10T07:15:00Z,76.24,9.96,0.0,0.0
419000019,2025-06-10T07:20:00Z,76.24,9.96,0.0,0.0
419000019,2025-06-10T07:25:00Z,76.24,9.96,0.0,0.0
419000019,2025-06-10T07:30:00Z,76.24,9.96,0.0,0.0
419000019,2025-06-10T07:35:00Z,76.24,9.96,0.0,0.0
419000019,2025-06-10T07:40:00Z,76.24,9.96,0.0,0.0
419000019,2025-06-10T07:45:00Z,76.24,9.96,0.0,0.0
419000019,2025-06-10T07:50:00Z,76.24,9.96,0.0,0.0
419000019,2025-06-10T07:55:00Z,76.24,9.96,0.0,0.0
419000019,2025-06-10T08:00:00Z,76.24,9.96,0.0,0.0
419000019,2025-06-10T08:05:00Z,76.24,9.96,0.0,0.0
419000019,2025-06-10T08:10:00Z,76.24,9.96,0.0,0.0
419000019,2025-06-10T08:15:00Z,76.24,9.96,0.0,0.0
419000019,2025-06-10T08:20:00Z,76.24,9.96,0.0,0.0
419000019,2025-06-10T08:25:00Z,76.24,9.96,0.0,0.0
419000019,2025-06-10T08:30:00Z,76.24,9.96,0.0,0.0
419000019,2025-06-10T08:35:00Z,76.24,9.96,0.0,0.0
419000019,2025-06-10T08:40:00Z,76.24,9.96,0.0,0.0
419000019,2025-06-10T08:45:00Z,76.24,9.96,0.0,0.0
419000019,2025-06-10T08:50:00Z,76.24,9.96,0.0,0.0
419000019,2025-06-10T08:55:00Z,76.24,9.96,0.0,0.0
419000019,2025-06-10T09:00:00Z,76.24,9.96,0.0,0.0
419000019,2025-06-10T09:05:00Z,76.24,9.96,0.0,0.0
419000019,2025-06-10T09:10:00Z,76.24,9.96,0.0,0.0
419000019,2025-06-10T09:15:00Z,76.24,9.96,0.0,0.0
419000019,2025-06-10T09:20:00Z,76.24,9.96,0.0,0.0
419000019,2025-06-10T09:25:00Z,76.24,9.96,0.0,0.0
419000019,2025-06-10T09:30:00Z,76.24,9.96,0.0,0.0
419000019,2025-06-10T09:35:00Z,76.24,9.96,0.0,0.0
419000019,2025-06-10T09:40:00Z,76.24,9.96,0.0,0.0
419000019,2025-06-10T09:45:00Z,76.24,9.96,0.0,0.0
419000019,2025-06-10T09:50:00Z,76.24,9.96,0.0,0.0
419000019,2025-06-10T09:55:00Z,76.24,9.96,0.0,0.0
419000019,2025-06-10T10:00:00Z,76.24,9.96,0.0,0.0
419000019,2025-06-10T10:05:00Z,76.24,9.96,0.0,0.0
419000019,2025-06-10T10:10:00Z,76.24,9.96,0.0,0.0
419000019,2025-06-10T10:15:00Z,76.24,9.96,0.0,0.0
419000019,2025-06-10T10:20:00Z,76.24,9.96,0.0,0.0
419000019,2025-06-10T10:25:00Z,76.24,9.96,0.0,0.0
419000019,2025-06-10T10:30:00Z,76.24,9.96,0.0,0.0
419000019,2025-06-10T10:35:00Z,76.24,9.96,0.0,0.0
419000019,2025-06-10T10:40:00Z,76.24,9.96,0.0,0.0
419000019,2025-06-10T10:45:00Z,76.24,9.96,0.0,0.0
419000019,2025-06-10T10:50:00Z,76.24,9.96,0.0,0.0
419000019,2025-06-10T10:55:00Z,76.24,9.96,0.0,0.0
419000019,2025-06-10T11:00:00Z,76.24,9.96,0.0,0.0
419000019,2025-06-10T11:05:00Z,76.24,9.96,0.0,0.0
419000019,2025-06-10T11:10:00Z,76.24,9.96,0.0,0.0
419000019,2025-06-10T11:15:00Z,76.24,9.96,0.0,0.0
419000019,2025-06-10T11:20:00Z,76.24,9.96,0.0,0.0
419000019,2025-06-10T11:25:00Z,76.24,9.96,0.0,0.0
419000019,2025-06-10T11:30:00Z,76.24,9.96,0.0,0.0
419000019,2025-06-10T11:35:00Z,76.24,9.96,0.0,0.0
419000019,2025-06-10T11:40:00Z,76.24,9.96,0.0,0.0
419000019,2025-06-10T11:45:00Z,76.24,9.96,0.0,0.0
419000019,2025-06-10T11:50:00Z,76.24,9.96,0.0,0.0
419000019,2025-06-10T11:55:00Z,76.24,9.96,0.0,0.0
419000019,2025-06-10T12:00:00Z,76.24,9.96,0.0,0.0
419000019,2025-06-10T12:05:00Z,76.24,9.96,0.0,0.0
419000019,2025-06-10T12:10:00Z,76.24,9.96,0.0,0.0
419000019,2025-06-10T12:15:00Z,76.24,9.96,0.0,0.0
419000019,2025-06-10T12:20:00Z,76.24,9.96,0.0,0.0
419000019,2025-06-10T12:25:00Z,76.24,9.96,0.0,0.0
419000019,2025-06-10T12:30:00Z,76.24,9.96,0.0,0.0
419000019,2025-06-10T12:35:00Z,76.24,9.96,0.0,0.0
419000019,2025-06-10T12:40:00Z,76.24,9.96,0.0,0.0
419000019,2025-06-10T12:45:00Z,76.24,9.96,0.0,0.0
419000019,2025-06-10T12:50:00Z,76.24,9.96,0.0,0.0
419000019,2025-06-10T12:55:00Z,76.24,9.96,0.0,0.0
419000019,2025-06-10T13:00:00Z,76.24,9.96,0.0,0.0
419000019,2025-06-10T13:05:00Z,76.24,9.96,0.0,0.0
419000019,2025-06-10T13:10:00Z,76.24,9.96,0.0,0.0
419000019,2025-06-10T13:15:00Z,76.24,9.96,0.0,0.0
419000019,2025-06-10T13:20:00Z,76.24,9.96,0.0,0.0
419000019,2025-06-10T13:25:00Z,76.24,9.96,0.0,0.0
419000019,2025-06-10T13:30:00Z,76.24,9.96,0.0,0.0
419000019,2025-06-10T13:35:00Z,76.24,9.96,0.0,0.0
419000019,2025-06-10T13:40:00Z,76.24,9.96,0.0,0.0
419000019,2025-06-10T13:45:00Z,76.24,9.96,0.0,0.0
419000019,2025-06-10T13:50:00Z,76.24,9.96,0.0,0.0
419000019,2025-06-10T13:55:00Z,76.24,9.96,0.0,0.0
419000019,2025-06-10T14:00:00Z,76.24,9.96,0.0,0.0
419000019,2025-06-10T14:05:00Z,76.24,9.96,0.0,0.0
419000019,2025-06-10T14:10:00Z,76.24,9.96,0.0,0.0
419000019,2025-06-10T14:15:00Z,76.24,9.96,0.0,0.0
419000019,2025-06-10T14:20:00Z,76.24,9.96,0.0,0.0
419000019,2025-06-10T14:25:00Z,76.24,9.96,0.0,0.0
419000019,2025-06-10T14:30:00Z,76.24,9.96,0.0,0.0
419000019,2025-06-10T14:35:00Z,76.24,9.96,0.0,0.0
419000019,2025-06-10T14:40:00Z,76.24,9.96,0.0,0.0
419000019,2025-06-10T14:45:00Z,76.24,9.96,0.0,0.0
419000019,2025-06-10T14:50:00Z,76.24,9.96,0.0,0.0
419000019,2025-06-10T14:55:00Z,76.24,9.96,0.0,0.0
419000019,2025-06-10T15:00:00Z,76.24,9.96,0.0,0.0
419000019,2025-06-10T15:05:00Z,76.24,9.96,0.0,0.0
419000019,2025-06-10T15:10:00Z,76.24,9.96,0.0,0.0
419000019,2025-06-10T15:15:00Z,76.24,9.96,0.0,0.0
419000019,2025-06-10T15:20:00Z,76.24,9.96,0.0,0.0
419000019,2025-06-10T15:25:00Z,76.24,9.96,0.0,0.0
419000019,2025-06-10T15:30:00Z,76.24,9.96,0.0,0.0
419000019,2025-06-10T15:35:00Z,76.24,9.96,0.0,0.0
419000019,2025-06-10T15:40:00Z,76.24,9.96,0.0,0.0
419000019,2025-06-10T15:45:00Z,76.24,9.96,0.0,0.0
419000019,2025-06-10T15:50:00Z,76.24,9.96,0.0,0.0
419000019,2025-06-10T15:55:00Z,76.24,9.96,0.0,0.0
419000019,2025-06-10T16:00:00Z,76.24,9.96,0.0,0.0
419000019,2025-06-10T16:05:00Z,76.24,9.96,0.0,0.0
419000019,2025-06-10T16:10:00Z,76.24,9.96,0.0,0.0
419000019,2025-06-10T16:15:00Z,76.24,9.96,0.0,0.0
419000019,2025-06-10T16:20:00Z,76.24,9.96,0.0,0.0
419000019,2025-06-10T16:25:00Z,76.24,9.96,0.0,0.0
419000019,2025-06-10T16:30:00Z,76.24,9.96,0.0,0.0
419000019,2025-06-10T16:35:00Z,76.24,9.96,0.0,0.0
419000019,2025-06-10T16:40:00Z,76.24,9.96,0.0,0.0
419000019,2025-06-10T16:45:00Z,76.24,9.96,0.0,0.0
419000019,2025-06-10T16:50:00Z,76.24,9.96,0.0,0.0
419000019,2025-06-10T16:55:00Z,76.24,9.96,0.0,0.0
419000019,2025-06-10T17:00:00Z,76.24,9.96,0.0,0.0
419000019,2025-06-10T17:05:00Z,76.24,9.96,0.0,0.0
419000019,2025-06-10T17:10:00Z,76.24,9.96,0.0,0.0
419000019,2025-06-10T17:15:00Z,76.24,9.96,0.0,0.0
419000019,2025-06-10T17:20:00Z,76.24,9.96,0.0,0.0
419000019,2025-06-10T17:25:00Z,76.24,9.96,0.0,0.0
419000019,2025-06-10T17:30:00Z,76.24,9.96,0.0,0.0
419000019,2025-06-10T17:35:00Z,76.24,9.96,0.0,0.0
419000019,2025-06-10T17:40:00Z,76.24,9.96,0.0,0.0
419000019,2025-06-10T17:45:00Z,76.24,9.96,0.0,0.0
419000019,2025-06-10T17:50:00Z,76.24,9.96,0.0,0.0
419000019,2025-06-10T17:55:00Z,76.24,9.96,0.0,0.0
419000019,2025-06-10T18:00:00Z,76.24,9.96,0.0,0.0
419000019,2025-06-10T18:05:00Z,76.24,9.96,0.0,0.0
419000019,2025-06-10T18:10:00Z,76.24,9.96,0.0,0.0
419000019,2025-06-10T18:15:00Z,76.24,9.96,0.0,0.0
419000019,2025-06-10T18:20:00Z,76.24,9.96,0.0,0.0
419000019,2025-06-10T18:25:00Z,76.24,9.96,0.0,0.0
419000019,2025-06-10T18:30:00Z,76.24,9.96,0.0,0.0
419000019,2025-06-10T18:35:00Z,76.24,9.96,0.0,0.0
419000019,2025-06-10T18:40:00Z,76.24,9.96,0.0,0.0
419000019,2025-06-10T18:45:00Z,76.24,9.96,0.0,0.0
419000019,2025-06-10T18:50:00Z,76.24,9.96,0.0,0.0
419000019,2025-06-10T18:55:00Z,76.24,9.96,0.0,0.0
419000019,2025-06-10T19:00:00Z,76.24,9.96,0.0,0.0
419000019,2025-06-10T19:05:00Z,76.24,9.96,0.0,0.0
419000019,2025-06-10T19:10:00Z,76.24,9.96,0.0,0.0
419000019,2025-06-10T19:15:00Z,76.24,9.96,0.0,0.0
419000019,2025-06-10T19:20:00Z,76.24,9.96,0.0,0.0
419000019,2025-06-10T19:25:00Z,76.24,9.96,0.0,0.0
419000019,2025-06-10T19:30:00Z,76.24,9.96,0.0,0.0
419000019,2025-06-10T19:35:00Z,76.24,9.96,0.0,0.0
419000019,2025-06-10T19:40:00Z,76.24,9.96,0.0,0.0
419000019,2025-06-10T19:45:00Z,76.24,9.96,0.0,0.0
419000019,2025-06-10T19:50:00Z,76.24,9.96,0.0,0.0
419000019,2025-06-10T19:55:00Z,76.24,9.96,0.0,0.0
419000019,2025-06-10T20:00:00Z,76.24,9.96,0.0,0.0
419000019,2025-06-10T20:05:00Z,76.24,9.96,0.0,0.0
419000019,2025-06-10T20:10:00Z,76.24,9.96,0.0,0.0
419000019,2025-06-10T20:15:00Z,76.24,9.96,0.0,0.0
419000019,2025-06-10T20:20:00Z,76.24,9.96,0.0,0.0
419000019,2025-06-10T20:25:00Z,76.24,9.96,0.0,0.0
419000019,2025-06-10T20:30:00Z,76.24,9.96,0.0,0.0
419000019,2025-06-10T20:35:00Z,76.24,9.96,0.0,0.0
419000019,2025-06-10T20:40:00Z,76.24,9.96,0.0,0.0
419000019,2025-06-10T20:45:00Z,76.24,9.96,0.0,0.0
419000019,2025-06-10T20:50:00Z,76.24,9.96,0.0,0.0
419000019,2025-06-10T20:55:00Z,76.24,9.96,0.0,0.0
419000019,2025-06-10T21:00:00Z,76.24,9.96,0.0,0.0
419000019,2025-06-10T21:05:00Z,76.24,9.96,0.0,0.0
419000019,2025-06-10T21:10:00Z,76.24,9.96,0.0,0.0
419000019,2025-06-10T21:15:00Z,76.24,9.96,0.0,0.0
419000019,2025-06-10T21:20:00Z,76.24,9.96,0.0,0.0
419000019,2025-06-10T21:25:00Z,76.24,9.96,0.0,0.0
419000019,2025-06-10T21:30:00Z,76.24,9.96,0.0,0.0
419000019,2025-06-10T21:35:00Z,76.24,9.96,0.0,0.0
419000019,2025-06-10T21:40:00Z,76.24,9.96,0.0,0.0
419000019,2025-06-10T21:45:00Z,76.24,9.96,0.0,0.0
419000019,2025-06-10T21:50:00Z,76.24,9.96,0.0,0.0
419000019,2025-06-10T21:55:00Z,76.24,9.96,0.0,0.0
419000019,2025-06-10T22:00:00Z,76.24,9.96,0.0,0.0
419000019,2025-06-10T22:05:00Z,76.24,9.96,0.0,0.0
419000019,2025-06-10T22:10:00Z,76.24,9.96,0.0,0.0
419000019,2025-06-10T22:15:00Z,76.24,9.96,0.0,0.0
419000019,2025-06-10T22:20:00Z,76.24,9.96,0.0,0.0
419000019,2025-06-10T22:25:00Z,76.24,9.96,0.0,0.0
419000019,2025-06-10T22:30:00Z,76.24,9.96,0.0,0.0
419000019,2025-06-10T22:35:00Z,76.24,9.96,0.0,0.0
419000019,2025-06-10T22:40:00Z,76.24,9.96,0.0,0.0
419000019,2025-06-10T22:45:00Z,76.24,9.96,0.0,0.0
419000019,2025-06-10T22:50:00Z,76.24,9.96,0.0,0.0
419000019,2025-06-10T22:55:00Z,76.24,9.96,0.0,0.0
419000019,2025-06-10T23:00:00Z,76.24,9.96,0.0,0.0
419000019,2025-06-10T23:05:00Z,76.24,9.96,0.0,0.0
419000019,2025-06-10T23:10:00Z,76.24,9.96,0.0,0.0
419000019,2025-06-10T23:15:00Z,76.24,9.96,0.0,0.0
419000019,2025-06-10T23:20:00Z,76.24,9.96,0.0,0.0
419000019,2025-06-10T23:25:00Z,76.24,9.96,0.0,0.0
419000019,2025-06-10T23:30:00Z,76.24,9.96,0.0,0.0
419000019,2025-06-10T23:35:00Z,76.24,9.96,0.0,0.0
419000019,2025-06-10T23:40:00Z,76.24,9.96,0.0,0.0
419000019,2025-06-10T23:45:00Z,76.24,9.96,0.0,0.0
419000019,2025-06-10T23:50:00Z,76.24,9.96,0.0,0.0
419000019,2025-06-10T23:55:00Z,76.24,9.96,0.0,0.0
419000019,2025-06-11T00:00:00Z,76.24,9.96,0.0,0.0
419000019,2025-06-11T00:05:00Z,76.24,9.96,0.0,0.0
419000019,2025-06-11T00:10:00Z,76.24,9.96,0.0,0.0
419000019,2025-06-11T00:15:00Z,76.24,9.96,0.0,0.0
419000019,2025-06-11T00:20:00Z,76.24,9.96,0.0,0.0
419000019,2025-06-11T00:25:00Z,76.24,9.96,0.0,0.0
419000019,2025-06-11T00:30:00Z,76.24,9.96,0.0,0.0
419000019,2025-06-11T00:35:00Z,76.24,9.96,0.0,0.0
419000019,2025-06-11T00:40:00Z,76.24,9.96,0.0,0.0
419000019,2025-06-11T00:45:00Z,76.24,9.96,0.0,0.0
419000019,2025-06-11T00:50:00Z,76.24,9.96,0.0,0.0
419000019,2025-06-11T00:55:00Z,76.24,9.96,0.0,0.0
419000019,2025-06-11T01:00:00Z,76.24,9.96,0.0,0.0
419000019,2025-06-11T01:05:00Z,76.24,9.96,0.0,0.0
419000019,2025-06-11T01:10:00Z,76.24,9.96,0.0,0.0
419000019,2025-06-11T01:15:00Z,76.24,9.96,0.0,0.0
419000019,2025-06-11T01:20:00Z,76.24,9.96,0.0,0.0
419000019,2025-06-11T01:25:00Z,76.24,9.96,0.0,0.0
419000019,2025-06-11T01:30:00Z,76.24,9.96,0.0,0.0
419000019,2025-06-11T01:35:00Z,76.24,9.96,0.0,0.0
419000019,2025-06-11T01:40:00Z,76.24,9.96,0.0,0.0
419000019,2025-06-11T01:45:00Z,76.24,9.96,0.0,0.0
419000019,2025-06-11T01:50:00Z,76.24,9.96,0.0,0.0
419000019,2025-06-11T01:55:00Z,76.24,9.96,0.0,0.0
419000019,2025-06-11T02:00:00Z,76.24,9.96,0.0,0.0
419000019,2025-06-11T02:05:00Z,76.24,9.96,0.0,0.0
419000019,2025-06-11T02:10:00Z,76.24,9.96,0.0,0.0
419000019,2025-06-11T02:15:00Z,76.24,9.96,0.0,0.0
419000019,2025-06-11T02:20:00Z,76.24,9.96,0.0,0.0
419000019,2025-06-11T02:25:00Z,76.24,9.96,0.0,0.0
419000019,2025-06-11T02:30:00Z,76.24,9.96,0.0,0.0
419000019,2025-06-11T02:35:00Z,76.24,9.96,0.0,0.0
419000019,2025-06-11T02:40:00Z,76.24,9.96,0.0,0.0
419000019,2025-06-11T02:45:00Z,76.24,9.96,0.0,0.0
419000019,2025-06-11T02:50:00Z,76.24,9.96,0.0,0.0
419000019,2025-06-11T02:55:00Z,76.24,9.96,0.0,0.0
419000019,2025-06-11T03:00:00Z,76.24,9.96,0.0,0.0
419000019,2025-06-11T03:05:00Z,76.24,9.96,0.0,0.0
419000019,2025-06-11T03:10:00Z,76.24,9.96,0.0,0.0
419000019,2025-06-11T03:15:00Z,76.24,9.96,0.0,0.0
419000019,2025-06-11T03:20:00Z,76.24,9.96,0.0,0.0
419000019,2025-06-11T03:25:00Z,76.24,9.96,0.0,0.0
419000019,2025-06-11T03:30:00Z,76.24,9.96,0.0,0.0
419000019,2025-06-11T03:35:00Z,76.24,9.96,0.0,0.0
419000019,2025-06-11T03:40:00Z,76.24,9.96,0.0,0.0
419000019,2025-06-11T03:45:00Z,76.24,9.96,0.0,0.0
419000019,2025-06-11T03:50:00Z,76.24,9.96,0.0,0.0
419000019,2025-06-11T03:55:00Z,76.24,9.96,0.0,0.0
419000019,2025-06-11T04:00:00Z,76.24,9.96,0.0,0.0
419000019,2025-06-11T04:05:00Z,76.24,9.96,0.0,0.0
419000019,2025-06-11T04:10:00Z,76.24,9.96,0.0,0.0
419000019,2025-06-11T04:15:00Z,76.24,9.96,0.0,0.0
419000019,2025-06-11T04:20:00Z,76.24,9.96,0.0,0.0
419000019,2025-06-11T04:25:00Z,76.24,9.96,0.0,0.0
419000019,2025-06-11T04:30:00Z,76.24,9.96,0.0,0.0
419000019,2025-06-11T04:35:00Z,76.24,9.96,0.0,0.0
419000019,2025-06-11T04:40:00Z,76.24,9.96,0.0,0.0
419000019,2025-06-11T04:45:00Z,76.24,9.96,0.0,0.0
419000019,2025-06-11T04:50:00Z,76.24,9.96,0.0,0.0
419000019,2025-06-11T04:55:00Z,76.24,9.96,0.0,0.0
419000019,2025-06-11T05:00:00Z,76.24,9.96,0.0,0.0
419000019,2025-06-11T05:05:00Z,76.24,9.96,0.0,0.0
419000019,2025-06-11T05:10:00Z,76.24,9.96,0.0,0.0
419000019,2025-06-11T05:15:00Z,76.24,9.96,0.0,0.0
419000019,2025-06-11T05:20:00Z,76.24,9.96,0.0,0.0
419000019,2025-06-11T05:25:00Z,76.24,9.96,0.0,0.0
419000019,2025-06-11T05:30:00Z,76.24,9.96,0.0,0.0
419000019,2025-06-11T05:35:00Z,76.24,9.96,0.0,0.0
419000019,2025-06-11T05:40:00Z,76.24,9.96,0.0,0.0
419000019,2025-06-11T05:45:00Z,76.24,9.96,0.0,0.0
419000019,2025-06-11T05:50:00Z,76.24,9.96,0.0,0.0
419000019,2025-06-11T05:55:00Z,76.24,9.96,0.0,0.0
419000019,2025-06-11T06:00:00Z,76.24,9.96,0.0,0.0
419000019,2025-06-11T06:05:00Z,76.24,9.96,0.0,0.0
419000019,2025-06-11T06:10:00Z,76.24,9.96,0.0,0.0
419000019,2025-06-11T06:15:00Z,76.24,9.96,0.0,0.0
419000019,2025-06-11T06:20:00Z,76.24,9.96,0.0,0.0
419000019,2025-06-11T06:25:00Z,76.24,9.96,0.0,0.0
419000019,2025-06-11T06:30:00Z,76.24,9.96,0.0,0.0
419000019,2025-06-11T06:35:00Z,76.24,9.96,0.0,0.0
419000019,2025-06-11T06:40:00Z,76.24,9.96,0.0,0.0
419000019,2025-06-11T06:45:00Z,76.24,9.96,0.0,0.0
419000019,2025-06-11T06:50:00Z,76.24,9.96,0.0,0.0
419000019,2025-06-11T06:55:00Z,76.24,9.96,0.0,0.0
419000019,2025-06-11T07:00:00Z,76.24,9.96,0.0,0.0
419000019,2025-06-11T07:05:00Z,76.24,9.96,0.0,0.0
419000019,2025-06-11T07:10:00Z,76.24,9.96,0.0,0.0
419000019,2025-06-11T07:15:00Z,76.24,9.96,0.0,0.0
419000019,2025-06-11T07:20:00Z,76.24,9.96,0.0,0.0
419000019,2025-06-11T07:25:00Z,76.24,9.96,0.0,0.0
419000019,2025-06-11T07:30:00Z,76.24,9.96,0.0,0.0
419000019,2025-06-11T07:35:00Z,76.24,9.96,0.0,0.0
419000019,2025-06-11T07:40:00Z,76.24,9.96,0.0,0.0
419000019,2025-06-11T07:45:00Z,76.24,9.96,0.0,0.0
419000019,2025-06-11T07:50:00Z,76.24,9.96,0.0,0.0
419000019,2025-06-11T07:55:00Z,76.24,9.96,0.0,0.0
419000019,2025-06-11T08:00:00Z,76.24,9.96,0.0,0.0
419000019,2025-06-11T08:05:00Z,76.24,9.96,0.0,0.0
419000019,2025-06-11T08:10:00Z,76.24,9.96,0.0,0.0
419000019,2025-06-11T08:15:00Z,76.24,9.96,0.0,0.0
419000019,2025-06-11T08:20:00Z,76.24,9.96,0.0,0.0
419000019,2025-06-11T08:25:00Z,76.24,9.96,0.0,0.0
419000019,2025-06-11T08:30:00Z,76.24,9.96,0.0,0.0
419000019,2025-06-11T08:35:00Z,76.24,9.96,0.0,0.0
419000019,2025-06-11T08:40:00Z,76.24,9.96,0.0,0.0
419000019,2025-06-11T08:45:00Z,76.24,9.96,0.0,0.0
419000019,2025-06-11T08:50:00Z,76.24,9.96,0.0,0.0
419000019,2025-06-11T08:55:00Z,76.24,9.96,0.0,0.0
419000019,2025-06-11T09:00:00Z,76.24,9.96,0.0,0.0
419000019,2025-06-11T09:05:00Z,76.24,9.96,0.0,0.0
419000019,2025-06-11T09:10:00Z,76.24,9.96,0.0,0.0
419000019,2025-06-11T09:15:00Z,76.24,9.96,0.0,0.0
419000019,2025-06-11T09:20:00Z,76.24,9.96,0.0,0.0
419000019,2025-06-11T09:25:00Z,76.24,9.96,0.0,0.0
419000019,2025-06-11T09:30:00Z,76.24,9.96,0.0,0.0
419000019,2025-06-11T09:35:00Z,76.24,9.96,0.0,0.0
419000019,2025-06-11T09:40:00Z,76.24,9.96,0.0,0.0
419000019,2025-06-11T09:45:00Z,76.24,9.96,0.0,0.0
419000019,2025-06-11T09:50:00Z,76.24,9.96,0.0,0.0
419000019,2025-06-11T09:55:00Z,76.24,9.96,0.0,0.0
419000019,2025-06-11T10:00:00Z,76.24,9.96,0.0,0.0
419000019,2025-06-11T10:05:00Z,76.24,9.96,0.0,0.0
419000019,2025-06-11T10:10:00Z,76.24,9.96,0.0,0.0
419000019,2025-06-11T10:15:00Z,76.24,9.96,0.0,0.0
419000019,2025-06-11T10:20:00Z,76.24,9.96,0.0,0.0
419000019,2025-06-11T10:25:00Z,76.24,9.96,0.0,0.0
419000019,2025-06-11T10:30:00Z,76.24,9.96,0.0,0.0
419000019,2025-06-11T10:35:00Z,76.24,9.96,0.0,0.0
419000019,2025-06-11T10:40:00Z,76.24,9.96,0.0,0.0
419000019,2025-06-11T10:45:00Z,76.24,9.96,0.0,0.0
419000019,2025-06-11T10:50:00Z,76.24,9.96,0.0,0.0
419000019,2025-06-11T10:55:00Z,76.24,9.96,0.0,0.0
419000019,2025-06-11T11:00:00Z,76.24,9.96,0.0,0.0
419000019,2025-06-11T11:05:00Z,76.24,9.96,0.0,0.0
419000019,2025-06-11T11:10:00Z,76.24,9.96,0.0,0.0
419000019,2025-06-11T11:15:00Z,76.24,9.96,0.0,0.0
419000019,2025-06-11T11:20:00Z,76.24,9.96,0.0,0.0
419000019,2025-06-11T11:25:00Z,76.24,9.96,0.0,0.0
419000019,2025-06-11T11:30:00Z,76.24,9.96,0.0,0.0
419000019,2025-06-11T11:35:00Z,76.24,9.96,0.0,0.0
419000019,2025-06-11T11:40:00Z,76.24,9.96,0.0,0.0
419000019,2025-06-11T11:45:00Z,76.24,9.96,0.0,0.0
419000019,2025-06-11T11:50:00Z,76.24,9.96,0.0,0.0
419000019,2025-06-11T11:55:00Z,76.24,9.96,0.0,0.0
419000019,2025-06-11T12:00:00Z,76.24,9.96,0.0,0.0
419000019,2025-06-11T12:05:00Z,76.24,9.96,0.0,0.0
419000019,2025-06-11T12:10:00Z,76.24,9.96,0.0,0.0
419000019,2025-06-11T12:15:00Z,76.24,9.96,0.0,0.0
419000019,2025-06-11T12:20:00Z,76.24,9.96,0.0,0.0
419000019,2025-06-11T12:25:00Z,76.24,9.96,0.0,0.0
419000019,2025-06-11T12:30:00Z,76.24,9.96,0.0,0.0
419000019,2025-06-11T12:35:00Z,76.24,9.96,0.0,0.0
419000019,2025-06-11T12:40:00Z,76.24,9.96,0.0,0.0
419000019,2025-06-11T12:45:00Z,76.24,9.96,0.0,0.0
419000019,2025-06-11T12:50:00Z,76.24,9.96,0.0,0.0
419000019,2025-06-11T12:55:00Z,76.24,9.96,0.0,0.0
419000019,2025-06-11T13:00:00Z,76.24,9.96,0.0,0.0
419000019,2025-06-11T13:05:00Z,76.24,9.96,0.0,0.0
419000019,2025-06-11T13:10:00Z,76.24,9.96,0.0,0.0
419000019,2025-06-11T13:15:00Z,76.24,9.96,0.0,0.0
419000019,2025-06-11T13:20:00Z,76.24,9.96,0.0,0.0
419000019,2025-06-11T13:25:00Z,76.24,9.96,0.0,0.0
419000019,2025-06-11T13:30:00Z,76.24,9.96,0.0,0.0
419000019,2025-06-11T13:35:00Z,76.24,9.96,0.0,0.0
419000019,2025-06-11T13:40:00Z,76.24,9.96,0.0,0.0
419000019,2025-06-11T13:45:00Z,76.24,9.96,0.0,0.0
419000019,2025-06-11T13:50:00Z,76.24,9.96,0.0,0.0
419000019,2025-06-11T13:55:00Z,76.24,9.96,0.0,0.0
419000019,2025-06-11T14:00:00Z,76.24,9.96,0.0,0.0
419000019,2025-06-11T14:05:00Z,76.24,9.96,0.0,0.0
419000019,2025-06-11T14:10:00Z,76.24,9.96,0.0,0.0
419000019,2025-06-11T14:15:00Z,76.24,9.96,0.0,0.0
419000019,2025-06-11T14:20:00Z,76.24,9.96,0.0,0.0
419000019,2025-06-11T14:25:00Z,76.24,9.96,0.0,0.0
419000019,2025-06-11T14:30:00Z,76.24,9.96,0.0,0.0
419000019,2025-06-11T14:35:00Z,76.24,9.96,0.0,0.0
419000019,2025-06-11T14:40:00Z,76.24,9.96,0.0,0.0
419000019,2025-06-11T14:45:00Z,76.24,9.96,0.0,0.0
419000019,2025-06-11T14:50:00Z,76.24,9.96,0.0,0.0
419000019,2025-06-11T14:55:00Z,76.24,9.96,0.0,0.0
419000019,2025-06-11T15:00:00Z,76.24,9.96,0.0,0.0
419000019,2025-06-11T15:05:00Z,76.24,9.96,0.0,0.0
419000019,2025-06-11T15:10:00Z,76.24,9.96,0.0,0.0
419000019,2025-06-11T15:15:00Z,76.24,9.96,0.0,0.0
419000019,2025-06-11T15:20:00Z,76.24,9.96,0.0,0.0
419000019,2025-06-11T15:25:00Z,76.24,9.96,0.0,0.0
419000019,2025-06-11T15:30:00Z,76.24,9.96,0.0,0.0
419000019,2025-06-11T15:35:00Z,76.24,9.96,0.0,0.0
419000019,2025-06-11T15:40:00Z,76.24,9.96,0.0,0.0
419000019,2025-06-11T15:45:00Z,76.24,9.96,0.0,0.0
419000019,2025-06-11T15:50:00Z,76.24,9.96,0.0,0.0
419000019,2025-06-11T15:55:00Z,76.24,9.96,0.0,0.0
419000019,2025-06-11T16:00:00Z,76.24,9.96,0.0,0.0
419000019,2025-06-11T16:05:00Z,76.24,9.96,0.0,0.0
419000019,2025-06-11T16:10:00Z,76.24,9.96,0.0,0.0
419000019,2025-06-11T16:15:00Z,76.24,9.96,0.0,0.0
419000019,2025-06-11T16:20:00Z,76.24,9.96,0.0,0.0
419000019,2025-06-11T16:25:00Z,76.24,9.96,0.0,0.0
419000019,2025-06-11T16:30:00Z,76.24,9.96,0.0,0.0
419000019,2025-06-11T16:35:00Z,76.24,9.96,0.0,0.0
419000019,2025-06-11T16:40:00Z,76.24,9.96,0.0,0.0
419000019,2025-06-11T16:45:00Z,76.24,9.96,0.0,0.0
419000019,2025-06-11T16:50:00Z,76.24,9.96,0.0,0.0
419000019,2025-06-11T16:55:00Z,76.24,9.96,0.0,0.0
419000019,2025-06-11T17:00:00Z,76.24,9.96,0.0,0.0
419000019,2025-06-11T17:05:00Z,76.24,9.96,0.0,0.0
419000019,2025-06-11T17:10:00Z,76.24,9.96,0.0,0.0
419000019,2025-06-11T17:15:00Z,76.24,9.96,0.0,0.0
419000019,2025-06-11T17:20:00Z,76.24,9.96,0.0,0.0
419000019,2025-06-11T17:25:00Z,76.24,9.96,0.0,0.0
419000019,2025-06-11T17:30:00Z,76.24,9.96,0.0,0.0
419000019,2025-06-11T17:35:00Z,76.24,9.96,0.0,0.0
419000019,2025-06-11T17:40:00Z,76.24,9.96,0.0,0.0
419000019,2025-06-11T17:45:00Z,76.24,9.96,0.0,0.0
419000019,2025-06-11T17:50:00Z,76.24,9.96,0.0,0.0
419000019,2025-06-11T17:55:00Z,76.24,9.96,0.0,0.0
419000019,2025-06-11T18:00:00Z,76.24,9.96,0.0,0.0
419000019,2025-06-11T18:05:00Z,76.24,9.96,0.0,0.0
419000019,2025-06-11T18:10:00Z,76.24,9.96,0.0,0.0
419000019,2025-06-11T18:15:00Z,76.24,9.96,0.0,0.0
419000019,2025-06-11T18:20:00Z,76.24,9.96,0.0,0.0
419000019,2025-06-11T18:25:00Z,76.24,9.96,0.0,0.0
419000019,2025-06-11T18:30:00Z,76.24,9.96,0.0,0.0
419000019,2025-06-11T18:35:00Z,76.24,9.96,0.0,0.0
419000019,2025-06-11T18:40:00Z,76.24,9.96,0.0,0.0
419000019,2025-06-11T18:45:00Z,76.24,9.96,0.0,0.0
419000019,2025-06-11T18:50:00Z,76.24,9.96,0.0,0.0
419000019,2025-06-11T18:55:00Z,76.24,9.96,0.0,0.0
419000019,2025-06-11T19:00:00Z,76.24,9.96,0.0,0.0
419000019,2025-06-11T19:05:00Z,76.24,9.96,0.0,0.0
419000019,2025-06-11T19:10:00Z,76.24,9.96,0.0,0.0
419000019,2025-06-11T19:15:00Z,76.24,9.96,0.0,0.0
419000019,2025-06-11T19:20:00Z,76.24,9.96,0.0,0.0
419000019,2025-06-11T19:25:00Z,76.24,9.96,0.0,0.0
419000019,2025-06-11T19:30:00Z,76.24,9.96,0.0,0.0
419000019,2025-06-11T19:35:00Z,76.24,9.96,0.0,0.0
419000019,2025-06-11T19:40:00Z,76.24,9.96,0.0,0.0
419000019,2025-06-11T19:45:00Z,76.24,9.96,0.0,0.0
419000019,2025-06-11T19:50:00Z,76.24,9.96,0.0,0.0
419000019,2025-06-11T19:55:00Z,76.24,9.96,0.0,0.0
419000019,2025-06-11T20:00:00Z,76.24,9.96,0.0,0.0
419000019,2025-06-11T20:05:00Z,76.24,9.96,0.0,0.0
419000019,2025-06-11T20:10:00Z,76.24,9.96,0.0,0.0
419000019,2025-06-11T20:15:00Z,76.24,9.96,0.0,0.0
419000019,2025-06-11T20:20:00Z,76.24,9.96,0.0,0.0
419000019,2025-06-11T20:25:00Z,76.24,9.96,0.0,0.0
419000019,2025-06-11T20:30:00Z,76.24,9.96,0.0,0.0
419000019,2025-06-11T20:35:00Z,76.24,9.96,0.0,0.0
419000019,2025-06-11T20:40:00Z,76.24,9.96,0.0,0.0
419000019,2025-06-11T20:45:00Z,76.24,9.96,0.0,0.0
419000019,2025-06-11T20:50:00Z,76.24,9.96,0.0,0.0
419000019,2025-06-11T20:55:00Z,76.24,9.96,0.0,0.0
419000019,2025-06-11T21:00:00Z,76.24,9.96,0.0,0.0
419000019,2025-06-11T21:05:00Z,76.24,9.96,0.0,0.0
419000019,2025-06-11T21:10:00Z,76.24,9.96,0.0,0.0
419000019,2025-06-11T21:15:00Z,76.24,9.96,0.0,0.0
419000019,2025-06-11T21:20:00Z,76.24,9.96,0.0,0.0
419000019,2025-06-11T21:25:00Z,76.24,9.96,0.0,0.0
419000019,2025-06-11T21:30:00Z,76.24,9.96,0.0,0.0
419000019,2025-06-11T21:35:00Z,76.24,9.96,0.0,0.0
419000019,2025-06-11T21:40:00Z,76.24,9.96,0.0,0.0
419000019,2025-06-11T21:45:00Z,76.24,9.96,0.0,0.0
419000019,2025-06-11T21:50:00Z,76.24,9.96,0.0,0.0
419000019,2025-06-11T21:55:00Z,76.24,9.96,0.0,0.0
419000019,2025-06-11T22:00:00Z,76.24,9.96,0.0,0.0
419000019,2025-06-11T22:05:00Z,76.24,9.96,0.0,0.0
419000019,2025-06-11T22:10:00Z,76.24,9.96,0.0,0.0
419000019,2025-06-11T22:15:00Z,76.24,9.96,0.0,0.0
419000019,2025-06-11T22:20:00Z,76.24,9.96,0.0,0.0
419000019,2025-06-11T22:25:00Z,76.24,9.96,0.0,0.0
419000019,2025-06-11T22:30:00Z,76.24,9.96,0.0,0.0
419000019,2025-06-11T22:35:00Z,76.24,9.96,0.0,0.0
419000019,2025-06-11T22:40:00Z,76.24,9.96,0.0,0.0
419000019,2025-06-11T22:45:00Z,76.24,9.96,0.0,0.0
419000019,2025-06-11T22:50:00Z,76.24,9.96,0.0,0.0
419000019,2025-06-11T22:55:00Z,76.24,9.96,0.0,0.0
419000019,2025-06-11T23:00:00Z,76.24,9.96,0.0,0.0
419000019,2025-06-11T23:05:00Z,76.24,9.96,0.0,0.0
419000019,2025-06-11T23:10:00Z,76.24,9.96,0.0,0.0
419000019,2025-06-11T23:15:00Z,76.24,9.96,0.0,0.0
419000019,2025-06-11T23:20:00Z,76.24,9.96,0.0,0.0
419000019,2025-06-11T23:25:00Z,76.24,9.96,0.0,0.0
419000019,2025-06-11T23:30:00Z,76.24,9.96,0.0,0.0
419000019,2025-06-11T23:35:00Z,76.24,9.96,0.0,0.0
419000019,2025-06-11T23:40:00Z,76.24,9.96,0.0,0.0
419000019,2025-06-11T23:45:00Z,76.24,9.96,0.0,0.0
419000019,2025-06-11T23:50:00Z,76.24,9.96,0.0,0.0
419000019,2025-06-11T23:55:00Z,76.24,9.96,0.0,0.0
419000019,2025-06-12T00:00:00Z,76.24,9.96,0.0,0.0
419000019,2025-06-12T00:05:00Z,76.24,9.96,0.0,0.0
419000019,2025-06-12T00:10:00Z,76.24,9.96,0.0,0.0
419000019,2025-06-12T00:15:00Z,76.24,9.96,0.0,0.0
419000019,2025-06-12T00:20:00Z,76.24,9.96,0.0,0.0
419000019,2025-06-12T00:25:00Z,76.24,9.96,0.0,0.0
419000019,2025-06-12T00:30:00Z,76.24,9.96,0.0,0.0
419000019,2025-06-12T00:35:00Z,76.24,9.96,0.0,0.0
419000019,2025-06-12T00:40:00Z,76.24,9.96,0.0,0.0
419000019,2025-06-12T00:45:00Z,76.24,9.96,0.0,0.0
419000019,2025-06-12T00:50:00Z,76.24,9.96,0.0,0.0
419000019,2025-06-12T00:55:00Z,76.24,9.96,0.0,0.0
419000019,2025-06-12T01:00:00Z,76.24,9.96,0.0,0.0
419000019,2025-06-12T01:05:00Z,76.24,9.96,0.0,0.0
419000019,2025-06-12T01:10:00Z,76.24,9.96,0.0,0.0
419000019,2025-06-12T01:15:00Z,76.24,9.96,0.0,0.0
419000019,2025-06-12T01:20:00Z,76.24,9.96,0.0,0.0
419000019,2025-06-12T01:25:00Z,76.24,9.96,0.0,0.0
419000019,2025-06-12T01:30:00Z,76.24,9.96,0.0,0.0
419000019,2025-06-12T01:35:00Z,76.24,9.96,0.0,0.0
419000019,2025-06-12T01:40:00Z,76.24,9.96,0.0,0.0
419000019,2025-06-12T01:45:00Z,76.24,9.96,0.0,0.0
419000019,2025-06-12T01:50:00Z,76.24,9.96,0.0,0.0
419000019,2025-06-12T01:55:00Z,76.24,9.96,0.0,0.0
419000019,2025-06-12T02:00:00Z,76.24,9.96,0.0,0.0
419000019,2025-06-12T02:05:00Z,76.24,9.96,0.0,0.0
419000019,2025-06-12T02:10:00Z,76.24,9.96,0.0,0.0
419000019,2025-06-12T02:15:00Z,76.24,9.96,0.0,0.0
419000019,2025-06-12T02:20:00Z,76.24,9.96,0.0,0.0
419000019,2025-06-12T02:25:00Z,76.24,9.96,0.0,0.0
419000019,2025-06-12T02:30:00Z,76.24,9.96,0.0,0.0
419000019,2025-06-12T02:35:00Z,76.24,9.96,0.0,0.0
419000019,2025-06-12T02:40:00Z,76.24,9.96,0.0,0.0
419000019,2025-06-12T02:45:00Z,76.24,9.96,0.0,0.0
419000019,2025-06-12T02:50:00Z,76.24,9.96,0.0,0.0
419000019,2025-06-12T02:55:00Z,76.24,9.96,0.0,0.0
419000019,2025-06-12T03:00:00Z,76.24,9.96,0.0,0.0
419000019,2025-06-12T03:05:00Z,76.24,9.96,0.0,0.0
419000019,2025-06-12T03:10:00Z,76.24,9.96,0.0,0.0
419000019,2025-06-12T03:15:00Z,76.24,9.96,0.0,0.0
419000019,2025-06-12T03:20:00Z,76.24,9.96,0.0,0.0
419000019,2025-06-12T03:25:00Z,76.24,9.96,0.0,0.0
419000019,2025-06-12T03:30:00Z,76.24,9.96,0.0,0.0
419000019,2025-06-12T03:35:00Z,76.24,9.96,0.0,0.0
419000019,2025-06-12T03:40:00Z,76.24,9.96,0.0,0.0
419000019,2025-06-12T03:45:00Z,76.24,9.96,0.0,0.0
419000019,2025-06-12T03:50:00Z,76.24,9.96,0.0,0.0
419000019,2025-06-12T03:55:00Z,76.24,9.96,0.0,0.0
419000019,2025-06-12T04:00:00Z,76.24,9.96,0.0,0.0
419000019,2025-06-12T04:05:00Z,76.24,9.96,0.0,0.0
419000019,2025-06-12T04:10:00Z,76.24,9.96,0.0,0.0
419000019,2025-06-12T04:15:00Z,76.24,9.96,0.0,0.0
419000019,2025-06-12T04:20:00Z,76.24,9.96,0.0,0.0
419000019,2025-06-12T04:25:00Z,76.24,9.96,0.0,0.0
419000019,2025-06-12T04:30:00Z,76.24,9.96,0.0,0.0
419000019,2025-06-12T04:35:00Z,76.24,9.96,0.0,0.0
419000019,2025-06-12T04:40:00Z,76.24,9.96,0.0,0.0
419000019,2025-06-12T04:45:00Z,76.24,9.96,0.0,0.0
419000019,2025-06-12T04:50:00Z,76.24,9.96,0.0,0.0
419000019,2025-06-12T04:55:00Z,76.24,9.96,0.0,0.0
419000019,2025-06-12T05:00:00Z,76.24,9.96,0.0,0.0
419000019,2025-06-12T05:05:00Z,76.24,9.96,0.0,0.0
419000019,2025-06-12T05:10:00Z,76.24,9.96,0.0,0.0
419000019,2025-06-12T05:15:00Z,76.24,9.96,0.0,0.0
419000019,2025-06-12T05:20:00Z,76.24,9.96,0.0,0.0
419000019,2025-06-12T05:25:00Z,76.24,9.96,0.0,0.0
419000019,2025-06-12T05:30:00Z,76.24,9.96,0.0,0.0
419000019,2025-06-12T05:35:00Z,76.24,9.96,0.0,0.0
419000019,2025-06-12T05:40:00Z,76.24,9.96,0.0,0.0
419000019,2025-06-12T05:45:00Z,76.24,9.96,0.0,0.0
419000019,2025-06-12T05:50:00Z,76.24,9.96,0.0,0.0
419000019,2025-06-12T05:55:00Z,76.24,9.96,0.0,0.0
419000019,2025-06-12T06:00:00Z,76.24,9.96,0.0,0.0
419000019,2025-06-12T06:05:00Z,76.24,9.96,0.0,0.0
419000019,2025-06-12T06:10:00Z,76.24,9.96,0.0,0.0
419000019,2025-06-12T06:15:00Z,76.24,9.96,0.0,0.0
419000019,2025-06-12T06:20:00Z,76.24,9.96,0.0,0.0
419000019,2025-06-12T06:25:00Z,76.24,9.96,0.0,0.0
419000019,2025-06-12T06:30:00Z,76.24,9.96,0.0,0.0
419000020,2025-06-11T08:30:00Z,76.05,9.1,2.8,0.0
419000020,2025-06-11T08:35:00Z,76.05302,9.09696,2.5,135.0
419000020,2025-06-11T08:40:00Z,76.05337,9.09271,2.7,175.0
419000020,2025-06-11T08:45:00Z,76.05304,9.08845,3.0,184.0
419000020,2025-06-11T08:50:00Z,76.05184,9.08435,3.4,196.0
419000020,2025-06-11T08:55:00Z,76.05167,9.08008,3.0,182.0
419000020,2025-06-11T09:00:00Z,76.05341,9.07618,3.5,156.0
419000020,2025-06-11T09:05:00Z,76.05669,9.07341,3.1,130.0
419000020,2025-06-11T09:10:00Z,76.0609,9.07255,3.1,102.0
419000020,2025-06-11T09:15:00Z,76.06427,9.0699,3.2,128.0
419000020,2025-06-11T09:20:00Z,76.06771,9.06735,2.9,127.0
419000020,2025-06-11T09:25:00Z,76.07099,9.06459,3.4,130.0
419000020,2025-06-11T09:30:00Z,76.07497,9.06298,3.1,112.0
419000020,2025-06-11T09:35:00Z,76.07921,9.06366,3.1,81.0
419000020,2025-06-11T09:40:00Z,76.08232,9.06661,3.7,47.0
419000020,2025-06-11T09:45:00Z,76.08396,9.07056,2.7,22.0
419000020,2025-06-11T09:50:00Z,76.08669,9.07386,2.6,40.0
419000020,2025-06-11T09:55:00Z,76.08945,9.07713,3.0,40.0
419000020,2025-06-11T10:00:00Z,76.09139,9.08094,3.1,27.0
419000020,2025-06-11T10:05:00Z,76.09287,9.08495,2.9,20.0
419000020,2025-06-11T10:10:00Z,76.09134,9.08894,3.4,339.0
419000020,2025-06-11T10:15:00Z,76.09241,9.09308,3.1,15.0
419000020,2025-06-11T10:20:00Z,76.09091,9.09708,3.2,339.0
419000020,2025-06-11T10:25:00Z,76.0895,9.10111,2.5,341.0
419000020,2025-06-11T10:30:00Z,76.09238,9.10429,3.7,42.0
419000020,2025-06-11T10:35:00Z,76.09016,9.10795,3.0,329.0
419000020,2025-06-11T10:40:00Z,76.08609,9.10931,2.7,289.0
419000020,2025-06-11T10:45:00Z,76.08179,9.10915,3.6,268.0
419000020,2025-06-11T10:50:00Z,76.0775,9.10925,3.0,271.0
419000020,2025-06-11T10:55:00Z,76.07462,9.10608,2.7,222.0
419000020,2025-06-11T11:00:00Z,76.07213,9.10259,2.6,216.0
419000020,2025-06-11T11:05:00Z,76.06969,9.09908,3.0,215.0
419000020,2025-06-11T11:10:00Z,76.06696,9.09578,2.8,220.0
419000020,2025-06-11T11:15:00Z,76.06905,9.09204,2.6,151.0
419000020,2025-06-11T11:20:00Z,76.06983,9.08784,3.0,169.0
419000020,2025-06-11T11:25:00Z,76.06734,9.08435,2.9,215.0
419000020,2025-06-11T11:30:00Z,76.06416,9.08148,2.8,228.0
419000020,2025-06-11T11:35:00Z,76.06221,9.07768,3.4,207.0
419000020,2025-06-11T11:40:00Z,76.0615,9.07347,3.6,190.0
419000020,2025-06-11T11:45:00Z,76.06543,9.07175,3.6,114.0
419000020,2025-06-11T11:50:00Z,76.06885,9.06916,2.9,127.0
419000020,2025-06-11T11:55:00Z,76.06957,9.06495,2.8,170.0
419000020,2025-06-11T12:00:00Z,76.06889,9.06073,2.4,189.0
419000020,2025-06-11T12:05:00Z,76.07307,9.05972,2.9,104.0
419000020,2025-06-11T12:10:00Z,76.07736,9.05961,2.6,92.0
419000020,2025-06-11T12:15:00Z,76.08166,9.05971,3.1,89.0
419000020,2025-06-11T12:20:00Z,76.0858,9.06084,2.9,75.0
419000020,2025-06-11T12:25:00Z,76.08996,9.05978,3.3,104.0
419000020,2025-06-11T12:30:00Z,76.09346,9.06227,3.0,55.0
419000020,2025-06-11T12:35:00Z,76.09584,9.06582,3.2,34.0
419000020,2025-06-11T12:40:00Z,76.09918,9.06852,3.3,51.0
419000020,2025-06-11T12:45:00Z,76.1034,9.06932,2.1,79.0
419000020,2025-06-11T12:50:00Z,76.10767,9.06976,2.6,84.0
419000020,2025-06-11T12:55:00Z,76.11159,9.068,3.1,114.0
419000020,2025-06-11T13:00:00Z,76.11491,9.0653,3.0,129.0
419000020,2025-06-11T13:05:00Z,76.11916,9.06464,3.1,99.0
419000020,2025-06-11T13:10:00Z,76.12215,9.06157,2.8,136.0
419000020,2025-06-11T13:15:00Z,76.12581,9.05935,3.3,121.0
419000020,2025-06-11T13:20:00Z,76.12996,9.06047,2.8,75.0
419000020,2025-06-11T13:25:00Z,76.13425,9.06068,2.9,87.0
419000020,2025-06-11T13:30:00Z,76.13705,9.05744,2.8,139.0
419000020,2025-06-11T13:35:00Z,76.13804,9.05328,3.3,167.0
419000020,2025-06-11T13:40:00Z,76.13691,9.04916,3.4,195.0
419000020,2025-06-11T13:45:00Z,76.13538,9.04517,3.0,201.0
419000020,2025-06-11T13:50:00Z,76.13867,9.04241,3.2,130.0
419000020,2025-06-11T13:55:00Z,76.14084,9.03873,2.2,149.0
419000020,2025-06-11T14:00:00Z,76.14271,9.03489,3.4,154.0
419000020,2025-06-11T14:05:00Z,76.14692,9.03574,2.2,79.0
419000020,2025-06-11T14:10:00Z,76.15064,9.03789,2.8,60.0
419000020,2025-06-11T14:15:00Z,76.15308,9.0414,2.1,35.0
419000020,2025-06-11T14:20:00Z,76.15697,9.04321,2.8,65.0
419000020,2025-06-11T14:25:00Z,76.16097,9.04477,2.8,69.0
419000020,2025-06-11T14:30:00Z,76.16515,9.04573,3.8,77.0
419000020,2025-06-11T14:35:00Z,76.16943,9.04617,2.6,84.0
419000020,2025-06-11T14:40:00Z,76.17252,9.04914,2.0,46.0
419000020,2025-06-11T14:45:00Z,76.17175,9.05334,3.1,350.0
419000020,2025-06-11T14:50:00Z,76.1711,9.05757,2.9,351.0
419000020,2025-06-11T14:55:00Z,76.16984,9.06165,3.5,343.0
419000020,2025-06-11T15:00:00Z,76.16856,9.06573,3.3,342.0
419000020,2025-06-11T15:05:00Z,76.16693,9.06968,2.3,338.0
419000020,2025-06-11T15:10:00Z,76.16437,9.07311,2.9,323.0
419000020,2025-06-11T15:15:00Z,76.16286,9.07711,2.9,339.0
419000020,2025-06-11T15:20:00Z,76.16174,9.08123,3.1,345.0
419000020,2025-06-11T15:25:00Z,76.1594,9.08482,2.9,327.0
419000020,2025-06-11T15:30:00Z,76.15511,9.08501,3.0,273.0
419000020,2025-06-11T15:35:00Z,76.15375,9.08096,3.1,199.0
419000020,2025-06-11T15:40:00Z,76.15542,9.07702,2.3,157.0
419000020,2025-06-11T15:45:00Z,76.15739,9.07323,2.6,153.0
419000020,2025-06-11T15:50:00Z,76.15748,9.06896,3.6,179.0
419000020,2025-06-11T15:55:00Z,76.15845,9.0648,3.5,167.0
419000020,2025-06-11T16:00:00Z,76.15799,9.06055,3.1,186.0
419000020,2025-06-11T16:05:00Z,76.15526,9.05725,3.3,220.0
419000020,2025-06-11T16:10:00Z,76.15116,9.05855,3.5,288.0
419000020,2025-06-11T16:15:00Z,76.1473,9.06042,3.6,296.0
419000020,2025-06-11T16:20:00Z,76.14574,9.06439,3.0,339.0
419000020,2025-06-11T16:25:00Z,76.14466,9.06853,2.8,345.0
419000020,2025-06-11T16:30:00Z,76.14136,9.07127,3.5,310.0
419000020,2025-06-11T16:35:00Z,76.13747,9.06946,2.9,245.0
419000020,2025-06-11T16:40:00Z,76.13335,9.06824,2.7,253.0
419000020,2025-06-11T16:45:00Z,76.12911,9.06889,3.3,279.0
419000020,2025-06-11T16:50:00Z,76.12833,9.07309,3.0,350.0
419000020,2025-06-11T16:55:00Z,76.12621,9.07681,3.0,330.0
419000020,2025-06-11T17:00:00Z,76.12507,9.08093,3.0,344.0
419000020,2025-06-11T17:05:00Z,76.12368,9.08497,3.4,341.0
419000020,2025-06-11T17:10:00Z,76.11939,9.08522,3.1,273.0
419000020,2025-06-11T17:15:00Z,76.11522,9.08625,3.1,284.0
419000020,2025-06-11T17:20:00Z,76.11094,9.08662,2.5,275.0
419000020,2025-06-11T17:25:00Z,76.10729,9.08437,2.5,238.0
419000020,2025-06-11T17:30:00Z,76.10317,9.08559,2.6,287.0
419000020,2025-06-11T17:35:00Z,76.09887,9.08551,2.8,269.0
419000020,2025-06-11T17:40:00Z,76.09468,9.08643,3.5,282.0
419000020,2025-06-11T17:45:00Z,76.0904,9.08679,2.8,275.0
419000020,2025-06-11T17:50:00Z,76.08626,9.08563,2.9,254.0
419000020,2025-06-11T17:55:00Z,76.08224,9.08413,3.9,250.0
419000020,2025-06-11T18:00:00Z,76.07794,9.08429,3.2,272.0
419000020,2025-06-11T18:05:00Z,76.07385,9.083,2.9,252.0
419000020,2025-06-11T18:10:00Z,76.07203,9.07913,3.3,205.0
419000020,2025-06-11T18:15:00Z,76.06785,9.07814,3.1,257.0
419000020,2025-06-11T18:20:00Z,76.06355,9.07807,3.7,269.0
419000020,2025-06-11T18:25:00Z,76.05977,9.07604,3.4,242.0
419000020,2025-06-11T18:30:00Z,76.05609,9.07385,2.8,239.0
419000020,2025-06-11T18:35:00Z,76.05503,9.0697,3.6,194.0
419000020,2025-06-11T18:40:00Z,76.05411,9.06553,2.7,192.0
419000020,2025-06-11T18:45:00Z,76.05153,9.06212,3.9,217.0
419000020,2025-06-11T18:50:00Z,76.05288,9.05807,3.3,162.0
419000020,2025-06-11T18:55:00Z,76.0524,9.05382,2.3,187.0
419000020,2025-06-11T19:00:00Z,76.05027,9.05011,4.0,210.0
419000020,2025-06-11T19:05:00Z,76.04867,9.04615,2.9,202.0
419000020,2025-06-11T19:10:00Z,76.04687,9.04227,2.2,205.0
419000020,2025-06-11T19:15:00Z,76.04574,9.03815,3.9,195.0
419000020,2025-06-11T19:20:00Z,76.04556,9.03388,2.8,182.0
419000020,2025-06-11T19:25:00Z,76.04889,9.03118,3.1,129.0
419000020,2025-06-11T19:30:00Z,76.04921,9.02692,3.1,176.0
419000020,2025-06-11T19:35:00Z,76.05091,9.023,3.2,156.0
419000020,2025-06-11T19:40:00Z,76.05235,9.01898,3.4,160.0
419000020,2025-06-11T19:45:00Z,76.05424,9.01514,2.4,154.0
419000020,2025-06-11T19:50:00Z,76.05521,9.01098,4.2,167.0
419000020,2025-06-11T19:55:00Z,76.05497,9.00672,3.4,183.0
419000020,2025-06-11T20:00:00Z,76.05685,9.00288,3.2,154.0
419000020,2025-06-11T20:05:00Z,76.05801,8.99877,3.4,164.0
419000020,2025-06-11T20:10:00Z,76.05972,8.99485,3.2,156.0
419000020,2025-06-11T20:15:00Z,76.06295,8.99203,3.5,131.0
419000020,2025-06-11T20:20:00Z,76.06381,8.98784,3.4,168.0
419000020,2025-06-11T20:25:00Z,76.06218,8.98389,3.5,202.0
419000020,2025-06-11T20:30:00Z,76.06246,8.97963,3.3,176.0
419000020,2025-06-11T20:35:00Z,76.06338,8.97545,3.1,168.0
419000020,2025-06-11T20:40:00Z,76.06621,8.97224,3.2,139.0
419000020,2025-06-11T20:45:00Z,76.07034,8.97106,3.0,106.0
419000020,2025-06-11T20:50:00Z,76.07454,8.97195,3.3,78.0
419000020,2025-06-11T20:55:00Z,76.07883,8.97166,2.6,94.0
419000020,2025-06-11T21:00:00Z,76.08227,8.97422,2.5,53.0
419000020,2025-06-11T21:05:00Z,76.08312,8.97841,3.5,11.0
419000020,2025-06-11T21:10:00Z,76.08456,8.98243,2.5,20.0
419000020,2025-06-11T21:15:00Z,76.08448,8.9867,3.2,359.0
419000020,2025-06-11T21:20:00Z,76.0869,8.99023,3.4,34.0
419000020,2025-06-11T21:25:00Z,76.0874,8.99448,2.1,7.0
419000020,2025-06-11T21:30:00Z,76.08685,8.99871,3.1,353.0
419000020,2025-06-11T21:35:00Z,76.08474,9.00243,3.7,330.0
419000020,2025-06-11T21:40:00Z,76.08047,9.002,2.8,264.0
419000020,2025-06-11T21:45:00Z,76.07618,9.00231,3.7,274.0
419000020,2025-06-11T21:50:00Z,76.07226,9.00406,2.6,294.0
419000020,2025-06-11T21:55:00Z,76.06958,9.0074,2.1,321.0
419000020,2025-06-11T22:00:00Z,76.0666,9.01047,2.6,316.0
419000020,2025-06-11T22:05:00Z,76.0648,9.01435,2.7,335.0
419000020,2025-06-11T22:10:00Z,76.0627,9.01808,3.4,331.0
419000020,2025-06-11T22:15:00Z,76.06043,9.0217,2.9,328.0
419000020,2025-06-11T22:20:00Z,76.05692,9.02416,2.7,305.0
419000020,2025-06-11T22:25:00Z,76.05322,9.02633,2.7,300.0
419000020,2025-06-11T22:30:00Z,76.04893,9.02659,3.5,274.0
419000020,2025-06-11T22:35:00Z,76.04491,9.02811,2.2,291.0
419000020,2025-06-11T22:40:00Z,76.04062,9.02821,2.4,271.0
419000020,2025-06-11T22:45:00Z,76.03684,9.02617,2.8,242.0
419000020,2025-06-11T22:50:00Z,76.03319,9.02392,3.0,238.0
419000020,2025-06-11T22:55:00Z,76.0296,9.02158,3.3,237.0
419000020,2025-06-11T23:00:00Z,76.02898,9.01735,3.5,188.0
419000020,2025-06-11T23:05:00Z,76.03062,9.0134,2.7,157.0
419000020,2025-06-11T23:10:00Z,76.03334,9.01009,3.2,141.0
419000020,2025-06-11T23:15:00Z,76.03537,9.00633,2.6,152.0
419000020,2025-06-11T23:20:00Z,76.03637,9.00217,4.1,167.0
419000020,2025-06-11T23:25:00Z,76.03569,8.99796,3.0,189.0
419000020,2025-06-11T23:30:00Z,76.03558,8.99369,2.4,181.0
419000020,2025-06-11T23:35:00Z,76.03723,8.98974,3.5,157.0
419000020,2025-06-11T23:40:00Z,76.04109,8.98786,3.1,116.0
419000020,2025-06-11T23:45:00Z,76.04484,8.98579,3.5,119.0
419000020,2025-06-11T23:50:00Z,76.04895,8.98454,3.4,107.0
419000020,2025-06-11T23:55:00Z,76.05271,8.98247,2.3,119.0
419000020,2025-06-12T00:00:00Z,76.05503,8.97888,3.3,147.0
419000020,2025-06-12T00:05:00Z,76.05328,8.97498,2.9,204.0
419000020,2025-06-12T00:10:00Z,76.05338,8.97071,2.8,179.0
419000020,2025-06-12T00:15:00Z,76.0523,8.96657,3.0,195.0
419000020,2025-06-12T00:20:00Z,76.05464,8.96299,3.0,147.0
419000020,2025-06-12T00:25:00Z,76.05489,8.95873,3.1,177.0
419000020,2025-06-12T00:30:00Z,76.05756,8.95538,3.5,141.0
419000020,2025-06-12T00:35:00Z,76.06045,8.95223,3.1,137.0
419000020,2025-06-12T00:40:00Z,76.06458,8.95105,3.2,106.0
419000020,2025-06-12T00:45:00Z,76.0667,8.94733,3.7,150.0
419000020,2025-06-12T00:50:00Z,76.06772,8.94318,3.0,166.0
419000020,2025-06-12T00:55:00Z,76.06684,8.939,3.2,192.0
419000020,2025-06-12T01:00:00Z,76.06627,8.93477,3.1,188.0
419000020,2025-06-12T01:05:00Z,76.06489,8.93072,3.6,199.0
419000020,2025-06-12T01:10:00Z,76.06586,8.92656,2.7,167.0
419000020,2025-06-12T01:15:00Z,76.0678,8.92275,3.2,153.0
419000020,2025-06-12T01:20:00Z,76.06689,8.91858,3.5,192.0
419000020,2025-06-12T01:25:00Z,76.0697,8.91535,3.2,139.0
419000020,2025-06-12T01:30:00Z,76.07241,8.91203,3.3,141.0
419000020,2025-06-12T01:35:00Z,76.07274,8.90777,3.1,176.0
419000020,2025-06-12T01:40:00Z,76.07083,8.90395,3.3,207.0
419000020,2025-06-12T01:45:00Z,76.06776,8.90096,3.1,226.0
419000020,2025-06-12T01:50:00Z,76.06467,8.89799,3.5,226.0
419000020,2025-06-12T01:55:00Z,76.0604,8.89759,3.1,265.0
419000020,2025-06-12T02:00:00Z,76.05622,8.89659,2.9,256.0
419000020,2025-06-12T02:05:00Z,76.05207,8.89549,3.1,255.0
419000020,2025-06-12T02:10:00Z,76.05013,8.89168,2.9,207.0
419000020,2025-06-12T02:15:00Z,76.04763,8.88821,4.2,216.0
419000020,2025-06-12T02:20:00Z,76.0457,8.88439,3.4,207.0
419000020,2025-06-12T02:25:00Z,76.04377,8.88058,3.2,207.0
419000020,2025-06-12T02:30:00Z,76.04644,8.87723,3.0,142.0
419000020,2025-06-12T02:35:00Z,76.04631,8.8815,3.5,358.0
419000020,2025-06-12T02:40:00Z,76.04375,8.88493,2.9,323.0
419000020,2025-06-12T02:45:00Z,76.0424,8.88898,3.0,342.0
419000020,2025-06-12T02:50:00Z,76.04522,8.89221,2.9,41.0
419000020,2025-06-12T02:55:00Z,76.04797,8.89549,3.0,40.0
419000020,2025-06-12T03:00:00Z,76.05135,8.89813,3.0,52.0
419000020,2025-06-12T03:05:00Z,76.05403,8.90146,2.7,39.0
419000020,2025-06-12T03:10:00Z,76.05583,8.90534,3.2,25.0
419000020,2025-06-12T03:15:00Z,76.05452,8.90941,2.6,342.0
419000020,2025-06-12T03:20:00Z,76.05424,8.91367,3.3,356.0
419000020,2025-06-12T03:25:00Z,76.05131,8.91679,3.5,317.0
419000020,2025-06-12T03:30:00Z,76.04761,8.91896,2.8,300.0
