tree
version=v4
num_class=1
num_tree_per_iteration=1
label_index=0
max_feature_idx=5
objective=binary sigmoid:1
feature_names=origin_mass deep_hour_mass gap_overlap_h dump_profile cpa_km late_arrival
feature_infos=[0.00019239998085048284:0.99075548920727374] [1.1457028588389228e-05:0.97798156502211875] [0:13.712592585851393] [0:0.98942441227658007] [0.039495662442812184:195.81802623100853] [0:1]
tree_sizes=1656 1693 1702 1708 1695 1702 1691 1704 1703 1714 1712 1703 1709 1713 1717 1715 1703 1710 1715 1720 1713 1717 1708 1713 1710 1715 1719 1713 1713 1721 1713 1719 1711 1707 1710 1709 1715 1720 1713 1711 1703 1713 1715 1715 1709 1726 1716 1710 1717 1715 1723 1718 1724 1725 1723 1717 1726 1718 1719 1717 1722 1709 1723 1721 1714 1720 1720 1724 1712 1727 1718 1729 1737 1728 1719 1729 1729 1728 1729 1732 1717 1752 1714 1720 1738 1731 1711 1731 1739 1737 1736 1729 1730 1733 1745 1723 1740 1734 1730 1740 1730 1743 1734 1744 1734 1727 1732 1738 1745 1729 1750 1748 1739 1727 1752 1733 1735 1732 1758 1729 1764 1734 1742 1746 1759 1728 1739 1748 1744 1743 1743 1746 1737 1720 1759 1743 1748 1751 1740 1755 1733 1744 1746 1753 1767 1752 1751 1774 1740 1766 1758 1760 1763 1752 1764 1772 1751 1756 1749 1756 1762 1748 1755 1758 1742 1765 1748 1740 1745 1743 1764 1762 1744 1750 1750 1756 1730 1734 1755 1759 1759 1758 1747 1750 1748 1751 1754 1764 1758 1758 1759 1750 1738 1744 1746 1745 1749 1759 1765 1760 1752 1754 1748 1746 1745 1754 1757 1744 1769 1762 1767 1758 1757 1744 1756 1757 1753 1764 1757 1753

Tree=0
num_leaves=15
num_cat=0
split_feature=1 4 2 4 3 4 1 4 1 2 3 4 1 4
split_gain=3673.7 879.75 214.827 152.269 83.2949 48.1115 112.885 24.6059 20.4578 24.2751 8.60274 6.12292 25.1577 4.58903
threshold=0.44029901059605653 20.812404338645603 1.8501536139228791 16.83681377230787 0.82045453163569571 6.4879515215367514 0.25771436354999749 29.686907527493503 0.50517859793918796 1.0671207557652092 0.5767937276875722 15.075606432601086 0.30430499356340585 12.607227119662628
decision_type=2 2 2 2 2 2 2 2 2 2 2 2 2 2
left_child=2 8 4 -4 5 6 10 -3 9 -2 -1 12 -7 -10
right_child=1 7 3 -5 -6 11 -8 -9 13 -11 -12 -13 -14 -15
leaf_value=-1.5665521423602951 -1.3060466285308541 -1.4415152498270618 -1.2026819404148281 -1.5477028146395582 -1.3456063466839918 -1.5641249414188447 -1.360214129933436 -1.5695923565088008 -1.1710252655972939 -1.1682840889060182 -1.4893307029882443 -1.5692808623812955 -1.4506862031450134 -1.2079739175700297
leaf_weight=39.470902562141418 10.017236635088922 7.0270167440176037 10.46576961874962 8.2231047004461271 6.4289727658033362 54.870535001158714 13.755011498928068 23.323715150356293 109.4420480132103 8.522126689553259 5.9804397821426383 577.85999394953251 8.0735937058925611 13.605500504374502
leaf_count=264 67 47 70 55 43 367 92 156 732 57 40 3865 54 91
internal_value=-1.49615 -1.2468 -1.55528 -1.35449 -1.56059 -1.56256 -1.51081 -1.53994 -1.18396 -1.24272 -1.55639 -1.56735 -1.54957 -1.17511
internal_weight=897.066 171.938 725.128 18.6889 706.439 700.01 59.2064 30.3507 141.587 18.5394 45.4513 640.804 62.9441 123.048
internal_count=6000 1150 4850 125 4725 4682 396 203 947 124 304 4286 421 823
is_linear=0
shrinkage=1


Tree=1
num_leaves=15
num_cat=0
split_feature=1 4 4 1 0 3 0 4 3 0 3 0 3 1
split_gain=2881 570.915 161.071 213.736 55.8818 42.0141 30.5756 18.9904 17.1107 12.7186 39.8868 11.3667 5.33219 5.47156
threshold=0.44029901059605653 21.443268544047736 6.7524034627805385 0.23916141269496941 0.33737418281443293 0.80990246563525625 0.52748473576288035 29.686907527493503 0.60293299318477744 0.73802291774839335 0.25524764691567581 0.75660049437690347 0.22788199898482811 0.61043685273926984
decision_type=2 2 2 2 2 2 2 2 2 2 2 2 2 2
left_child=2 4 3 8 -2 9 -5 -3 -1 -4 -11 -8 13 -6
right_child=1 7 5 6 12 -7 11 -9 -10 10 -12 -13 -14 -15
leaf_value=-0.065034841823406658 0.0765548226243946 0.043053735181679501 -0.070832832635964349 0.053030973372114203 0.18353024669565743 0.086631293650534236 0.16832578637291493 -0.072487800769448121 0.042381485953114438 -0.072496118497240233 0.10863881405750953 0.26390741053537697 0.25386976057098876 0.2454995509896222
leaf_weight=39.570603623986244 7.0041741877794257 6.6525727063417461 597.67238739132881 6.5299078971147564 8.2658679336309451 6.2949039936065665 12.274784848093988 22.244976997375488 6.1712266355752936 16.690997034311298 5.9318845719099036 7.052519127726554 141.74064905941486 13.517563015222548
leaf_count=276 40 43 4182 40 47 39 74 156 40 117 40 42 789 75
internal_value=-0.000405478 0.200723 -0.0578544 0.027399 0.242514 -0.0675962 0.165279 -0.0458887 -0.0505428 -0.0691613 -0.0250012 0.203203 0.249622 0.221985
internal_weight=897.615 199.426 698.189 71.599 170.528 626.59 25.8572 28.8975 45.7418 620.295 22.6229 19.3273 163.524 21.7834
internal_count=6000 1150 4850 472 951 4378 156 199 316 4339 157 116 911 122
is_linear=0
shrinkage=0.06


Tree=2
num_leaves=15
num_cat=0
split_feature=1 0 2 0 3 3 0 3 1 3 0 0 3 0
split_gain=2381.43 369.458 132.515 132.762 130.277 57.8326 27.6785 52.0962 29.7524 28.6974 14.5506 12.6478 14.5962 2.66288
threshold=0.42275372857874255 0.36180315583136019 1.3541661948795911 0.43993382312985224 1.0000000180025095e-35 0.82045453163569571 0.59865792380995653 0.58849704760741062 0.27883187828747974 0.041545518139125957 0.24705499284442581 0.4871259927007961 0.485547121259717 0.63200490311008428
decision_type=2 2 2 2 2 2 2 2 2 2 2 2 2 2
left_child=2 10 5 -4 -3 6 -1 8 -8 -10 -2 12 -6 -13
right_child=1 4 3 -5 11 -7 7 -9 9 -11 -12 13 -14 -15
leaf_value=-0.070625143738132903 -0.061099834846095699 -0.073595817054969037 -0.067154911857425323 0.21672368821277654 0.10701174705954739 0.10521006333753952 -0.068808971414016804 0.10632519214140257 -0.072408952467592033 0.091255141311553808 0.026100305791420326 0.19515214280979123 0.2101349279009474 0.21287371339410779
leaf_weight=545.30863158404827 19.506480693817142 6.2977730184793463 11.396641194820406 12.365908920764921 9.9524765908718127 7.211974009871482 60.314290553331375 8.5871696323156339 6.5841403156518927 9.311360761523245 10.650077819824217 39.472439661622047 9.8131388127803785 134.65618005394936
leaf_count=3992 134 43 81 69 56 41 440 54 47 57 69 199 49 669
internal_value=-0.000656935 0.165478 -0.0585455 0.0805741 0.19497 -0.0637326 -0.0656663 -0.0337768 -0.0495633 0.0234632 -0.0303043 0.203694 0.15821 0.208856
internal_weight=891.429 230.349 661.08 23.7626 200.192 637.318 630.106 84.797 76.2098 15.8955 30.1566 193.894 19.7656 174.129
internal_count=6000 1219 4781 150 1016 4631 4590 598 544 104 203 973 105 868
is_linear=0
shrinkage=0.06


Tree=3
num_leaves=15
num_cat=0
split_feature=4 0 3 2 2 3 0 0 3 4 3 0 4 4
split_gain=1624.79 334.002 115.407 97.7901 68.9936 61.5303 55.9618 51.0214 88.7399 24.9322 17.7587 12.4688 9.68704 7.42058
threshold=15.075606432601086 0.46741457409268289 1.0000000180025095e-35 1.1165571095528037 0.28647328917735365 0.5767937276875722 0.6815983295585103 0.6358752389094694 0.55507587522012869 26.364813323253379 0.54422723510763715 0.35833023175566298 5.3453309554214679 6.7524034627805385
decision_type=2 2 2 2 2 2 2 2 2 2 2 2 2 2
left_child=1 3 -3 10 5 6 13 -2 9 -9 12 -12 -1 -4
right_child=7 2 4 -5 -6 -7 -8 8 -10 -11 11 -13 -14 -15
leaf_value=-0.0091518228828677845 -0.069069481097749866 -0.072142237111020177 0.05638337922015306 0.16766582137375299 0.18507765916889257 0.1682425690373309 0.13470005163051679 0.036003172757451719 0.17741778745570769 -0.069133440033936761 -0.028776070781341263 0.088629716355308752 -0.066858312701591996 0.0028642834907076399
leaf_weight=14.746199041604994 504.95812590420246 9.0549260526895505 29.084791719913483 9.9979937970638257 97.532701194286346 57.46248796582222 45.676753610372543 11.136118486523626 8.0292900651693326 29.980370908975601 6.691733315587042 6.3435306996107101 36.133078560233116 13.729083761572836
leaf_count=102 3859 66 175 50 448 278 238 72 41 228 46 36 268 93
internal_value=-0.000830987 0.105352 0.138185 -0.00682923 0.146007 0.119898 0.0885052 -0.0633895 -0.00502936 -0.0406579 -0.0341251 0.0283587 -0.0501334 0.0392215
internal_weight=880.557 326.453 252.541 73.9125 243.486 145.953 88.4906 554.104 49.1458 41.1165 63.9145 13.0353 50.8793 42.8139
internal_count=6000 1800 1298 502 1232 784 506 4200 341 300 452 82 370 268
is_linear=0
shrinkage=0.06


Tree=4
num_leaves=15
num_cat=0
split_feature=1 0 2 0 3 3 0 1 3 0 0 0 1 3
split_gain=1809.18 244.979 103.762 87.0155 75.3648 44.1724 23.1213 41.7127 42.3859 12.7368 8.76444 6.53139 10.3586 6.03131
threshold=0.414581040885942 0.36180315583136019 1.3541661948795911 0.43993382312985224 0.041545518139125957 0.83836259226989551 0.59865792380995653 0.23916141269496941 0.061410757737781506 0.24705499284442581 0.71764052866000716 0.4871259927007961 0.65592328732954164 0.57002855783872108
decision_type=2 2 2 2 2 2 2 2 2 2 2 2 2 2
left_child=2 9 5 -4 -3 6 -1 13 -9 -2 -10 12 -6 -8
right_child=1 4 3 -5 11 -7 7 8 10 -11 -12 -13 -14 -15
leaf_value=-0.068862903850299972 -0.059139015007046797 -0.03465197689072716 -0.065765249938801507 0.16274757230678583 0.080136880476749842 0.100585053978771 -0.069757925844224564 -0.07074736096891189 0.047458365450896961 0.022049669070666151 0.13653805198406058 0.16326512954471728 0.16418675201015803 -0.0059714193805335616
leaf_weight=496.980952501297 18.85698285698891 7.4121081978082648 10.574152775108816 13.864908799529074 9.1673653572797793 5.9322768449783316 51.142708994448185 9.5672282353043574 8.5402746424078924 11.0222210586071 7.4402780756354323 198.81765674054623 12.444471359252928 5.958216428756713
leaf_count=3985 141 52 81 66 50 31 395 75 49 72 40 871 56 36
internal_value=-0.00094014 0.132348 -0.0572534 0.063876 0.153532 -0.0623089 -0.063976 -0.0345904 0.0291349 -0.0291891 0.0889324 0.15986 0.128534 -0.0631021
internal_weight=867.722 257.721 610.001 24.4391 227.842 585.562 579.63 82.6487 25.5478 29.8792 15.9806 220.429 21.6118 57.1009
internal_count=6000 1242 4758 147 1029 4611 4580 595 164 213 89 977 106 431
is_linear=0
shrinkage=0.06


Tree=5
num_leaves=15
num_cat=0
split_feature=1 0 2 0 3 3 0 3 1 3 0 0 3 1
split_gain=1584.05 201.195 95.5612 72.8325 70.0422 40.0705 22.8608 38.4637 21.7771 20.7097 11.793 5.61106 8.95241 1.77047
threshold=0.414581040885942 0.36180315583136019 1.3541661948795911 0.43993382312985224 0.02966358376176358 0.83836259226989551 0.57318388738070059 0.58849704760741062 0.27040911933041695 0.05028528783859091 0.24705499284442581 0.4871259927007961 0.485547121259717 0.30430499356340585
decision_type=2 2 2 2 2 2 2 2 2 2 2 2 2 2
left_child=2 10 5 -4 -3 6 13 8 -8 -10 -2 12 -6 -1
right_child=1 4 3 -5 11 -7 7 -9 9 -11 -12 -13 -14 -15
leaf_value=-0.069565373065125724 -0.057944972789481339 -0.054497466308416211 -0.06478442644203837 0.1446470013092816 0.077142615228507364 0.090173549732853603 -0.068215240828171569 0.068145645529994178 -0.07001890891912893 0.057231515397580486 0.020451866422019689 0.14727216870752841 0.15280651793580943 -0.056212703271251718
leaf_weight=424.81339897215366 18.113650858402256 6.5698183476924887 10.104540504515173 14.637179359793661 11.034107193350794 6.2108058184385291 59.276451446115971 11.29912395775318 7.7601621821522739 11.321435183286665 11.165693014860151 207.68996152281761 11.49297873675823 39.03298008441925
leaf_count=3589 141 49 81 66 57 31 480 62 64 63 72 874 49 322
internal_value=-0.00103196 0.120327 -0.0562793 0.059115 0.138675 -0.0613802 -0.0630808 -0.0353456 -0.0502689 0.00548092 -0.0280483 0.144187 0.115745 -0.0684417
internal_weight=850.522 266.066 584.456 24.7417 236.787 559.714 553.504 89.6572 78.358 19.0816 29.2793 230.217 22.5271 463.846
internal_count=6000 1242 4758 147 1029 4611 4580 669 607 127 213 980 106 3911
is_linear=0
shrinkage=0.06


Tree=6
num_leaves=15
num_cat=0
split_feature=1 4 4 1 0 0 3 3 3 3 1 0 1 0
split_gain=1401.38 268.752 93.8562 133.068 30.0249 27.4572 22.353 8.82781 3.57458 2.97108 4.91451 2.8145 2.65559 6.91106
threshold=0.414581040885942 26.666356666639853 14.084603897263749 0.23916141269496941 0.31486308655704126 0.44917073183338724 0.68111074581107045 0.35592682478174181 0.8012076570572505 0.22788199898482811 0.53601624807887072 0.71256827450226023 0.1514679971993669 0.58469626549424725
decision_type=2 2 2 2 2 2 2 2 2 2 2 2 2 2
left_child=2 4 3 6 -2 -5 12 -7 -4 10 -6 -9 -1 -14
right_child=1 -3 8 5 9 7 -8 11 -10 -11 -12 -13 13 -15
leaf_value=-0.068946090388955633 0.018481150087091044 -0.066873711655840176 -0.068301235287955633 -0.022096971928169794 0.078488414975289925 0.062629673731248281 0.057958929885003861 0.11160430339727288 -0.01603720811484452 0.13745947322968097 0.13201522900526591 0.15588257760169552 -0.069578770040254673 0.015961718334615588
leaf_weight=53.921779446303844 8.2672093436121923 27.537692785263062 441.442313618958 7.1081532686948767 8.4409778863191622 10.162145100533964 6.0071800500154486 11.972467675805094 4.7619107142090789 204.09012626111507 23.002985715866089 9.0931043624877912 10.009750127792357 5.1493712663650504
leaf_count=448 53 216 3921 52 40 57 34 58 28 837 96 40 85 35
internal_value=-0.00109942 0.110801 -0.055355 -0.00661924 0.13087 0.084334 -0.053055 0.10856 -0.0677435 0.134814 0.117646 0.130717 -0.0627086 -0.0405217
internal_weight=830.967 271.339 559.628 113.424 243.801 38.3359 75.0881 31.2277 446.204 235.534 31.444 21.0656 69.0809 15.1591
internal_count=6000 1242 4758 809 1026 207 602 155 3949 973 136 98 568 120
is_linear=0
shrinkage=0.06


Tree=7
num_leaves=15
num_cat=0
split_feature=1 4 4 1 0 0 1 0 2 0 4 1 0 1
split_gain=1250.33 230.972 90.2684 117.954 28.3522 22.8636 13.9112 13.0059 6.72336 7.95953 3.19083 2.64408 11.857 1.45885
threshold=0.414581040885942 26.666356666639853 14.084603897263749 0.23916141269496941 0.29003657805130578 0.44917073183338724 0.17799017026764055 0.57318388738070059 1.030461717784749 0.72246000138437616 18.742063048236233 0.33710715819359333 0.59865792380995653 0.12701734460406025
decision_type=2 2 2 2 2 2 2 2 2 2 2 2 2 2
left_child=2 4 3 6 -2 -5 13 -8 9 -7 -6 -4 -13 -1
right_child=1 -3 11 5 10 8 7 -9 -10 -11 -12 12 -14 -15
leaf_value=-0.06854645034481309 0.0055119779471338179 -0.065953252119306319 -0.068282875902134374 -0.021085744075661834 0.12609933136635021 0.051123869590532139 -0.059353629836408871 0.062189264736723801 0.13863440278037065 0.12506043250937229 0.090978683428255186 -0.068434140966094459 0.035498036083981215 -0.044039601470507853
leaf_weight=48.809054419398308 7.4092052876949301 26.284943722188473 398.91801305115223 7.0053374022245398 230.3904599994421 13.500642649829389 5.9885058328509313 6.7328888177871704 10.250739380717276 8.5684209465980512 9.7051156759262067 20.367480166256431 4.9028851538896552 10.653188094496725
leaf_count=420 48 216 3725 52 933 74 53 42 42 39 45 189 35 87
internal_value=-0.00115278 0.103153 -0.0544626 -0.00642468 0.121112 0.0771814 -0.0519727 0.00497381 0.0984808 0.0798301 0.12468 -0.0670906 -0.0482695 -0.0641558
internal_weight=809.487 273.79 535.697 111.509 247.505 39.3251 72.1836 12.7214 32.3198 22.0691 240.096 424.188 25.2704 59.4622
internal_count=6000 1242 4758 809 1026 207 602 95 155 113 978 3949 224 507
is_linear=0
shrinkage=0.06


Tree=8
num_leaves=15
num_cat=0
split_feature=1 4 4 1 0 0 3 0 3 3 1 1 1 0
split_gain=1122.48 200.908 86.7816 106.573 34.2767 24.7934 19.2726 11.8642 3.99688 3.90481 2.1697 2.15053 1.48495 2.44027
threshold=0.414581040885942 26.666356666639853 14.084603897263749 0.17799017026764055 0.43993382312985224 0.29003657805130578 0.67658677513668886 0.66371725152329397 0.80990246563525625 0.10126720710568907 0.2900201930567034 0.30430499356340585 0.12701734460406025 0.51452235609433938
decision_type=2 2 2 2 2 2 2 2 2 2 2 2 2 2
left_child=2 5 3 12 10 -2 7 11 -4 -7 -5 -6 -1 -14
right_child=1 -3 8 4 6 9 -8 -9 -10 -11 -12 -13 13 -15
leaf_value=-0.067847862820288235 0.0051637525532048255 -0.065074507500885004 -0.067099679916470784 -0.06882216940397394 -0.008389032352956587 0.081834679586911291 0.1385699399084783 0.090409659912426082 -0.0087922605773082183 0.11809615068608098 -0.014334242968480924 0.038083566059572686 -0.069011487538157848 -0.010400630218972362
leaf_weight=46.425502747297287 7.4335465282201758 25.078332498669624 398.77654462307692 5.2717905193567258 7.7154231294989604 11.21092316508293 13.485908672213553 14.250728517770765 4.277698539197444 230.44533424079418 5.2518011033535004 6.6955623775720596 5.6971700862050039 4.6401604041457176
leaf_count=420 48 216 3924 48 52 49 58 68 25 929 40 36 52 35
internal_value=-0.00119341 0.0967967 -0.0536156 -0.00623195 0.0552354 0.113094 0.0794211 0.0515904 -0.0664809 0.116414 -0.04163 0.0132028 -0.0632685 -0.0427026
internal_weight=786.656 274.168 512.488 109.434 52.6712 249.09 42.1476 28.6617 403.054 241.656 10.5236 14.411 56.7628 10.3373
internal_count=6000 1242 4758 809 302 1026 214 156 3949 978 88 88 507 87
is_linear=0
shrinkage=0.06


Tree=9
num_leaves=15
num_cat=0
split_feature=4 0 2 0 4 2 3 3 3 0 3 4 2 3
split_gain=874.423 118.788 52.6761 40.6684 50.9956 34.3005 41.2381 22.9807 21.2394 22.513 13.4827 7.90357 4.99877 3.93129
threshold=15.075606432601086 0.46741457409268289 1.1165571095528037 0.6358752389094694 26.666356666639853 0.28647328917735365 0.041545518139125957 0.20914434612730892 0.5767937276875722 0.66371725152329397 0.68111074581107045 5.3453309554214679 2.7745207343497462 0.54422723510763715
decision_type=2 2 2 2 2 2 2 2 2 2 2 2 2 2
left_child=1 2 10 12 7 6 -3 -5 9 -8 11 -1 -2 -13
right_child=3 5 -4 4 -6 -7 8 -9 -10 -11 -12 13 -14 -15
leaf_value=-0.0020366024989947004 -0.065946518554534289 -0.064052160519495263 0.11452709603736216 -0.034327084877600972 -0.063123392302546766 0.11315756735641787 0.023230895407615589 0.10971440299124105 0.10275316344804218 0.083305405020096021 0.063936550201905556 -0.063108928374660048 0.0032292780077474255 -0.0042555203398905832
leaf_weight=15.010502196848391 375.11710668355227 7.8652276322245589 11.287471055984495 5.600305117666724 23.497684635221958 110.74475935846567 38.651798769831657 13.845174662768839 65.805490054190159 53.598806649446487 5.1617833599448195 28.153483092784882 3.7986813038587561 4.7796358019113532
leaf_count=118 3828 68 50 47 232 448 247 62 278 257 28 268 31 38
internal_value=-0.00122457 0.0702155 -0.00318201 -0.0589815 -0.0036439 0.0872985 0.0700388 0.0682304 0.0767114 0.058135 -0.0282009 -0.0381207 -0.065253 -0.0545674
internal_weight=762.918 341.059 64.3929 421.859 42.9432 276.666 165.921 19.4455 158.056 92.2506 53.1054 47.9436 378.916 32.9331
internal_count=6000 1800 502 4200 341 1298 850 109 782 504 452 424 3859 306
is_linear=0
shrinkage=0.06


Tree=10
num_leaves=15
num_cat=0
split_feature=4 0 3 2 0 3 0 3 2 4 4 3 4 2
split_gain=794.972 134.235 63.5718 34.1464 30.6198 27.1968 22.9273 33.4568 18.555 9.89255 7.00733 3.91751 3.41997 3.3009
threshold=16.83681377230787 0.38263414427915138 1.0000000180025095e-35 0.28647328917735365 0.6539701790405581 0.60712979501767994 0.64470199218755131 0.55507587522012869 0.50812819503718398 26.364813323253379 5.1062857424888604 0.68606275104721115 6.1948193862955607 2.571098634251674
decision_type=2 2 2 2 2 2 2 2 2 2 2 2 2 2
left_child=1 8 -3 4 5 12 13 9 10 -8 -1 -6 -4 -2
right_child=6 2 3 -5 11 -7 7 -9 -10 -11 -12 -13 -14 -15
leaf_value=0.0023464100656064341 -0.065905799598579562 -0.069497228337213487 0.024849565527364805 0.10765559477365436 0.080050442954588477 0.090726536489939016 0.0131420127029189 0.10887270478826119 0.073948481441604638 -0.064512263661592004 -0.059259796794010049 0.10588303453293936 -0.0069698809136210663 -0.0092856396720276246
leaf_weight=8.401429668068884 348.08738563209772 10.191528163850306 32.183720953762531 119.94483567029238 73.994309276342392 23.447689406573772 8.2845307588577288 6.4570038691163054 5.2099038138985625 20.568637989461422 31.82349606603384 29.583082213997841 19.544993720948696 3.7466464713215819
leaf_count=68 3746 95 200 492 343 104 57 29 29 216 318 121 150 32
internal_value=-0.00124183 0.0636987 0.0778624 0.0828903 0.0662726 0.0371241 -0.0606772 -0.0145868 -0.0325934 -0.0422156 -0.0463926 0.0874286 0.012827 -0.0653029
internal_weight=741.469 354.325 308.89 298.699 178.754 75.1764 387.144 35.3102 45.4348 28.8532 40.2249 103.577 51.7287 351.834
internal_count=6000 1920 1505 1410 918 454 4080 302 415 273 386 464 350 3778
is_linear=0
shrinkage=0.06


Tree=11
num_leaves=15
num_cat=0
split_feature=1 4 4 1 2 3 1 4 3 1 3 4 4 1
split_gain=874.903 143.534 69.5943 86.5136 22.2165 18.0135 14.7613 11.3941 4.1522 3.44032 7.7131 2.81195 5.43095 1.40875
threshold=0.414581040885942 26.666356666639853 14.084603897263749 0.17799017026764055 1.030461717784749 0.67658677513668886 0.25771436354999749 19.405622188907028 0.80990246563525625 0.51231146374630632 0.28520960872064322 3.4625904132490302 6.7524034627805385 0.12701734460406025
decision_type=2 2 2 2 2 2 2 2 2 2 2 2 2 2
left_child=2 7 3 13 5 6 -5 9 -4 10 -2 -8 -13 -1
right_child=1 -3 8 4 -6 -7 11 -9 -10 -11 -12 12 -14 -15
leaf_value=-0.067693700337442722 0.034835264493804911 -0.062624045103604087 -0.065643004796580071 -0.055104849557411399 0.11170501822774384 0.10209067830594912 0.00031383535981481243 0.035879176208740766 -0.0045834913309605518 0.10446730763543415 0.098767513779221328 0.082813109071008376 0.0084821007210355084 -0.042786988626689865
leaf_weight=44.254433326423168 8.6060931384563428 21.694119162857533 342.40503124147654 10.804496355354784 13.28017210960388 8.1120709180831891 7.1495037525892284 10.052225962281225 4.0568549036979666 192.91441756486893 32.254429012537003 7.238178074359892 6.9234401658177376 10.027792692184446
leaf_count=420 42 216 3924 90 55 35 36 53 25 797 134 36 50 87
internal_value=-0.00125378 0.0852693 -0.0518286 -0.00972419 0.0444165 0.0222029 0.00202409 0.0984279 -0.064928 0.101117 0.085302 0.0309878 0.0464736 -0.0630926
internal_weight=719.773 265.521 454.252 107.79 53.5079 40.2277 32.1156 243.827 346.462 233.775 40.8605 21.3111 14.1616 54.2822
internal_count=6000 1242 4758 809 302 247 212 1026 3949 973 176 122 86 507
is_linear=0
shrinkage=0.06


Tree=12
num_leaves=15
num_cat=0
split_feature=1 4 2 4 0 4 1 0 0 1 0 1 2 0
split_gain=800.232 199.484 33.928 30.0271 18.7551 12.9835 30.6746 12.7361 6.92605 3.75447 2.83413 1.82197 4.46101 9.04868
threshold=0.34629006966359949 20.812404338645603 1.3541661948795911 12.607227119662628 0.29003657805130578 14.084603897263749 0.23916141269496941 0.64470199218755131 0.57318388738070059 0.18027429756690996 0.59441009106899012 0.48492186723226655 0.50812819503718398 0.64470199218755131
decision_type=2 2 2 2 2 2 2 2 2 2 2 2 2 2
left_child=2 4 5 -4 -2 6 9 -3 -8 -1 -11 12 13 -6
right_child=1 7 3 -5 11 -7 8 -9 -10 10 -12 -13 -14 -15
leaf_value=-0.066108067961294328 0.0045455259615773324 -0.060112921604098327 0.10579658609749633 -0.056162418546912118 0.022125462251621389 -0.065888217837157759 -0.02132459743961742 0.030747968047381797 0.054918627821437291 -0.057078411805009603 0.0069173777769500839 0.099263603184227944 0.10606032580383754 0.099874973648524781
leaf_weight=50.476958550512791 8.1807002127170545 36.229216165840626 8.5370230227708834 7.9667755439877501 9.348942846059801 303.84991309791803 6.6021282598376301 6.559220425784587 12.244046710431574 5.0998550951480848 4.8704833835363388 202.34367804229259 20.0074263215065 12.721684306859968
leaf_count=502 57 380 36 80 52 3679 47 45 55 52 31 847 84 53
internal_value=-0.00126793 0.0736171 -0.0566176 0.0276151 0.0939103 -0.0602459 -0.0386248 -0.0461845 0.0282094 -0.0594623 -0.0258166 0.0969013 0.0855415 0.0669409
internal_weight=695.038 295.391 399.647 16.5038 252.602 383.143 79.2935 42.7884 18.8462 60.4473 9.97034 244.422 42.0781 22.0706
internal_count=6000 1518 4482 116 1093 4366 687 425 102 585 83 1036 189 105
is_linear=0
shrinkage=0.06


Tree=13
num_leaves=15
num_cat=0
split_feature=4 0 3 2 0 3 0 3 2 4 3 3 3 0
split_gain=611.338 98.8721 50.1868 28.5396 24.2923 22.4687 21.9498 31.6386 16.2563 4.97059 4.2118 3.85928 3.1699 2.84261
threshold=16.83681377230787 0.34946794998679082 1.0000000180025095e-35 0.28647328917735365 0.6539701790405581 0.54810215952864072 0.59441009106899012 0.37365010588559183 1.37339705924477 6.1948193862955607 0.10814392363185034 0.77692576249887391 0.68606275104721115 0.81288350302984647
decision_type=2 2 2 2 2 2 2 2 2 2 2 2 2 2
left_child=1 8 -3 4 5 9 -2 10 -1 -4 -8 -7 13 -6
right_child=6 2 3 -5 12 11 7 -9 -10 -11 -12 -13 -14 -15
leaf_value=-0.050553326885674862 -0.064795991855501889 -0.069005641424760164 0.020416826595048364 0.094975403513971338 0.059916881831355129 0.054098425836817871 -0.066083174712639983 0.059753177535038823 0.081789451057636589 -0.019861563145548496 -0.015241071441612535 0.09805784154832127 0.093018409439335606 0.084525938210189472
leaf_weight=33.019491411745548 290.40726377815008 9.4426839351654035 28.996106244623661 113.84780628234148 44.494451120495796 18.039378888905052 22.076679475605491 12.900482945144175 3.7175529375672332 17.80107394605875 7.9882081001996985 11.953808873891829 28.158753842115402 27.244520202279091
leaf_count=356 3658 98 191 494 221 95 271 79 18 153 72 51 121 122
internal_value=-0.00127809 0.0557461 0.0671241 0.0715484 0.0564534 0.0310784 -0.0588741 -0.0188478 -0.0371611 0.00509542 -0.0525745 0.0716185 0.0759589 0.0692627
internal_weight=670.088 336.716 299.979 290.536 176.688 76.7904 333.373 42.9654 36.737 46.7972 30.0649 29.9932 99.8977 71.739
internal_count=6000 1920 1546 1448 954 490 4080 422 374 344 343 146 464 343
is_linear=0
shrinkage=0.06


Tree=14
num_leaves=15
num_cat=0
split_feature=1 0 3 2 0 2 3 1 0 3 1 0 3 0
split_gain=688.959 107.544 49.773 29.9997 25.3536 17.7908 11.3926 6.916 9.30566 6.02876 4.56116 10.2138 5.63043 2.58733
threshold=0.34629006966359949 0.36180315583136019 1.0000000180025095e-35 1.3541661948795911 0.43993382312985224 1.4206765219290911 0.7682845960942718 0.27040911933041695 0.73398246402215428 0.57002855783872108 0.48492186723226655 0.64470199218755131 0.4430112503031019 0.34946794998679082
decision_type=2 2 2 2 2 2 2 2 2 2 2 2 2 2
left_child=3 5 -3 6 -5 9 7 -1 13 -2 11 12 -4 -9
right_child=1 2 10 4 -6 -7 -8 8 -10 -11 -12 -13 -14 -15
leaf_value=-0.064087120415087392 -0.056922259802086171 -0.069232972506098722 0.0062224235986434026 -0.067631861263231841 0.087454413470729103 0.093076645457076515 0.0068326976338172994 -0.065655243794676021 0.035872884085755806 0.019864628981518587 0.091450288527646723 0.094056661615918427 0.073181516719327711 -0.031689255842015804
leaf_weight=303.11600844562054 26.065189041197304 7.5211052075028411 10.232555896043779 6.3375408127903929 9.4585531055927259 3.7120181918144217 9.133039288222788 16.520949363708496 5.4241205826401702 4.2862195670604697 196.27937411516905 26.50347825884819 8.0993046164512617 15.789890348911284
leaf_count=3907 288 78 68 73 43 21 64 216 38 37 867 115 44 141
internal_value=-0.00128001 0.0690673 0.0827649 -0.0556491 0.0252323 -0.0309142 -0.0592996 -0.0610716 -0.0368485 -0.0460784 0.0875062 0.0702397 0.035806 -0.0490565
internal_weight=648.479 282.699 248.636 365.78 15.7961 34.0634 349.984 340.851 37.735 30.3514 241.115 44.8353 18.3319 32.3108
internal_count=6000 1518 1172 4482 116 346 4366 4302 395 325 1094 227 112 357
is_linear=0
shrinkage=0.06


Tree=15
num_leaves=15
num_cat=0
split_feature=4 0 3 2 0 3 5 0 3 2 4 3 4 3
split_gain=523.377 80.0211 41.6012 25.2226 20.6779 27.5414 20.4923 17.9708 16.7454 14.0242 9.17203 7.04524 5.54425 3.66691
threshold=16.83681377230787 0.34946794998679082 1.0000000180025095e-35 0.28647328917735365 0.59441009106899012 0.55507587522012869 1.0000000180025095e-35 0.68551348276978064 0.54422723510763715 1.4206765219290911 26.364813323253379 0.20914434612730892 6.0698155640957774 0.68606275104721115
decision_type=2 2 2 2 2 2 2 2 2 2 2 2 2 2
left_child=1 9 -3 6 -2 10 7 8 12 -1 11 -6 -4 -10
right_child=4 2 3 -5 5 -7 -8 -9 13 -11 -12 -13 -14 -15
leaf_value=-0.048285533189391133 -0.064059244790089967 -0.068008128442688207 0.029621924574628179 0.08901584531668788 -0.04160969884038479 0.08223634770836788 -0.046721894487937538 0.075778092350432188 0.04872689181223757 0.075273502305907611 -0.063309463484838888 0.059841868466450357 -0.012413713669919902 0.088918176301223714
leaf_weight=30.434003345668316 262.29879167675972 8.5588613003492338 29.192139461636543 107.85091388970613 5.2676500901579839 7.9317185580730429 7.2523787990212432 83.793869912624359 16.104546725749969 3.710130661725997 22.818783432245255 4.6303008198738098 18.424980640411377 16.591543972492218
leaf_count=357 3658 98 187 494 57 41 58 396 85 17 298 26 154 74
internal_value=-0.00128364 0.0519861 0.0622905 0.0662846 -0.0578884 -0.0180688 0.051978 0.0563398 0.0360591 -0.0348595 -0.0423864 0.00584975 0.0133566 0.0691219
internal_weight=624.861 321.913 287.769 279.21 302.947 40.6485 171.359 164.107 80.3132 34.1441 32.7167 9.89795 47.6171 32.6961
internal_count=6000 1920 1546 1448 4080 422 954 896 500 374 381 83 341 159
is_linear=0
shrinkage=0.06


Tree=16
num_leaves=15
num_cat=0
split_feature=1 4 4 1 0 0 0 1 1 2 0 0 0 1
split_gain=595.369 140.532 27.2363 41.0702 17.0559 12.7978 7.3894 3.53591 3.4078 4.34063 5.75224 2.19542 1.59764 1.40367
threshold=0.34629006966359949 22.759855025898059 14.084603897263749 0.17799017026764055 0.25659936857773713 0.53138136493111554 0.6539701790405581 0.29729299809633342 0.49701515769193522 0.50812819503718398 0.66371725152329397 0.73398246402215428 0.63200490311008428 0.12701734460406025
decision_type=2 2 2 2 2 2 2 2 2 2 2 2 2 2
left_child=2 4 3 13 -2 7 -3 -5 9 10 -6 12 -7 -1
right_child=1 6 -4 5 8 11 -8 -9 -10 -11 -12 -13 -14 -15
leaf_value=-0.066478086867146707 -0.015454885860988194 -0.060430297106642855 -0.064406644681050285 -0.060159184284358624 0.024985148801618763 0.054181691304511927 0.019098091998751923 0.011238379131570775 0.08816933118353347 0.090313368854371037 0.081232024490395183 0.070945014729628539 0.015727664415148588 -0.039964855607132962
leaf_weight=37.920722030103207 6.3255513459444037 29.01145626604557 252.87659357488155 6.2319045290350896 12.791406415402891 7.4171920940279987 4.9191379696130744 4.1666822731494904 181.13106335699558 21.141993343830109 13.404972955584524 9.2231560796499235 8.1780862733721715 8.8700053021311742
leaf_count=420 52 366 3756 66 73 41 38 29 834 97 58 42 41 87
internal_value=-0.001283 0.065238 -0.0546623 -0.0246151 0.0817324 0.0243279 -0.0489006 -0.0315504 0.0844232 0.0700893 0.0537673 0.0477401 0.0340166 -0.061452
internal_weight=603.61 268.726 334.884 82.0077 234.795 35.217 33.9306 10.3986 228.469 47.3384 26.1964 24.8184 15.5953 46.7907
internal_count=6000 1518 4482 726 1114 219 404 95 1062 228 131 124 82 507
is_linear=0
shrinkage=0.06


Tree=17
num_leaves=15
num_cat=0
split_feature=4 0 3 2 0 4 3 0 3 2 4 4 3 0
split_gain=444.439 65.6226 36.0466 23.4249 19.5611 23.7001 17.2197 16.297 11.7875 11.7754 3.25914 2.7891 2.64724 2.39374
threshold=16.83681377230787 0.34946794998679082 1.0000000180025095e-35 0.28647328917735365 0.59441009106899012 26.666356666639853 0.5767937276875722 0.6539701790405581 0.41844511694005632 1.4206765219290911 5.1062857424888604 6.1948193862955607 0.68606275104721115 0.81288350302984647
decision_type=2 2 2 2 2 2 2 2 2 2 2 2 2 2
left_child=1 9 -3 6 -2 8 7 11 -6 10 -1 -4 -8 -9
right_child=4 2 3 -5 5 -7 12 13 -10 -11 -12 -13 -14 -15
leaf_value=-0.00385722315507708 -0.06332194563955959 -0.067781990089585339 0.018298724196676698 0.084308746330541764 -0.012201281932979211 -0.057823131556945802 0.056288600835508094 0.044700812206965979 0.090108365607658211 0.066785412679251518 -0.056147094569222032 -0.011390897367740889 0.081297415373426704 0.070789312016597661
leaf_weight=5.2797755002975526 235.57415726780891 7.9904156103730193 30.032990820705891 101.09628836065531 8.2669879309833068 21.782443709671497 24.551305778324604 31.114098004996777 7.9552242159843436 3.7523308247327796 22.915886156260967 18.351022899150848 40.165160268545151 21.348978102207184
leaf_count=54 3658 98 203 494 79 304 122 169 39 17 303 166 190 104
internal_value=-0.00128476 0.0483212 0.0577885 0.0615511 -0.0568779 -0.0169338 0.0476549 0.032154 0.0379704 -0.033067 -0.0463556 0.00703808 0.0718099 0.0553171
internal_weight=580.177 306.598 274.65 266.66 273.579 38.0047 165.564 100.847 16.2222 31.948 28.1957 48.384 64.7165 52.4631
internal_count=6000 1920 1546 1448 4080 422 954 642 118 374 357 369 312 273
is_linear=0
shrinkage=0.06


Tree=18
num_leaves=15
num_cat=0
split_feature=1 4 2 4 3 3 3 1 4 1 3 4 3 4
split_gain=519.232 122.129 23.798 19.2581 12.7304 10.2428 6.22172 5.72963 10.2972 4.80328 4.58108 3.12531 1.3464 1.02849
threshold=0.34141116148336031 23.753791319922197 1.3541661948795911 10.580230721468595 0.053758304427897828 0.7682845960942718 0.62610877787570784 0.27040911933041695 11.865107193115769 0.49701515769193522 0.22476662508750828 1.9099622709631479 0.54422723510763715 29.383024113491338
decision_type=2 2 2 2 2 2 2 2 2 2 2 2 2 2
left_child=2 4 5 -4 -2 7 13 11 -9 10 -6 -1 -12 -3
right_child=1 6 3 -5 9 -7 -8 8 -10 -11 12 -13 -14 -15
leaf_value=-0.02309399995011794 -0.0095003045215973879 -0.034253033256310933 0.091367576651827417 -0.049541411440205636 0.021179880645763528 0.0068740578408526491 0.030009333330923649 0.0090861158572054252 -0.062022012472641455 0.084047303197978998 0.058459279315881386 -0.06398104119919798 0.080912143558844116 -0.065239200004547721
leaf_weight=6.9212259873747817 5.9554909765720359 4.6426044367253843 7.1236763149499875 6.8485810905694962 8.0438694357871992 8.5397195443510991 3.0754408091306678 11.646036498248579 19.788576778024435 172.14152583479881 17.327166937291622 243.7603507116437 21.60063810646534 22.767889846116304
leaf_count=64 40 52 32 83 51 64 29 64 309 845 91 3843 104 329
internal_value=-0.00127938 0.0617888 -0.0541877 0.0223002 0.0770543 -0.0578646 -0.0509117 -0.0598243 -0.0356776 0.0794068 0.0624005 -0.0628522 0.0709181 -0.059991
internal_weight=560.183 255.555 304.628 13.9723 225.069 290.656 30.4859 282.116 31.4346 219.113 46.9717 250.682 38.9278 27.4105
internal_count=6000 1541 4459 115 1131 4344 410 4280 373 1091 246 3907 195 381
is_linear=0
shrinkage=0.06


Tree=19
num_leaves=15
num_cat=0
split_feature=4 0 3 2 0 3 2 3 4 0 3 3 2 0
split_gain=379.803 56.1875 24.0168 21.1739 18.7021 20.6458 14.8791 11.9946 9.3866 9.35933 5.84581 3.99388 2.59891 1.89299
threshold=16.83681377230787 0.46741457409268289 0.014434506902243663 1.4206765219290911 0.59441009106899012 0.37365010588559183 0.91135017804759533 0.5767937276875722 5.3453309554214679 0.66371725152329397 0.54422723510763715 0.10814392363185034 2.7745207343497462 0.81288350302984647
decision_type=2 2 2 2 2 2 2 2 2 2 2 2 2 2
left_child=1 3 -3 8 12 11 7 9 -1 -4 -10 -6 -2 -11
right_child=4 2 6 -5 5 -7 -8 -9 10 13 -12 -13 -14 -15
leaf_value=0.012698894133572525 -0.063414630573672817 -0.061422996263677213 0.012634698043684844 0.071145531493179134 -0.064430477948473244 0.048250555573209217 0.081659210684403058 0.070307227655612745 -0.058122499076018665 0.042587542587428064 0.0048385667896179282 -0.0098955728048032952 -0.0019985079065370703 0.066476670196928142
leaf_weight=15.541379094123839 209.41311775147915 5.8957177624106398 37.059175759553909 9.9186801165342313 16.521668795496229 12.040025178343056 82.173207804560661 60.174983277916908 24.347219504415992 28.542533621191978 6.7892797030508509 6.8342594653367987 2.5101690739393225 20.530562698841095
leaf_count=131 3629 76 262 48 271 79 432 301 342 160 63 72 29 105
internal_value=-0.00127795 0.0451869 0.0581433 -0.0084677 -0.0559441 -0.0155721 0.0612285 0.0497537 -0.0253849 0.0353943 -0.0443939 -0.0484728 -0.0626872 0.052582
internal_weight=538.292 290.973 234.376 56.5966 247.319 35.396 228.48 146.307 46.6779 86.1323 31.1365 23.3559 211.923 49.0731
internal_count=6000 1920 1336 584 4080 422 1260 828 536 527 405 343 3658 265
is_linear=0
shrinkage=0.06


Tree=20
num_leaves=15
num_cat=0
split_feature=1 4 4 1 3 4 0 0 3 0 1 1 0 0
split_gain=454.875 103.198 20.438 31.4393 15.4192 9.46104 11.2719 9.31717 5.45799 5.28959 3.34353 1.34433 1.90155 1.19676
threshold=0.34141116148336031 20.812404338645603 14.084603897263749 0.17799017026764055 0.68111074581107045 32.278868064361241 0.59441009106899012 0.32294833532853706 0.069520189690159301 0.58469626549424725 0.2900201930567034 0.12701734460406025 0.55336654201289492 0.37276513274529061
decision_type=2 2 2 2 2 2 2 2 2 2 2 2 2 2
left_child=2 7 3 11 9 6 13 -2 -9 10 -5 -1 -13 -3
right_child=1 5 -4 4 -6 -7 -8 8 -10 -11 -12 12 -14 -15
leaf_value=-0.066100382903962543 0.016178896783582475 -0.065642702863670591 -0.063313332929146399 -0.06870456381608378 0.086905481231470114 -0.064763532923462555 0.074327501889590558 0.022996646227801794 0.079290622109464859 0.016224090838726311 0.0013957540891230114 -0.06637098095818407 -0.0087466545941290042 -0.016599904603237903
leaf_weight=34.403714619576931 9.3469082452356798 4.1610735133290273 203.25092555209994 6.0219742953777331 8.4598013311624509 20.584095854312181 4.7331344671547413 6.4068259820342055 192.33253603428602 14.572713226079939 4.1288653835654259 4.3659243583679181 3.9059579074382782 3.1452123709022999
leaf_count=420 68 60 3737 70 38 327 26 39 992 76 31 57 30 29
internal_value=-0.0012712 0.059167 -0.0533943 -0.0268179 0.0169862 -0.0400524 0.00219676 0.0747225 0.0774759 -0.00693853 -0.0401912 -0.0608787 -0.0391609 -0.0445307
internal_weight=519.82 240.71 279.11 75.859 33.1834 32.6235 12.0394 208.086 198.739 24.7236 10.1508 42.6756 8.27188 7.30629
internal_count=6000 1541 4459 722 215 442 115 1099 1031 177 101 507 87 89
is_linear=0
shrinkage=0.06


Tree=21
num_leaves=15
num_cat=0
split_feature=1 4 4 1 3 3 0 3 0 1 0 1 0 1
split_gain=419.875 94.2365 20.158 29.3366 13.9099 9.14961 9.07156 5.34371 4.80442 3.56787 2.83166 1.35769 1.85452 0.990921
threshold=0.34141116148336031 20.812404338645603 14.084603897263749 0.17799017026764055 0.68111074581107045 0.49942863008870875 0.32294833532853706 0.069520189690159301 0.58469626549424725 0.29434792589710707 0.72246000138437616 0.12701734460406025 0.55336654201289492 0.48492186723226655
decision_type=2 2 2 2 2 2 2 2 2 2 2 2 2 2
left_child=2 6 3 11 8 10 -2 -8 9 -5 -3 -1 -13 -9
right_child=1 5 -4 4 -6 -7 7 13 -10 -11 -12 12 -14 -15
leaf_value=-0.065552504393959113 0.015085016535417212 -0.061563105632873656 -0.063045603058742086 -0.068242125753709637 0.083246148111229476 0.028874410782125361 0.021570589781283747 0.067969266727329197 0.015206758324156066 0.0056255971378096018 0.0039384925538491706 -0.065977362038262988 -0.0082598675979096252 0.07931741210265883
leaf_weight=32.66277639195323 9.4208333343267423 22.87359248101712 192.2027356736362 5.9501018263399619 8.3064650893211347 5.7745084613561621 6.4201376698911181 33.879250638186932 14.613460965454577 3.8948606923222542 2.6513716317713252 4.1354563906788808 3.8885356150567532 151.89518547058105
leaf_count=420 68 357 3737 72 38 59 39 166 76 29 26 57 30 826
internal_value=-0.00127118 0.057533 -0.0528283 -0.0260923 0.0161627 -0.0393295 0.0725702 0.075388 -0.00661994 -0.0390186 -0.0547592 -0.0601201 -0.0380067 0.0772479
internal_weight=498.569 232.915 265.654 73.4517 32.7649 31.2995 201.615 192.195 24.4584 9.84496 25.525 40.6868 8.02399 185.774
internal_count=6000 1541 4459 722 215 442 1099 1031 177 101 383 507 87 992
is_linear=0
shrinkage=0.06


Tree=22
num_leaves=15
num_cat=0
split_feature=1 4 2 0 0 1 4 3 3 0 1 2 0 3
split_gain=387.676 86.5029 20.0238 16.4757 11.706 9.3045 16.1845 7.78721 6.5702 3.2492 2.16561 2.7955 4.66459 2.15315
threshold=0.34141116148336031 23.753791319922197 1.3541661948795911 0.4871259927007961 0.26551659008999362 0.23916141269496941 14.084603897263749 0.069520189690159301 0.64958345085645297 0.58469626549424725 0.48492186723226655 0.50812819503718398 0.64470199218755131 0.68111074581107045
decision_type=2 2 2 2 2 2 2 2 2 2 2 2 2 2
left_child=2 4 5 -4 -2 13 9 -6 -3 -7 11 12 -9 -1
right_child=1 8 3 -5 7 6 -8 10 -10 -11 -12 -13 -14 -15
leaf_value=-0.063125795292630599 -0.0067842512928149596 -0.057996556662825542 -0.058797298979420383 0.081035464830988974 0.010693009765400076 -0.021305659775542621 -0.061322769934571454 0.014111137003373428 0.042443343310622016 0.032676084255674143 0.077537593024248119 0.080491854462257165 0.072690218426485223 -0.03549932597073701
leaf_weight=186.60140829905868 7.0268015451729289 23.035525765269998 5.2511413320898992 7.1824237555265427 7.1677878461778155 6.2195621319115189 25.536673203110695 8.9640708081424254 2.6102762445807448 11.319799236953257 150.81019081175327 14.938780725002287 10.776889249682425 10.740673139691351
leaf_count=3593 59 386 78 37 45 48 510 48 24 51 848 82 49 142
internal_value=-0.00126817 0.0559603 -0.0522677 0.0219791 0.069283 -0.0561075 -0.0308432 0.0720574 -0.0477736 0.0135338 0.0744287 0.0609093 0.0460903 -0.0616222
internal_weight=478.182 225.33 252.852 12.4336 199.685 240.418 43.076 192.658 25.6458 17.5394 185.49 34.6797 19.741 197.342
internal_count=6000 1541 4459 115 1131 4344 609 1072 410 99 1027 179 97 3735
is_linear=0
shrinkage=0.06


Tree=23
num_leaves=15
num_cat=0
split_feature=1 4 4 1 3 0 4 0 3 0 1 1 3 0
split_gain=358.329 79.7904 19.7483 26.1219 12.1853 9.53213 8.86094 9.36326 6.14949 4.02073 3.54007 1.57969 1.62824 2.59195
threshold=0.34141116148336031 20.812404338645603 14.084603897263749 0.17799017026764055 0.68111074581107045 0.26551659008999362 32.278868064361241 0.59441009106899012 0.069520189690159301 0.58469626549424725 0.29729299809633342 0.48492186723226655 0.54422723510763715 0.66371725152329397
decision_type=2 2 2 2 2 2 2 2 2 2 2 2 2 2
left_child=2 5 3 -1 9 -2 7 -3 -7 10 -5 12 13 -10
right_child=1 6 -4 4 -6 8 -8 -9 11 -11 -12 -13 -14 -15
leaf_value=-0.058797593076061049 -0.0022940410595411586 -0.041964522522711524 -0.062568703001348522 -0.067541788639223124 0.079451512307639194 0.015222006202582589 -0.064089268239784197 0.06859348812647495 0.025482834379303574 0.013594085652243158 0.0080222215904377763 0.076317186651014737 0.075177418062470053 0.073066563989754418
leaf_weight=36.962465114891529 6.5435079708695403 6.6808499619364756 171.98569175601006 5.5257047303021007 8.0002046376466733 6.7506910972297183 17.843895792961121 4.6962127536535263 8.5460744425654429 14.469684422016142 3.7443817257881165 142.28100003302097 16.266204819083214 7.9591351002454749
leaf_count=507 53 89 3737 73 38 41 327 26 42 76 28 836 87 40
internal_value=-0.00126238 0.054542 -0.0517062 -0.0245137 0.0154113 0.068854 -0.0377069 0.0036715 0.0714147 -0.00617005 -0.0370199 0.0735817 0.0617055 0.0484286
internal_weight=458.256 217.568 240.688 68.7024 31.74 188.347 29.221 11.3771 181.803 23.7398 9.27009 175.052 32.7714 16.5052
internal_count=6000 1541 4459 722 215 1099 442 115 1046 177 101 1005 169 82
is_linear=0
shrinkage=0.06


Tree=24
num_leaves=15
num_cat=0
split_feature=4 0 3 2 5 0 2 3 4 0 4 3 3 3
split_gain=262.215 48.3158 26.508 19.3122 13.1985 11.7116 11.5138 9.15767 8.54106 6.58285 2.84255 5.37414 2.30366 2.37768
threshold=19.405622188907028 0.34946794998679082 1.0000000180025095e-35 0.28647328917735365 1.0000000180025095e-35 0.6815983295585103 3.7528337638579754 0.67658677513668886 5.1062857424888604 0.83898500475210402 6.0698155640957774 0.21293481441733575 0.50813611460907981 0.20715385053502089
decision_type=2 2 2 2 2 2 2 2 2 2 2 2 2 2
left_child=1 8 -3 4 5 7 9 10 -1 -2 -4 -12 13 -7
right_child=6 2 3 -5 -6 12 -8 -9 -10 -11 11 -13 -14 -15
leaf_value=0.029018899680396525 -0.060421352348176124 -0.066761328271050649 0.023549075594255304 0.0742600493913156 -0.0477943581692825 0.073534981484264753 0.087977073648719706 0.065565571903301062 -0.049690834355963755 0.02631177264784498 -0.065123577131260255 0.010081562774545505 0.068777974546468529 0.036868815493967096
leaf_weight=6.2319434620440033 173.45313616842031 7.1958973929285994 32.26911898329854 78.19513201713562 6.2853055745363227 8.7394143678247911 1.9439477808773507 14.729758545756338 24.377561505883932 3.2085315287113181 4.2389254532754448 17.721738118678331 36.95615304261446 23.452394016087055
leaf_count=61 3834 116 227 502 63 49 18 84 417 36 53 170 221 149
internal_value=-0.00125739 0.037147 0.04658 0.0502441 0.0372384 0.0411083 -0.0572481 0.0236121 -0.0336659 -0.0588461 0.0122168 -0.0044348 0.0585568 0.0468229
internal_weight=438.999 260.393 229.784 222.588 144.393 138.108 178.606 68.9595 30.6095 176.662 54.2298 21.9607 69.148 32.1918
internal_count=6000 2112 1634 1518 1016 953 3888 534 478 3870 450 223 419 198
is_linear=0
shrinkage=0.06


Tree=25
num_leaves=15
num_cat=0
split_feature=1 4 4 1 0 3 3 3 0 4 1 0 4 0
split_gain=316.239 67.2948 17.8521 23.2199 14.4874 10.6065 7.05879 6.1502 3.42001 3.12083 2.76796 2.56139 2.24389 1.92951
threshold=0.34141116148336031 23.753791319922197 14.084603897263749 0.17799017026764055 0.24705499284442581 0.68111074581107045 0.069520189690159301 0.64958345085645297 0.73398246402215428 7.1756550983044631 0.48492186723226655 0.64470199218755131 3.4625904132490302 0.66941545238661615
decision_type=2 2 2 2 2 2 2 2 2 2 2 2 2 2
left_child=2 4 3 -1 -2 8 -6 13 9 12 11 -8 -5 -3
right_child=1 7 -4 5 6 -7 10 -9 -10 -11 -12 -13 -14 -15
leaf_value=-0.058255397687218748 -0.029235455615569797 -0.063718313091075757 -0.062155526647160571 -0.025509505755435168 0.0089015679696221317 0.0743091068833487 0.035901171546362812 0.042907947006957367 0.034387765246422633 -0.058173053277152824 0.074322421739249273 0.069689998967843836 0.02581949472366361 -0.0091208093826591653
leaf_weight=35.185720384120941 5.6880765147507182 17.229240138083703 154.38159130886197 7.1265333853662103 6.9701284766197196 7.6456918120384207 14.369364213198422 2.5339292734861365 5.4705572500824919 5.3526421785354605 134.9927641004324 18.443027451634407 5.3811829574406147 2.6947134695947161
leaf_count=507 53 353 3737 48 45 38 78 24 27 62 851 104 40 33
internal_value=-0.00124486 0.0528099 -0.0509803 -0.0249043 0.0649989 0.0129785 0.0680657 -0.0451365 -0.00711992 -0.0198336 0.0705232 0.054893 -0.00342628 -0.056334
internal_weight=423.465 202.921 220.544 66.1623 180.463 30.9766 174.775 22.4579 23.3309 17.8604 167.805 32.8124 12.5077 19.924
internal_count=6000 1541 4459 722 1131 215 1078 410 177 150 1033 182 88 386
is_linear=0
shrinkage=0.06


Tree=26
num_leaves=15
num_cat=0
split_feature=4 0 3 2 2 2 3 0 0 3 0 4 0 3
split_gain=225.82 41.2972 18.9245 15.8212 13.5284 10.7547 8.12352 7.1805 6.99683 6.15478 6.07517 3.42074 1.93186 6.35914
threshold=19.405622188907028 0.47890375695411425 1.0000000180025095e-35 2.429026307238165 0.28647328917735365 3.8909916092996659 0.68606275104721115 0.24705499284442581 0.6815983295585103 0.54422723510763715 0.83898500475210402 5.3453309554214679 0.56050711739450465 0.49942863008870875
decision_type=2 2 2 2 2 2 2 2 2 2 2 2 2 2
left_child=1 3 -3 7 6 10 8 -1 -4 11 12 -9 -2 -14
right_child=5 2 4 -5 -6 -7 -8 9 -10 -11 -12 -13 13 -15
leaf_value=-0.054471645895913391 -0.062461712785637835 -0.066466775901055611 0.012698571472736776 0.072665412885083561 0.073620250525339409 0.084712588471358818 0.067356551168418322 0.0068991335562082487 0.046135535297063449 0.036647783308987707 0.02450232675431822 -0.041061691397084314 -0.058056730490790479 0.027878165068426893
leaf_weight=16.837260879576206 134.36766801029444 5.025348722934722 41.706342086195946 7.1694360971450797 64.793099388480186 1.9206646159291256 28.760940875858068 8.7338976599276119 48.997509617358446 8.8046067245304567 3.1405023522675029 13.832715529948471 17.84491100162268 3.7517532035708419
leaf_count=320 3423 87 326 44 457 17 184 87 315 69 36 223 378 34
internal_value=-0.00123844 0.0350779 0.0484113 -0.0104961 0.0515444 -0.0564172 0.0395713 -0.0228637 0.030761 -0.00589933 -0.0581209 -0.0224995 -0.0597846 -0.0431282
internal_weight=405.687 244.661 189.283 55.3779 184.258 161.025 119.465 48.2085 90.7039 31.3712 159.105 22.5666 155.964 21.5967
internal_count=6000 2112 1369 743 1282 3888 825 699 641 379 3871 310 3835 412
is_linear=0
shrinkage=0.06


Tree=27
num_leaves=15
num_cat=0
split_feature=1 4 2 0 0 1 4 4 3 3 1 3 0 0
split_gain=279.635 57.6745 16.2266 12.7459 9.06653 8.51131 11.645 8.38221 7.89503 5.24458 2.28741 2.27234 5.84488 2.10527
threshold=0.34141116148336031 20.812404338645603 1.3541661948795911 0.53138136493111554 0.24993382753281915 0.23916141269496941 14.084603897263749 32.278868064361241 0.41844511694005632 0.069520189690159301 0.48492186723226655 0.68111074581107045 0.57318388738070059 0.58469626549424725
decision_type=2 2 2 2 2 2 2 2 2 2 2 2 2 2
left_child=2 4 5 -4 -2 11 13 8 -3 -6 -11 -1 -13 -7
right_child=1 7 3 -5 9 6 -8 -9 -10 10 -12 12 -14 -15
leaf_value=-0.062231475785613131 -0.013985120934905658 -0.036698321796402783 -0.047861522399472341 0.083313783600011501 0.013390053008472199 -0.020480076130270981 -0.059739605148986352 -0.063309207788699903 0.069145548894194997 0.054158711406599891 0.072561562053888223 -0.065006154222434498 0.03715553484087103 0.023932800325529302
leaf_weight=146.03360084816813 5.1803486496210089 6.1204619221389311 5.03467148542404 5.6696553975343704 6.3830377534031859 5.9208348505198982 19.503505244851112 14.497417524456976 4.3332109972834587 30.349961712956429 122.28403078019619 6.1244458444416505 3.0053590536117554 10.945174112915991
leaf_count=3593 48 80 83 32 41 48 510 327 35 172 838 127 15 51
internal_value=-0.0012273 0.051214 -0.0502746 0.0216168 0.0641293 -0.0542924 -0.0281676 -0.0337784 0.00717562 0.066674 0.0689023 -0.060416 -0.0313765 0.0083416
internal_weight=391.386 189.148 202.237 10.7043 164.197 191.533 36.3695 24.9511 10.4537 159.017 152.634 155.163 9.1298 16.866
internal_count=6000 1541 4459 115 1099 4344 609 442 115 1051 1010 3735 142 99
is_linear=0
shrinkage=0.06


Tree=28
num_leaves=15
num_cat=0
split_feature=1 4 4 1 1 0 2 0 0 2 0 0 1 1
split_gain=258.797 53.0661 15.9691 19.9238 9.19856 8.5215 8.05036 5.22736 5.12993 3.40111 3.26724 1.87854 2.52967 1.4813
threshold=0.34141116148336031 20.812404338645603 14.084603897263749 0.17799017026764055 0.49701515769193522 0.41098543009615346 0.73190013866260972 0.46741457409268289 0.56050711739450465 1.0671207557652092 0.64470199218755131 0.73398246402215428 0.27883187828747974 0.12701734460406025
decision_type=2 2 2 2 2 2 2 2 2 2 2 2 2 2
left_child=2 4 3 13 5 -2 8 -5 -3 10 -7 12 -9 -1
right_child=1 6 -4 7 -6 9 -8 11 -10 -11 -12 -13 -14 -15
leaf_value=-0.063899469711424267 -0.026916669735787307 -0.063857694426084466 -0.061597910321187978 -0.040658617743785104 0.071117441590265978 0.0092521234090394994 0.073659791376351147 0.033097765805283737 -0.00085480821032739025 0.074743713419980928 0.056010323117606967 0.046944605267359801 -0.014974331272589108 -0.031958033982962826
leaf_weight=25.474910695105791 6.1779247261583796 15.000404912978416 130.84733997285366 5.7105105109512833 117.8051715195179 9.6237116008996981 2.3027294762432566 8.6924375630915183 6.7444538064301005 12.397699564695357 12.199643626809118 8.0036387220025045 7.2089813202619544 6.5760516934096804
leaf_count=420 55 342 3737 76 840 50 23 59 77 88 66 42 38 87
internal_value=-0.00122195 0.0500224 -0.0497347 -0.0245627 0.0626451 0.0379392 -0.0330194 0.0109164 -0.0443165 0.0496477 0.0353908 0.0232369 0.0113041 -0.0573459
internal_weight=374.766 182.252 192.514 61.6665 158.204 40.399 24.0476 29.6156 21.7449 34.2211 21.8234 23.9051 15.9014 32.051
internal_count=6000 1541 4459 722 1099 259 442 215 419 204 116 139 97 507
is_linear=0
shrinkage=0.06


Tree=29
num_leaves=15
num_cat=0
split_feature=1 4 4 1 0 3 1 3 0 4 0 1 3 1
split_gain=239.347 49.5008 15.9002 18.6357 13.6423 8.7084 6.79388 5.04256 3.40295 2.93311 2.40368 2.79486 1.52458 1.5119
threshold=0.34141116148336031 26.666356666639853 14.084603897263749 0.17799017026764055 0.24705499284442581 0.68111074581107045 0.48492186723226655 0.22476662508750828 0.66371725152329397 32.278868064361241 0.68551348276978064 0.25771436354999749 0.16908880812455077 0.12701734460406025
decision_type=2 2 2 2 2 2 2 2 2 2 2 2 2 2
left_child=2 4 3 13 -2 10 7 -6 -9 -3 11 -5 -8 -1
right_child=1 9 -4 5 6 -7 12 8 -10 -11 -12 -13 -14 -15
leaf_value=-0.063436421962589529 -0.029997471578078472 0.00049181776461883295 -0.061400881441696156 -0.053434053065986108 -0.0010255248473638012 0.068451723578931062 0.049363346133612915 0.030205918644940013 0.073419168971333382 -0.063005855111031531 0.018864109622684457 -0.00015480111512980265 0.071737791326015335 -0.030712183927791077
leaf_weight=24.161192882806066 5.9522798210382453 3.2711528763175037 123.61086694151163 6.0834857262671056 8.4646120332181436 7.0536700934171668 12.225534245371817 12.872088305652143 13.378961704671381 13.133663047105072 7.8070809617638579 8.4923084042966348 106.20539544522762 6.4366079941391936
leaf_count=420 67 52 3737 80 61 38 76 75 87 327 39 58 796 87
internal_value=-0.00121418 0.0488901 -0.0490972 -0.0237639 0.0591223 0.0103181 0.062586 0.0392447 0.0522297 -0.0503443 -0.00800193 -0.0223919 0.0694281 -0.0565525
internal_weight=359.149 175.504 183.645 60.0343 159.099 29.4365 153.147 34.7157 26.2511 16.4048 22.3829 14.5758 118.431 30.5978
internal_count=6000 1541 4459 722 1162 215 1095 223 162 379 177 138 872 507
is_linear=0
shrinkage=0.06


Tree=30
num_leaves=15
num_cat=0
split_feature=1 4 4 1 1 3 4 0 0 2 3 0 1 1
split_gain=221.502 45.7682 15.7108 17.4048 9.08604 7.92339 7.36656 6.94219 6.71983 3.52601 3.79432 2.24043 4.18747 1.5407
threshold=0.34141116148336031 20.812404338645603 14.084603897263749 0.17799017026764055 0.49701515769193522 0.68111074581107045 32.278868064361241 0.41636676475883289 0.42344426468383189 1.0671207557652092 0.38068436589897897 0.58469626549424725 0.30180092396238895 0.12701734460406025
decision_type=2 2 2 2 2 2 2 2 2 2 2 2 2 2
left_child=2 4 3 13 7 11 8 -2 -3 10 -9 12 -5 -1
right_child=1 6 -4 5 -6 -7 -8 9 -10 -11 -12 -13 -14 -15
leaf_value=-0.062985615260089597 -0.023158623838966091 -0.051915508983278062 -0.061209225847185661 -0.067433423594092073 0.068989302651753612 0.066149879321392185 -0.06282593741418066 0.0043930450998260475 0.047326120523081085 0.073310002672379984 0.055320265215669719 0.0068919897250405088 0.020732955119589985 -0.029492241325412817
leaf_weight=22.912089329212908 6.1886715404689303 4.1973774991929549 116.76583902910352 4.9218171723187023 107.80934047698975 6.8669425100088111 12.403163785114883 9.7995753288269061 5.9213486388325691 11.263581268489359 11.38587763905525 14.051537152379749 3.2003158628940582 6.3048146031796923
leaf_count=420 56 75 3737 75 840 38 327 55 40 87 61 76 26 87
internal_value=-0.00120516 0.0477964 -0.0485117 -0.0230619 0.0600423 0.0098327 -0.0318319 0.035078 0.00615942 0.0461848 0.0317633 -0.00760812 -0.0326937 -0.055758
internal_weight=343.992 168.969 175.023 58.2575 146.447 29.0406 22.5219 38.6377 10.1187 32.449 21.1855 22.1737 8.12213 29.2169
internal_count=6000 1541 4459 722 1099 215 442 259 115 203 116 177 101 507
is_linear=0
shrinkage=0.06


Tree=31
num_leaves=15
num_cat=0
split_feature=1 4 4 1 1 0 3 4 3 3 0 4 0 1
split_gain=205.024 42.1922 15.5067 16.2461 8.99939 8.98422 7.21481 7.02324 6.68614 3.37746 2.09273 2.77245 1.71913 1.56749
threshold=0.34141116148336031 20.812404338645603 14.084603897263749 0.17799017026764055 0.51231146374630632 0.38659296652880215 0.68111074581107045 32.278868064361241 0.41844511694005632 0.22476662508750828 0.73398246402215428 7.1756550983044631 0.66371725152329397 0.12701734460406025
decision_type=2 2 2 2 2 2 2 2 2 2 2 2 2 2
left_child=2 4 3 13 5 -2 10 8 -3 -7 11 -5 -11 -1
right_child=1 7 -4 6 -6 9 -8 -9 -10 12 -12 -13 -14 -15
leaf_value=-0.062545366896457483 -0.033602523471972991 -0.035889937976475654 -0.061022190645842439 -0.0023477882091022103 0.068671913945952234 0.012150506335347627 0.063956115703862781 -0.062657095511104502 0.063606771667300666 0.040320771340788319 0.025430863157236947 -0.056746254437692135 0.069914320960255183 -0.028299176157368145
leaf_weight=21.72508756630123 5.8260118812322608 5.7981821708381194 110.29280996881425 11.916772264987239 98.629464708268642 7.9815033860504618 6.6820533797144881 11.711380740627645 4.1873583011329174 13.073507487773897 5.3400282487273207 4.704282831400632 15.380427293479441 6.1802858784794799
leaf_count=420 54 80 3737 88 806 49 38 327 35 75 27 62 115 87
internal_value=-0.00119783 0.0467512 -0.0479244 -0.0223785 0.0587457 0.0355799 0.00936459 -0.0311359 0.00583323 0.0466421 -0.00724586 -0.0177443 0.0563172 -0.0549608
internal_weight=329.429 162.588 166.841 56.5485 140.891 42.2615 28.6431 21.6969 9.98554 36.4354 21.9611 16.6211 28.4539 27.9054
internal_count=6000 1541 4459 722 1099 293 215 442 115 239 177 150 190 507
is_linear=0
shrinkage=0.06


Tree=32
num_leaves=15
num_cat=0
split_feature=1 4 2 1 4 4 4 1 2 3 3 3 1 3
split_gain=189.848 40.6405 15.4568 9.96295 7.53187 6.75534 6.69992 10.5498 6.35229 5.85429 4.81605 4.73366 3.15159 1.5079
threshold=0.33196933062923856 20.812404338645603 1.3541661948795911 0.49701515769193522 10.308928248437143 32.278868064361241 14.084603897263749 0.18983069382395951 1.0671207557652092 0.41844511694005632 0.58849704760741062 0.22476662508750828 0.27040911933041695 0.45091478576597926
decision_type=2 2 2 2 2 2 2 2 2 2 2 2 2 2
left_child=2 3 6 8 -4 9 7 -1 11 -3 12 -2 -9 -6
right_child=1 5 4 -5 13 -7 -8 10 -10 -11 -12 -13 -14 -15
leaf_value=-0.05870455656655385 -0.021106252666826704 -0.034946892342628752 0.077653898524547668 0.066873805071310619 -0.064157309611880181 -0.062484521615211563 -0.061848711360385403 -0.060890884968297795 0.06942583535099868 0.057799716486988215 0.036659869546697643 0.032235197752103609 0.0016885866086017692 0.0093405189775491188
leaf_weight=26.750668684020638 8.5562047138810176 5.7455443404614943 4.9367136806249601 98.583443157374859 2.3261882085353136 11.731352524831889 100.14613088592887 4.9805693142116088 11.277737535536287 4.2716475483030081 7.5942185372114173 19.963061861693859 6.9257677979767323 1.7691992372274397
leaf_count=519 67 83 30 840 56 349 3633 63 92 37 42 119 44 26
internal_value=-0.00118903 0.0446616 -0.048426 0.0566449 0.0277497 -0.0315845 -0.0531257 -0.0342382 0.0313061 0.0046032 -0.000675542 0.016232 -0.0244892 -0.0324064
internal_weight=315.558 160.129 155.429 138.38 9.0321 21.7485 146.397 46.2512 39.797 10.0172 19.5006 28.5193 11.9063 4.09539
internal_count=6000 1587 4413 1118 112 469 4301 668 278 120 149 186 107 82
is_linear=0
shrinkage=0.06


Tree=33
num_leaves=15
num_cat=0
split_feature=1 4 4 1 2 1 2 3 3 1 2 4 3 4
split_gain=175.771 25.3732 24.4605 24.4554 9.08627 6.51994 7.50123 8.31754 4.7662 5.11203 3.65737 3.08691 2.52039 2.31534
threshold=0.414581040885942 29.383024113491338 19.056228285029661 0.17799017026764055 1.030461717784749 0.53601624807887072 0.50812819503718398 0.4430112503031019 0.67658677513668886 0.25771436354999749 1.3201253957270531 3.4625904132490302 0.83836259226989551 6.7524034627805385
decision_type=2 2 2 2 2 2 2 2 2 2 2 2 2 2
left_child=2 5 3 10 8 6 7 -2 9 -5 -1 -11 -4 -13
right_child=1 -3 12 4 -6 -7 -8 -9 -10 11 -12 13 -14 -15
leaf_value=-0.060261061281017519 -0.017840271193893319 -0.062389967733835261 -0.061769253299259447 -0.050110243952615943 0.069170361211553649 0.067121138885515338 0.07238754311592531 0.059513140179012262 0.042878866042877252 -0.029230221759015906 0.028922023281657834 0.044579226234117322 0.015603430754401012 -0.0026990666374058147
leaf_weight=30.48728115670383 12.259921815246345 6.5855605676770201 94.893792364746332 8.4541492685675639 8.399870462715624 87.78539702296257 12.638466246426104 8.4556763023138029 7.5092132147401562 6.5985138937830952 1.7504580654203881 7.1861014142632467 1.540234513580798 7.7512979358434677
leaf_count=716 86 199 3623 134 59 782 110 65 41 36 14 36 15 84
internal_value=-0.00118221 0.0523058 -0.0403168 -0.0153659 0.0127654 0.058541 0.0359588 0.0137338 0.000130686 -0.010573 -0.0554186 0.00494771 -0.0605335 0.0200456
internal_weight=302.296 127.725 174.571 78.1369 45.8991 121.139 33.3541 20.7156 37.4993 29.9901 32.2377 21.5359 96.434 14.9374
internal_count=6000 1242 4758 1120 390 1043 261 151 331 290 730 156 3638 120
is_linear=0
shrinkage=0.06


Tree=34
num_leaves=15
num_cat=0
split_feature=1 4 4 2 1 1 2 0 0 3 3 2 0 1
split_gain=163.017 35.1133 13.9156 13.7651 9.41262 9.10886 9.00372 7.69465 5.94833 5.22202 3.9823 3.44106 3.92579 2.96926
threshold=0.33196933062923856 19.405622188907028 14.084603897263749 1.030461717784749 0.51231146374630632 0.18027429756690996 0.73190013866260972 0.35833023175566298 0.56050711739450465 0.35310485356192617 0.58849704760741062 1.030461717784749 0.66371725152329397 0.27040911933041695
decision_type=2 2 2 2 2 2 2 2 2 2 2 2 2 2
left_child=2 4 3 5 7 -1 8 -2 -3 -10 13 12 -9 -7
right_child=1 6 -4 -5 -6 10 -8 11 9 -11 -12 -13 -14 -15
leaf_value=-0.059223799836520971 -0.036582304807509292 -0.06402615414361508 -0.061145404321356858 0.064562166312268895 0.066564019159292317 -0.058656186218685936 0.071264645845365529 0.0068603164717298045 -0.044141493674314844 0.059432211445965326 0.029639844139430018 0.069953173330612795 0.054341710350111906 0.0007900110775890789
leaf_weight=22.857873048633337 5.2096915990114203 13.000359639525419 92.082289900630713 5.8811638429760924 84.623544260859489 5.3648169320076722 3.0133448913693419 13.247149355709555 3.7344821374863377 3.3018581420183182 7.8121991753578177 10.700462982058523 11.900097392499445 6.935017291456461
leaf_count=502 49 375 3708 38 797 75 29 71 68 21 46 102 75 44
internal_value=-0.00117353 0.0426418 -0.0474131 -0.0215282 0.0551268 -0.0333112 -0.0254328 0.0315534 -0.0399752 0.00446128 -0.0038608 0.0414554 0.0293293 -0.0251386
internal_weight=289.664 148.731 140.933 48.8511 125.681 42.9699 23.05 41.0574 20.0367 7.03634 20.112 35.8477 25.1472 12.2998
internal_count=6000 1587 4413 705 1094 667 493 297 464 89 165 248 146 119
is_linear=0
shrinkage=0.06


Tree=35
num_leaves=15
num_cat=0
split_feature=1 4 4 1 1 0 3 0 3 0 1 4 0 3
split_gain=151.051 32.4065 13.6655 12.7848 9.27019 7.82285 7.70094 6.97429 5.52224 4.00035 3.79254 3.30459 3.11915 2.11862
threshold=0.33196933062923856 19.405622188907028 14.084603897263749 0.12701734460406025 0.51231146374630632 0.49197952650423782 0.68111074581107045 0.35833023175566298 0.41844511694005632 0.58469626549424725 0.30180092396238895 11.544842585070203 0.66371725152329397 0.10814392363185034
decision_type=2 2 2 2 2 2 2 2 2 2 2 2 2 2
left_child=2 4 3 -1 7 -3 9 -2 13 10 -5 12 -9 -7
right_child=1 5 -4 6 -6 8 -8 11 -10 -11 -12 -13 -14 -15
leaf_value=-0.06123706831697584 -0.03518424318472721 -0.055503313370648857 -0.061006475024062652 -0.06565563049651113 0.065694809751269914 -0.064119697790778002 0.058819817317644026 0.011471973584340416 0.071526132843814885 0.0076236573157853127 0.021538992794728228 0.080661476485261396 0.050801653853481128 0.010633696538557979
leaf_weight=17.72426731325686 5.0952759981155387 12.768067488446833 86.911363327875733 7.0510067921131903 80.717936292290688 2.4102627411484701 6.8783098943531504 14.183791242539884 3.8750733211636543 13.259570240974424 2.4094232656061649 5.955866824835538 14.869798578321932 3.1468882411718369
leaf_count=420 49 374 3708 139 797 60 44 87 27 84 18 38 123 32
internal_value=-0.00116673 0.0417376 -0.0468802 -0.0209362 0.05398 -0.0248908 0.00319699 0.0304019 0.0165482 -0.0136424 -0.0434485 0.0399474 0.0316011 -0.0217886
internal_weight=277.257 143.023 134.234 47.3226 120.823 22.2003 29.5983 40.1047 9.43222 22.72 9.46043 35.0095 29.0536 5.55715
internal_count=6000 1587 4413 705 1094 493 285 297 119 241 157 248 210 92
is_linear=0
shrinkage=0.06


Tree=36
num_leaves=15
num_cat=0
split_feature=1 0 4 1 3 0 1 4 3 3 4 3 1 4
split_gain=140.074 24.2259 20.5665 13.8963 10.7382 8.73767 5.09364 9.52715 4.9516 4.50394 3.28694 2.62134 1.36264 1.26074
threshold=0.414581040885942 0.56566755904561072 29.383024113491338 0.12701734460406025 1.0000000180025095e-35 0.22353321596656225 0.30430499356340585 10.580230721468595 0.5312385115515067 0.22788199898482811 6.0698155640957774 0.38316392135186356 0.32447260829877006 4.6189508858867034
decision_type=2 2 2 2 2 2 2 2 2 2 2 2 2 2
left_child=1 6 5 -3 -5 -2 -1 -8 11 10 -7 12 -6 -10
right_child=2 3 -4 4 8 9 7 -9 13 -11 -12 -13 -14 -15
leaf_value=-0.061050489039357371 -0.030581748540409938 -0.059758093830492007 -0.062077555285558299 -0.06372333803196796 0.00031557054833739159 0.056774024357216325 0.037405186755433507 -0.059626279545230587 0.032479711772999013 0.064871459499762599 0.0072658232106119136 -0.03503305891101894 0.042327292034402005 0.065614014990516667
leaf_weight=86.699991229921579 4.0892233829945317 12.405220013111828 5.6440069563686839 5.5595738366246215 6.4859645646065491 9.9440866112709063 5.7693521007895461 9.8832470308989269 8.038755267858507 83.755768239498138 9.3830116130411607 4.6835397128015748 4.8634080532938242 8.5107919070869666
leaf_count=3654 43 325 199 186 71 77 39 302 50 850 73 41 34 56
internal_value=-0.00115965 -0.0385796 0.0495557 -0.00459452 0.0133467 0.0554346 -0.0553633 -0.0238617 0.0264973 0.0588468 0.0327385 0.00273331 0.0183183 0.0495194
internal_weight=265.716 152.9 112.816 50.5473 38.142 107.172 102.353 15.6526 32.5825 103.083 19.3271 16.0329 11.3494 16.5495
internal_count=6000 4758 1242 763 438 1043 3995 341 252 1000 150 146 105 106
is_linear=0
shrinkage=0.06


Tree=37
num_leaves=15
num_cat=0
split_feature=1 0 4 2 1 3 0 1 4 3 2 1 0 1
split_gain=129.467 23.1546 19.015 15.1501 9.58421 8.01698 7.76582 5.08782 8.78078 4.71641 5.50669 8.13501 5.83052 3.33408
threshold=0.414581040885942 0.56566755904561072 29.383024113491338 1.030461717784749 0.12945209946641592 0.5312385115515067 0.24705499284442581 0.30430499356340585 10.580230721468595 0.42043219618979716 0.50812819503718398 0.62025489969500913 0.63200490311008428 0.27040911933041695
decision_type=2 2 2 2 2 2 2 2 2 2 2 2 2 2
left_child=1 7 6 4 -3 13 -2 -1 -9 10 11 12 -8 -6
right_child=2 3 -4 -5 5 -7 9 8 -10 -11 -12 -13 -14 -15
leaf_value=-0.060839008357689309 -0.022240497714060285 -0.063549313579746913 -0.061954186835920119 0.077872240390692432 -0.057925965499566648 0.037967806916852601 -0.043326518548378393 0.0348037326429321 -0.058906271928331429 0.068356415081105196 0.074452736619250143 0.061435608019022939 0.034731504662047066 -0.0052333618657238994
leaf_weight=81.926291985437274 4.5589576717466107 11.900918403640388 5.3255887869745484 6.9193530827760688 6.9010982625186506 12.064065910875795 7.1651956364512461 5.8267061859369269 9.4180419370532018 60.065557889640331 12.326809994876383 12.211996641010044 6.6347309648990631 11.571490861475466
leaf_count=3654 47 331 199 53 184 71 43 39 302 671 129 104 49 124
internal_value=-0.00115181 -0.0379179 0.0485972 -0.00445194 -0.0178747 -7.41553e-05 0.0543153 -0.0549166 -0.0230893 0.057862 0.0414204 0.0257667 -0.00579777 -0.0249186
internal_weight=254.817 146.528 108.289 49.3569 42.4376 30.5367 102.963 97.171 15.2447 98.4043 38.3387 26.0119 13.7999 18.4726
internal_count=6000 4758 1242 763 710 379 1043 3995 341 996 325 196 92 308
is_linear=0
shrinkage=0.06


Tree=38
num_leaves=15
num_cat=0
split_feature=1 0 4 2 1 0 3 1 4 3 4 3 0 2
split_gain=119.903 22.0559 17.6298 13.9245 9.10176 7.64892 7.1654 5.07995 8.09714 4.84607 3.2734 2.78127 3.97664 4.49806
threshold=0.414581040885942 0.56566755904561072 29.383024113491338 1.030461717784749 0.12945209946641592 0.22353321596656225 0.5312385115515067 0.30430499356340585 10.580230721468595 0.053758304427897828 15.399602039369336 0.42043219618979716 0.63200490311008428 0.26176248993251755
decision_type=2 2 2 2 2 2 2 2 2 2 2 2 2 2
left_child=1 7 5 4 -3 -2 10 -1 -9 -7 -6 12 13 -11
right_child=2 3 -4 -5 6 9 -8 8 -10 11 -12 -13 -14 -15
leaf_value=-0.06062414542747277 -0.028452966878862975 -0.063342564773736121 -0.061838285509336677 0.076274230431583906 -0.0069083318026894307 -0.012811385763107931 0.035873091576041696 0.032408897922809946 -0.058165479175398001 0.0020994013603220368 -0.062151982587787702 0.067530261025830346 0.064793570454224 0.071485191631230266
leaf_weight=77.420533191412687 3.9475918374955645 11.243334855884312 5.0245656799525014 6.6487644761800757 12.566318387165671 3.4694388993084422 12.004287883639334 5.8801105096936217 8.9791468214243633 10.811133801937101 5.5741336345672599 57.126831091940403 18.410114407539368 4.8824502155184737
leaf_count=3654 43 331 199 53 88 26 71 39 302 66 220 672 192 44
internal_value=-0.00113961 -0.0372938 0.0477938 -0.00432329 -0.0172708 0.0533779 -8.70744e-05 -0.0544568 -0.0223234 0.056789 -0.0238834 0.0594359 0.045877 0.0236861
internal_weight=243.989 140.317 103.672 48.0368 41.3881 98.6476 30.1447 92.2798 14.8593 94.7 18.1405 91.2305 34.1037 15.6936
internal_count=6000 4758 1242 763 710 1043 379 3995 341 1000 308 974 302 110
is_linear=0
shrinkage=0.06


Tree=39
num_leaves=15
num_cat=0
split_feature=1 4 4 1 1 2 3 2 3 3 4 1 4 3
split_gain=110.989 23.896 13.3972 10.4433 8.39022 8.21593 6.72097 5.05361 3.82968 3.28896 2.3228 2.28149 1.4718 1.30563
threshold=0.34141116148336031 19.405622188907028 14.084603897263749 0.12701734460406025 0.51231146374630632 2.1957530110860706 0.68111074581107045 1.0671207557652092 0.22476662508750828 0.7682845960942718 26.364813323253379 0.24447215684020554 3.7406429647254495 0.54422723510763715
decision_type=2 2 2 2 2 2 2 2 2 2 2 2 2 2
left_child=2 4 3 -1 7 9 11 8 -2 10 -3 12 -5 -10
right_child=1 5 -4 6 -6 -7 -8 -9 13 -11 -12 -13 -14 -15
leaf_value=-0.059840676052182976 -0.022607592118200043 -0.015104716189613955 -0.059756506814239524 -0.0093117181792883481 0.063203151210090652 0.10779152170617229 0.055393609234290792 0.065153115163235908 0.01332698496290911 0.049003565128640771 -0.062268422935003953 0.0028748676261710943 -0.056642996649511404 0.046457554712197965
leaf_weight=14.281070720404385 7.6700471229851273 6.3030622135847869 69.951977221295238 4.3111827913671785 66.837620466947556 1.5843501612544049 6.7112684287130824 8.9855516850948316 9.4521984718740004 1.527853613719343 9.3145550433546287 13.78859102912247 5.2396083511412144 7.8290353491902342
leaf_count=420 57 73 3737 53 797 11 46 103 62 13 368 91 112 57
internal_value=-0.00112791 0.0392999 -0.0434026 -0.0175973 0.0508668 -0.0229345 0.00247815 0.0265706 0.0126761 -0.0350144 -0.0432338 -0.0127378 -0.0352779 0.0283364
internal_weight=233.788 119.504 114.284 44.3317 100.774 18.7298 30.0507 33.9368 24.9513 17.1455 15.6176 23.3394 9.55079 17.2812
internal_count=6000 1541 4459 722 1076 465 302 279 176 454 441 256 165 119
is_linear=0
shrinkage=0.06


Tree=40
num_leaves=15
num_cat=0
split_feature=4 2 0 2 4 3 3 0 3 0 0 0 3 4
split_gain=85.0544 19.4532 13.4162 7.89055 6.43996 5.55742 4.5269 4.35338 3.25187 2.66026 1.83339 1.67217 3.92686 1.174
threshold=19.405622188907028 1.0103050163607896 0.53138136493111554 4.266394195645586 5.3453309554214679 0.05028528783859091 0.54422723510763715 0.83898500475210402 0.67658677513668886 0.66371725152329397 0.41098543009615346 0.56050711739450465 0.49942863008870875 10.877049570029447
decision_type=2 2 2 2 2 2 2 2 2 2 2 2 2 2
left_child=1 2 4 7 -1 -4 -6 11 9 -7 -3 -2 -13 -11
right_child=3 10 5 -5 6 8 -8 -9 -10 13 -12 12 -14 -15
leaf_value=0.015428601278063838 -0.060997998698441545 0.025592858066525583 -0.044569883178485488 0.09304168113248483 -0.051089434072361897 0.0066716479585451818 0.012624886084462656 0.029561948291855978 0.053968684187168971 0.029538566500081548 0.067394358888659717 -0.054807263663524015 0.027783560763608769 0.060378292112981347
leaf_weight=13.848046107217668 61.8604801800102 4.2547392696142188 3.6344278287142506 1.32646676711738 17.509584680199627 19.729948753491044 5.2086880821734658 2.1516686007380477 17.416643965989351 26.478267189115289 33.656396050006151 9.3792843930423242 2.6602640412747851 5.3399205822497597
leaf_count=185 3426 40 82 13 510 219 86 37 197 281 457 378 34 55
internal_value=-0.00111531 0.0256747 0.0128154 -0.0520364 -0.0168226 0.0277433 -0.0364815 -0.0545668 0.0315542 0.023981 0.062703 -0.0570163 -0.036558 0.0347143
internal_weight=224.455 147.077 109.166 77.3782 36.5663 72.5992 22.7183 76.0517 68.9648 51.5481 37.9111 73.9 12.0395 31.8182
internal_count=6000 2112 1615 3888 781 834 596 3875 752 555 497 3838 412 336
is_linear=0
shrinkage=0.06


Tree=41
num_leaves=15
num_cat=0
split_feature=1 4 1 4 2 1 2 3 2 3 1 4 1 3
split_gain=99.1714 18.8413 15.0357 14.3079 6.43089 6.24223 6.44821 6.17551 3.90007 2.30333 3.44689 3.51928 2.38463 2.16379
threshold=0.414581040885942 19.056228285029661 0.17799017026764055 29.383024113491338 1.030461717784749 0.53601624807887072 0.50812819503718398 0.4430112503031019 2.5470534805898155 0.67658677513668886 0.25771436354999749 3.4625904132490302 0.19332238593635967 0.83836259226989551
decision_type=2 2 2 2 2 2 2 2 2 2 2 2 2 2
left_child=1 2 8 5 9 6 7 -2 -1 10 12 -12 -4 -3
right_child=3 13 4 -5 -6 -7 -8 -9 -10 -11 11 -13 -14 -15
leaf_value=-0.057938266352653811 -0.021769541524700099 -0.061171184945502444 0.0060173719427446606 -0.061558041670786504 0.063042369616083185 0.061684442390584029 0.068177126772342694 0.052030473784416401 0.051859872708706289 0.030418991878375361 -0.033856201703673511 0.019880290549009454 -0.069913955228820462 0.019634688113061283
leaf_weight=21.511972170323137 10.995847210288053 60.410517924465239 2.1758351083844927 4.2447647154331198 6.6233893893659106 61.650832276791334 8.9796297773718816 6.4917973838746539 1.23128006979823 6.5277638770639888 6.376040659844878 14.068042177706955 4.7165495753288269 1.2170090675353993
leaf_count=722 86 3623 38 199 59 782 110 65 8 41 36 120 96 15
internal_value=-0.00109809 -0.0359666 -0.0129564 0.046038 0.00897239 0.051221 0.0268483 0.00562664 -0.051994 -0.00160298 -0.00924961 0.00312111 -0.0459434 -0.0595754
internal_weight=217.221 124.858 63.2309 92.3629 40.4876 88.1181 26.4673 17.4876 22.7433 33.8642 27.3365 20.4441 6.89238 61.6275
internal_count=6000 4758 1120 1242 390 1043 261 151 730 331 290 156 134 3638
is_linear=0
shrinkage=0.06


Tree=42
num_leaves=15
num_cat=0
split_feature=1 0 2 0 3 1 3 1 3 0 2 1 0 1
split_gain=91.4974 18.7389 11.1153 10.4335 7.9444 7.88748 5.624 4.86221 3.848 5.54041 6.22216 5.13765 3.43166 3.26055
threshold=0.414581040885942 0.56566755904561072 1.030461717784749 0.24705499284442581 0.041545518139125957 0.12945209946641592 0.05028528783859091 0.30430499356340585 0.42043219618979716 0.63200490311008428 0.50812819503718398 0.62025489969500913 0.33172805630729391 0.55791070399666443
decision_type=2 2 2 2 2 2 2 2 2 2 2 2 2 2
left_child=1 7 5 13 -5 -3 -7 -1 9 10 11 -6 -9 -2
right_child=3 2 -4 4 8 6 -8 12 -10 -11 -12 -13 -14 -15
leaf_value=-0.060277096764171367 -0.065401984923615264 -0.062937218958356203 0.073465686145144912 -0.040338873261375988 -0.041179928682708304 -0.063436877421933421 0.011383783005991591 -0.055323141773727519 0.065126809548147202 0.06246901165246134 0.075561694082890471 0.042872597240401759 0.0058077468811165616 0.026974379323851397
leaf_weight=62.720431329682469 3.7768048532307139 9.5500983064994198 5.7916789017617694 3.3226970983669153 7.1963264942169207 4.2572363484650877 24.03516351711005 5.8126874994486553 47.74799820035696 16.404597628861666 4.1146498247981063 4.1149796918034554 7.6654829503968358 2.1634964123368263
leaf_count=3654 103 331 53 59 75 184 195 228 687 197 44 39 113 38
internal_value=-0.00108748 -0.0352966 -0.00394236 0.045055 0.050559 -0.0157894 0.000125309 -0.0532511 0.0543543 0.0381949 0.0123808 -0.0106022 -0.020556 -0.0317579
internal_weight=208.674 119.833 43.6342 88.8416 82.9012 37.8425 28.2924 76.1986 79.5786 31.8306 15.426 11.3113 13.4782 5.9403
internal_count=6000 4758 763 1242 1101 710 379 3995 1042 355 158 114 341 141
is_linear=0
shrinkage=0.06


Tree=43
num_leaves=15
num_cat=0
split_feature=1 0 2 0 1 3 3 1 1 0 3 0 1 3
split_gain=84.5289 17.8212 10.2202 9.8992 7.49304 5.23263 5.20769 4.88358 4.42179 3.22597 3.04597 4.02927 3.3226 2.66964
threshold=0.414581040885942 0.56566755904561072 1.030461717784749 0.35833023175566298 0.12945209946641592 0.05028528783859091 0.046283871340018892 0.30430499356340585 0.64229312503130875 0.33172805630729391 0.41844511694005632 0.63200490311008428 0.52822123501860341 0.58849704760741062
decision_type=2 2 2 2 2 2 2 2 2 2 2 2 2 2
left_child=1 7 4 8 -3 -6 -5 -1 -2 -9 11 12 -8 -7
right_child=3 2 -4 6 5 13 10 9 -10 -11 -12 -13 -14 -15
leaf_value=-0.060051169132748834 -0.029677407456497426 -0.062766736537463633 0.072067489754829489 -0.020931402429836134 -0.063254496082300826 -0.0060506314730588064 -0.019529030050876087 -0.05461003971832664 0.063557209795257336 0.005447997736106356 0.06535174740369229 0.060819340580600449 0.042649209689664777 0.034564148266999842
leaf_weight=59.283463251776993 8.450689713470636 9.0176313538104278 5.5570043176412574 3.3629608666524282 4.0205240510404137 14.12942459061742 5.6214648541063088 5.5435131052508932 2.337849684059619 7.6808695010840893 43.546171570196748 14.992166340351103 6.8809442557394505 9.9144166614860278
leaf_count=3654 180 331 53 55 184 136 46 228 30 113 669 192 70 59
internal_value=-0.00107249 -0.0345957 -0.00381465 0.0442378 -0.0151861 0.00010245 0.052026 -0.0526967 -0.0094737 -0.0197277 0.0554797 0.0398442 0.014692 0.0106968
internal_weight=200.339 115.147 42.639 85.1922 37.082 28.0644 74.4037 72.5078 10.7885 13.2244 71.0407 27.4946 12.5024 24.0438
internal_count=6000 4758 763 1242 710 379 1032 3995 210 341 977 308 116 195
is_linear=0
shrinkage=0.06


Tree=44
num_leaves=15
num_cat=0
split_feature=1 4 4 1 1 2 2 2 3 1 3 3 4 4
split_gain=78.0062 18.5322 11.3826 8.62274 8.34366 6.05633 4.74914 4.27894 3.92122 3.34905 2.59074 2.02015 1.95218 1.68059
threshold=0.33196933062923856 19.405622188907028 14.084603897263749 0.51231146374630632 0.12701734460406025 2.1957530110860706 1.030461717784749 2.1799019657805832 0.68111074581107045 0.25771436354999749 0.7682845960942718 0.22476662508750828 26.364813323253379 2.9951031276850881
decision_type=2 2 2 2 2 2 2 2 2 2 2 2 2 2
left_child=2 3 4 7 -1 10 8 11 9 13 12 -2 -3 -6
right_child=1 5 -4 -5 6 -7 -8 -9 -10 -11 -12 -13 -14 -15
leaf_value=-0.058837547574629542 -0.013412284675543213 -0.01634109124987428 -0.060125464762617167 0.060477402054632576 -0.011299898862219406 0.091409812006554736 0.062404362016427885 0.068301019883603167 0.042065734598479891 0.0045685540147837479 0.042778716487110513 0.022237686049654919 -0.06199906341526288 -0.068263160058428807
leaf_weight=11.554305645637212 8.175464730709793 5.8488698089495319 52.380402109585702 53.544191043823957 2.8260634057223886 1.5053257793188084 4.0322636291384688 5.7988982237875453 4.3657711856067172 8.5780672896653396 1.4080228628590692 19.069771379232407 7.9583874875679612 5.480239381082356
leaf_count=420 65 78 3708 797 39 12 34 84 28 57 14 148 389 127
internal_value=-0.00105565 0.034436 -0.0421532 0.0456031 -0.0165973 -0.0233936 0.0027069 0.0215011 -0.00862083 -0.0217268 -0.0347516 0.0115402 -0.042658 -0.0488825
internal_weight=192.526 103.309 89.2171 86.5883 36.8367 16.7206 25.2824 33.0441 21.2501 16.8844 15.2153 27.2452 13.8073 8.3063
internal_count=6000 1587 4413 1094 705 493 285 297 251 223 481 213 467 166
is_linear=0
shrinkage=0.06


Tree=45
num_leaves=15
num_cat=0
split_feature=1 0 0 2 1 3 1 3 2 1 1 1 0 0
split_gain=72.2091 16.5267 9.17724 8.90052 6.8535 5.23863 4.74855 4.70123 4.37726 5.4545 3.82029 3.15536 3.73767 2.97307
threshold=0.414581040885942 0.56566755904561072 0.35833023175566298 1.030461717784749 0.12945209946641592 0.41844511694005632 0.30430499356340585 0.05028528783859091 0.51745885320108875 0.62025489969500913 0.64229312503130875 0.37745271677012154 0.33172805630729391 0.63200490311008428
decision_type=2 2 2 2 2 2 2 2 2 2 2 2 2 2
left_child=1 6 10 4 -3 8 -1 -6 9 13 -2 12 -8 -4
right_child=2 3 5 -5 7 -7 11 -9 -10 -11 -12 -13 -14 -15
leaf_value=-0.059768927002423325 -0.029012772429829317 -0.062462726395927828 -0.037114676766517488 0.070665900951588118 -0.063093779561549726 0.064733641998108687 -0.049116793423264381 0.010284734470053816 0.069745324151624682 0.052292141590478028 0.058970982812934197 -0.068249996448192921 0.02898384582432291 0.022249846436723932
leaf_weight=53.065830635838211 8.1785620553418976 8.0618366757407767 6.4487581346184069 5.1363656371831885 3.6259571490809348 39.361484279856086 3.5752968247979862 23.610182411968708 7.7450185343623152 9.0696609616279584 2.2696515731513491 3.4263755502179256 5.7595766047015786 5.7406372735276818
leaf_count=3654 180 331 73 53 184 669 168 195 122 109 30 86 87 59
internal_value=-0.00104472 -0.0333212 0.0424724 -0.00312975 -0.0138681 0.0504764 -0.0518663 0.000515826 0.0311279 0.0170589 -0.00990018 -0.0190046 -0.000929036 -0.00915675
internal_weight=185.075 106.261 78.8138 40.4343 35.298 68.3656 65.8271 27.2361 29.0041 21.2591 10.4482 12.7612 9.33487 12.1894
internal_count=6000 4758 1242 763 710 1032 3995 379 363 241 210 341 255 132
is_linear=0
shrinkage=0.06


Tree=46
num_leaves=15
num_cat=0
split_feature=1 1 0 2 0 3 3 0 2 1 3 0 1 3
split_gain=66.6024 14.443 9.91438 8.81103 8.6916 8.40656 6.23043 5.14596 4.28324 3.091 2.45088 2.76205 2.32248 2.14704
threshold=0.33196933062923856 0.53601624807887072 0.53138136493111554 1.030461717784749 0.24705499284442581 1.0000000180025095e-35 0.58849704760741062 0.66371725152329397 2.2675205094426505 0.27040911933041695 0.22788199898482811 0.6492885042010127 0.30430499356340585 0.67658677513668886
decision_type=2 2 2 2 2 2 2 2 2 2 2 2 2 2
left_child=2 4 12 6 -2 -6 9 8 13 -4 11 -3 -1 -7
right_child=1 10 3 -5 5 7 -8 -9 -10 -11 -12 -13 -14 -15
leaf_value=-0.060621858673315654 -0.063414388411415362 -0.0044262437729931502 -0.059456514059035216 0.074815376993185759 -0.067662746502747201 -0.012488140593653115 0.018307177538849678 0.054860667195663126 0.070240806549821871 -0.0070235534317355632 0.061083428541070475 0.061897077280822763 -0.00519006833429688 0.03663120020295739
leaf_weight=47.411878924816847 5.3581988038495174 4.8235976528376323 13.853633879683921 3.533809181302785 3.7554343473166218 15.246394542045897 8.1463818429037911 14.228173565119503 3.4697330556809893 5.7182354032993308 41.353522943332791 4.2540661133825779 2.886729270219802 4.0558096040040246
leaf_count=3540 215 69 598 33 88 187 67 165 41 79 717 65 96 40
internal_value=-0.00102735 0.0326951 -0.0409501 -0.0144096 0.00842621 0.0178712 -0.025785 0.0265527 0.0088656 -0.0441374 0.0548863 0.0266549 -0.0574405 -0.00216711
internal_weight=178.096 96.5449 81.5507 31.2521 46.1137 40.7555 27.7183 37.0001 22.7719 19.5719 50.4312 9.07766 50.2986 19.3022
internal_count=6000 1587 4413 777 736 521 744 433 268 677 851 134 3636 227
is_linear=0
shrinkage=0.06


Tree=47
num_leaves=15
num_cat=0
split_feature=1 4 1 4 2 0 0 1 2 1 0 4 4 4
split_gain=61.6593 17.0977 11.2421 10.2161 5.80035 4.8273 4.01154 3.08418 4.03959 2.22001 2.17199 2.07101 1.25526 1.15942
threshold=0.42921993223291766 19.056228285029661 0.12701734460406025 29.686907527493503 1.030461717784749 0.22353321596656225 0.66371725152329397 0.53601624807887072 0.50812819503718398 0.23916141269496941 0.63200490311008428 6.7524034627805385 4.0076863768286719 12.607227119662628
decision_type=2 2 2 2 2 2 2 2 2 2 2 2 2 2
left_child=1 2 -1 5 6 -2 9 8 10 -4 -7 -11 -8 -9
right_child=3 -3 4 -5 -6 7 12 13 -10 11 -12 -13 -14 -15
leaf_value=-0.058692348354371419 -0.024245299511029023 -0.058521924841133471 -0.050311869604216408 -0.061488362086181421 0.058309273743909186 -0.010549795627278695 0.0023929778533820817 0.063770387324418309 0.071249808246544047 0.010122528964828565 0.03894143541453942 -0.033810097451368981 0.037975505980093159 0.039252205845578113
leaf_weight=12.580580116249619 3.2576835621148339 45.25680978409946 6.0953671522438553 3.2765768095850936 6.4391948115080586 7.1852988265454787 6.7305616140365583 36.657568980008364 5.9292244836688033 9.4892862811684626 5.7444444075226784 6.5149764558300367 7.5985179059207439 8.5657356418669206
leaf_count=609 37 3665 208 178 71 52 41 671 97 59 63 95 56 98
internal_value=-0.00101488 -0.0311568 -0.00882154 0.0419701 0.0058142 0.0470042 -0.00346491 0.0506262 0.0302429 -0.0194974 0.0114382 -0.00776146 0.0212619 0.0591264
internal_weight=171.322 100.705 55.4485 70.6165 42.8679 67.34 36.4287 64.0823 18.859 22.0996 12.9297 16.0043 14.3291 45.2233
internal_count=6000 4804 1139 1196 530 1018 459 981 212 362 115 154 97 769
is_linear=0
shrinkage=0.06


Tree=48
num_leaves=15
num_cat=0
split_feature=1 4 4 1 1 2 3 0 0 3 4 3 3 0
split_gain=57.0788 14.9316 10.6157 7.73029 6.83808 4.92828 4.0275 3.97319 3.96822 3.22434 1.98213 1.88486 2.24419 1.80537
threshold=0.33196933062923856 19.405622188907028 14.084603897263749 0.51231146374630632 0.12701734460406025 2.1957530110860706 0.68111074581107045 0.49197952650423782 0.66371725152329397 0.41844511694005632 4.0076863768286719 0.54422723510763715 0.27216780343487196 0.48300573532342805
decision_type=2 2 2 2 2 2 2 2 2 2 2 2 2 2
left_child=2 3 4 8 -1 7 13 -3 11 -9 -10 12 -2 -6
right_child=1 5 -4 -5 6 -7 -8 9 10 -11 -12 -13 -14 -15
leaf_value=-0.057586943013111548 0.012991937948552069 -0.063927160086851023 -0.059784471117594322 0.058075554579427001 -0.048778102814638215 0.083193406982817311 0.047660214078455422 -0.033068493125536357 0.019169699000730116 0.055715322341143736 0.068921312134964441 0.029063358652087055 -0.037480928193875281 -0.0012691689228337976
leaf_weight=9.3720688950270397 6.577452011406427 7.4431577119976264 41.877326454035938 44.486778650432825 3.6005880972370568 1.4174371138215054 5.5567925907671443 3.8341666730120778 5.2629100754857046 2.3907861616462469 6.3746592067182064 6.1769143082201472 6.1242001317441463 14.378262610174714
leaf_count=420 64 368 3708 797 117 12 44 90 60 23 77 53 43 124
internal_value=-0.000998223 0.0311669 -0.0397454 0.0421219 -0.0142444 -0.0232995 0.00301499 -0.0343432 0.0188646 0.00103026 0.0464219 0.001877 -0.0113439 -0.0107837
internal_weight=164.874 90.0885 74.785 75.0029 32.9077 15.0855 23.5356 13.6681 30.5161 6.22495 11.6376 18.8786 12.7017 17.9789
internal_count=6000 1587 4413 1094 705 493 285 481 297 113 137 160 107 241
is_linear=0
shrinkage=0.06


Tree=49
num_leaves=15
num_cat=0
split_feature=1 4 4 1 2 0 1 1 0 2 0 1 0 0
split_gain=52.72 15.3062 9.72878 9.57766 4.9972 4.95156 3.52973 3.51841 2.72733 2.66333 2.56935 2.2299 2.09356 3.58984
threshold=0.414581040885942 19.056228285029661 16.366415233553059 0.12701734460406025 1.030461717784749 0.70795013454738964 0.53601624807887072 0.70218306656456553 0.66371725152329397 0.50812819503718398 0.63200490311008428 0.19332238593635967 0.63200490311008428 0.56566755904561072
decision_type=2 2 2 2 2 2 2 2 2 2 2 2 2 2
left_child=1 3 6 -1 8 7 9 -4 11 10 -2 -5 13 -13
right_child=2 -3 5 4 -6 -7 -8 -9 -10 -11 -12 12 -14 -15
leaf_value=-0.05794825560096635 -0.011131307177292578 -0.058701263001932832 -0.046588317559697945 -0.064020873600339992 0.056362483765202705 0.056710103283215636 0.060514465285500071 0.053027909639852877 0.016841656919644028 0.062887815454067783 0.044064804817367249 -0.019032662862369942 -0.051875138575419567 0.046563056210341146
leaf_weight=11.300066036172209 7.0448258407413977 39.764063861221075 7.8579482017084938 3.172152919694784 5.7483570463955393 3.133113980293273 37.260447803884745 1.5239464975893495 13.594459298998116 5.4827209524810305 5.3353980481624603 10.012360778637232 3.3776386762037864 4.2905793804675332
leaf_count=609 50 3638 241 136 63 43 728 17 92 102 61 166 23 31
internal_value=-0.000984744 -0.0307382 0.0391594 -0.0091455 0.00457429 -0.00859749 0.050002 -0.0304072 -0.00406784 0.0280738 0.0126561 -0.0176993 -0.00938854 0.000644665
internal_weight=158.898 91.2597 67.6384 51.4956 40.1955 12.515 55.1234 9.38189 34.4472 17.8629 12.3802 20.8527 17.6806 14.3029
internal_count=6000 4758 1242 1120 511 301 941 258 448 213 111 356 220 197
is_linear=0
shrinkage=0.06


Tree=50
num_leaves=15
num_cat=0
split_feature=4 2 3 0 2 5 0 3 4 3 3 3 0 0
split_gain=44.2071 12.7656 8.14889 8.46307 5.4342 4.66973 4.54697 3.15195 2.20192 4.84432 3.24652 2.77125 2.12936 1.77386
threshold=20.812404338645603 1.2006095092200633 0.038332863274977945 0.24705499284442581 4.8405357664525512 1.0000000180025095e-35 0.6815983295585103 0.68606275104721115 6.0698155640957774 0.21293481441733575 0.32409396523737449 0.21507471603354145 0.83898500475210402 0.44466701196208386
decision_type=2 2 2 2 2 2 2 2 2 2 2 2 2 2
left_child=1 2 -1 -4 12 6 7 8 11 -10 -11 -5 -2 -12
right_child=4 -3 3 5 -6 -7 -8 -9 9 10 13 -13 -14 -15
leaf_value=-0.067554647236632764 -0.056770108856293945 0.059465843231173633 -0.045588275395345004 0.054125494504264494 0.08361503214872805 -0.048334622403302205 0.041101573333222556 0.046319435457468132 -0.087132279332020945 0.054557687039519874 -0.065517857987685169 0.0018294550472097854 0.021252844205393296 -0.0017691303225187993
leaf_weight=4.7220040876418343 42.32627475913614 22.935795933939517 7.8678023610264054 4.9761609751731184 1.0510349068790663 3.4395979503169647 29.608368258923292 7.1008164864033452 2.7467770576477042 3.0546921845525494 2.0944259921088797 13.666089042089878 1.2978478725999583 6.2920518172904849
leaf_count=156 3748 485 348 54 10 84 450 92 81 63 89 204 34 102
internal_value=-0.000967914 0.0197147 0.00905985 0.0135347 -0.0512008 0.0199087 0.0232841 0.0100727 0.00223297 -0.0155787 0.00159976 0.0157888 -0.0544489 -0.0176896
internal_weight=153.18 108.505 85.5688 80.8468 44.6752 72.979 69.5394 39.931 32.8302 14.1879 11.4412 18.6423 43.6241 8.38648
internal_count=6000 2208 1723 1567 3792 1219 1135 685 593 335 254 258 3782 191
is_linear=0
shrinkage=0.06


Tree=51
num_leaves=15
num_cat=0
split_feature=1 4 3 4 1 1 2 3 4 1 3 4 3 4
split_gain=47.2598 13.2052 9.85026 8.22476 6.38698 5.37254 4.24121 3.24487 2.19455 1.98302 1.63041 2.17198 1.61014 1.12691
threshold=0.32036338381856178 32.278868064361241 1.0000000180025095e-35 14.084603897263749 0.55791070399666443 0.12701734460406025 2.1799019657805832 0.68111074581107045 2.1738725528603458 0.27040911933041695 0.78303245899936946 19.056228285029661 0.22788199898482811 8.5177818880699085
decision_type=2 2 2 2 2 2 2 2 2 2 2 2 2 2
left_child=3 2 -2 5 6 -1 10 8 -7 -10 11 -4 13 -6
right_child=1 -3 4 -5 12 7 -8 -9 9 -11 -12 -13 -14 -15
leaf_value=-0.056810910041064179 -0.069185663707781245 -0.061315275796026247 0.014720470500914124 -0.059492002557760937 0.049993083587592489 0.036745632116388198 0.0680796194774035 0.042273803952126966 -0.045204750738051552 0.001327465472223722 0.05022345046744011 -0.034839398215457167 0.062505300863360092 -0.00078689895074719849
leaf_weight=8.4124707896262425 3.1482425313442937 5.5041026547551146 24.860401681624356 34.841086038388312 3.9534736648201934 2.6345078339800265 6.0373992994427672 4.9754794575273982 6.9788306634873134 6.2494891490787268 3.7977892234921447 3.650959792546927 30.851433532312512 2.6131891049444675
leaf_count=420 48 391 213 3652 69 30 118 42 155 45 46 96 650 25
internal_value=-0.000953051 0.0285392 0.0348064 -0.039798 0.0391276 -0.0163401 0.0219191 -1.97812e-06 -0.0132621 -0.0232214 0.0132934 0.00837419 0.0567631 0.0297853
internal_weight=148.509 84.417 78.9129 64.0919 75.7646 29.2508 38.3465 20.8383 15.8628 13.2283 32.3092 28.5114 37.4181 6.56666
internal_count=6000 1656 1265 4344 1217 692 473 272 230 200 355 309 744 94
is_linear=0
shrinkage=0.06


Tree=52
num_leaves=15
num_cat=0
split_feature=1 1 0 0 2 3 3 2 1 0 1 0 3 3
split_gain=43.5507 9.77814 8.54533 7.41739 6.89508 6.58685 4.75088 3.14918 3.00032 2.93671 2.91371 2.75624 2.64848 4.93941
threshold=0.34141116148336031 0.55791070399666443 0.53138136493111554 0.24705499284442581 1.030461717784749 1.0000000180025095e-35 0.7682845960942718 2.1799019657805832 0.30430499356340585 0.66371725152329397 0.18027429756690996 0.34946794998679082 0.54810215952864072 0.35310485356192617
decision_type=2 2 2 2 2 2 2 2 2 2 2 2 2 2
left_child=2 3 8 -2 6 -5 10 9 -1 12 -4 -10 13 -7
right_child=1 -3 4 5 -6 7 -8 -9 11 -11 -12 -13 -14 -15
leaf_value=-0.060374041645118087 -0.063967794115146456 0.052247822057976262 -0.056750197883236528 -0.067030765635883588 0.073902071911155207 0.012690233152833833 0.061805195462396566 0.067754975337635928 -0.065708927949788554 0.045442609292205345 -0.013322473075494142 0.043159510808683001 0.036060644653011543 -0.072745997331781651
leaf_weight=34.455689466558397 4.4205992771312586 36.884403960779309 8.9089386025443762 2.9655362078919998 3.0297004003077737 7.9860087903216534 2.2384337596595278 5.5006161108613005 1.4244522759690874 9.122901786118744 14.803553122095762 2.0305769480764866 5.9079760182648888 3.5053942408412695
leaf_count=3540 206 805 498 82 34 116 18 115 96 111 243 30 59 47
internal_value=-0.000939522 0.0300448 -0.0362789 0.00926414 -0.0117512 0.0185166 -0.0217509 0.0264389 -0.055029 0.0178701 -0.0296386 -0.00172517 0.00341313 -0.0133717
internal_weight=143.185 76.2934 66.8913 39.409 28.9806 34.9884 25.9509 32.0229 37.9107 26.5223 23.7125 3.45503 17.3994 11.4914
internal_count=6000 1541 4459 736 793 530 759 448 3666 333 741 126 222 163
is_linear=0
shrinkage=0.06


Tree=53
num_leaves=15
num_cat=0
split_feature=4 2 3 0 2 5 0 3 0 0 3 4 3 3
split_gain=36.1261 11.0439 6.76641 7.0252 4.6705 3.95141 3.97155 2.50622 2.24399 2.03497 3.11583 1.86801 4.50646 2.95367
threshold=20.812404338645603 1.2006095092200633 0.038332863274977945 0.24705499284442581 4.8405357664525512 1.0000000180025095e-35 0.6815983295585103 0.68606275104721115 0.30344907067566368 0.56050711739450465 0.41844511694005632 6.0698155640957774 0.21293481441733575 0.32409396523737449
decision_type=2 2 2 2 2 2 2 2 2 2 2 2 2 2
left_child=1 2 -1 -4 9 6 7 11 -3 -2 -11 -5 -13 -14
right_child=4 8 3 5 -6 -7 -8 -9 -10 10 -12 12 13 -15
leaf_value=-0.066574096319820253 -0.060930044550536834 -0.011545443465920971 -0.044199403826676968 0.014492951127603996 0.077089175083645947 -0.046937198407436445 0.038865368335585515 0.042554317299291947 0.063895297625988959 -0.053512823035433768 0.025220683870684848 -0.08638273320381254 0.052987132009846213 -0.017323119713316768
leaf_weight=4.1335719795897594 29.498125921469182 1.5378931872546697 7.177092586643993 17.798403544351462 1.0106458924710739 3.1951785413548341 27.25197939760983 6.5525748198851934 18.425501648336649 5.3682487052865309 2.7295584650710225 2.5823279735632232 2.9543612031266075 7.9094206113368273
leaf_count=156 3353 18 348 258 10 84 450 92 467 375 54 81 63 191
internal_value=-0.000928652 0.0181833 0.00817076 0.0122673 -0.0501946 0.0182057 0.0214055 0.00881683 0.0580837 -0.0536162 -0.0269738 0.00174143 -0.0151376 0.00179747
internal_weight=138.125 99.5183 79.5549 75.4213 38.6066 68.2442 65.0491 37.7971 19.9634 37.5959 8.09781 31.2445 13.4461 10.8638
internal_count=6000 2208 1723 1567 3792 1219 1135 685 485 3782 429 593 335 254
is_linear=0
shrinkage=0.06


Tree=54
num_leaves=15
num_cat=0
split_feature=1 1 0 2 3 0 3 3 3 2 2 3 3 3
split_gain=38.8884 13.5087 9.38307 7.89364 4.69415 4.56364 3.93657 3.79456 3.07905 3.06437 2.68966 1.88198 1.59504 1.21925
threshold=0.48492186723226655 0.17799017026764055 0.32582441188398686 0.50812819503718398 0.83836259226989551 0.50268236449482606 0.54810215952864072 0.041545518139125957 0.11063909986469254 6.1451470140101874 0.88552444038301392 0.16908880812455077 0.25132606848889949 0.72001019293416058
decision_type=2 2 2 2 2 2 2 2 2 2 2 2 2 2
left_child=1 9 -3 4 7 6 10 -4 -9 13 12 -10 -2 -1
right_child=5 2 3 -5 -6 -7 -8 8 11 -11 -12 -13 -14 -15
leaf_value=-0.060279020830640295 -0.053119528129341412 -0.057775631082855383 -0.063906239915494517 0.060257841027501508 0.075166020885393883 0.056921045377709326 0.066071273144920742 0.061957234420739971 -0.064348810433304579 0.088876009705626882 0.051171127595092882 -0.0051822023141933887 0.0033114872744158851 -0.01141814680483789
leaf_weight=29.807819749694321 3.443080483004449 10.394746340811251 4.3405434084124854 7.8207976883277288 2.4119411166757336 31.66325609292835 3.8796884091570965 2.3525511547923115 2.0833305912092355 0.52507041394710441 2.28033965267241 27.25083040446043 3.7858950654044747 1.959395256359129
leaf_count=3140 68 890 255 131 20 782 62 39 46 3 31 391 69 73
internal_value=-0.000913687 -0.0239177 -0.00626447 0.00531023 -0.00586936 0.0445032 0.0151367 -0.0112945 -0.00408757 -0.054889 -0.00564397 -0.00938425 -0.023566 -0.0572653
internal_weight=133.999 88.947 56.6547 46.26 38.4392 45.0523 13.389 36.0273 31.6867 32.2923 9.50932 29.3342 7.22898 31.7672
internal_count=6000 4988 1772 882 751 1012 230 731 476 3216 168 437 137 3213
is_linear=0
shrinkage=0.06


Tree=55
num_leaves=15
num_cat=0
split_feature=1 4 1 4 1 2 0 0 4 1 4 0 0 1
split_gain=35.9073 10.7339 7.44573 7.28864 4.5513 4.2616 3.66589 2.54729 2.36795 2.26957 2.07567 1.65914 1.41833 1.39978
threshold=0.32036338381856178 32.278868064361241 0.53601624807887072 14.084603897263749 0.12701734460406025 2.1799019657805832 0.35833023175566298 0.58469626549424725 12.607227119662628 0.65592328732954164 9.8261878515677061 0.70795013454738964 0.70202300620388602 0.30180092396238895
decision_type=2 2 2 2 2 2 2 2 2 2 2 2 2 2
left_child=3 2 5 4 -1 6 10 13 -4 -10 -2 -8 -9 -6
right_child=1 -3 8 -5 7 -7 11 12 9 -11 -12 -13 -14 -15
leaf_value=-0.056187497164945352 0.010358677978839425 -0.061250138129140493 0.060990254828506583 -0.059176023362846032 -0.047024581453158638 0.067099087979531236 0.0042755284289347755 0.036010306183238527 -0.0034449432987894422 0.061497946915475707 -0.068610993050607721 0.037132644407066463 -0.0035507402710880311 0.018028639397080746
leaf_weight=7.2019865000620511 1.8546366915106798 4.7329153027385464 26.037355883046985 28.006221971008927 4.8987286826595691 4.579473376274108 18.058630244806412 6.0814188877120596 4.6493742894381276 3.3209790792316198 3.3855301267467439 7.9762445809319606 7.0381391700357199 1.573159474879503
leaf_count=420 18 391 675 3652 150 106 157 56 55 56 104 94 53 13
internal_value=-0.000896554 0.026194 0.032118 -0.0377731 -0.0154014 0.0130414 0.00512601 -0.000408116 0.0522306 0.0236146 -0.0406615 0.0143419 0.0147873 -0.0312117
internal_weight=129.395 74.5951 69.8622 54.7997 26.7934 35.8545 31.275 19.5914 34.0077 7.97035 5.24017 26.0349 13.1196 6.47189
internal_count=6000 1656 1265 4344 692 479 373 272 786 111 122 251 109 163
is_linear=0
shrinkage=0.06


Tree=56
num_leaves=15
num_cat=0
split_feature=1 4 1 4 2 3 3 3 3 2 1 4 1 1
split_gain=33.1735 13.574 7.64832 6.0949 4.8799 3.43028 2.19912 2.36774 2.45257 2.14751 2.02109 1.75925 2.11457 3.96455
threshold=0.48492186723226655 19.056228285029661 0.12701734460406025 12.607227119662628 2.1799019657805832 0.17440780630199523 0.77692576249887391 0.041545518139125957 0.11536116210258204 6.2985444992785284 0.18983069382395951 3.4625904132490302 0.35486482448452922 0.30430499356340585
decision_type=2 2 2 2 2 2 2 2 2 2 2 2 2 2
left_child=1 2 -1 -2 6 -5 7 -4 -9 -3 -10 -12 13 -13
right_child=3 9 4 5 -6 -7 -8 8 10 -11 11 12 -14 -15
leaf_value=-0.056684736271468673 0.056702600741399323 -0.057005611738284355 -0.061336833245597584 -0.062079617954149346 0.064040722270237854 0.021417777109450146 0.040335432366572048 0.056016018790111054 -0.049565559628929265 0.088803689257158411 -0.022671269434054651 -0.0081205100376036711 -0.013658433869272801 0.064950286183801872
leaf_weight=8.5569901531562191 30.527460804209113 29.409534689038995 2.5957167851738623 2.2104329280555239 4.5594197046011677 8.9154389225877804 4.0808585295453659 2.4442252456210545 3.4703741264529553 0.3681885302066793 9.1010379269719142 5.5676762890070695 8.1060822326689941 5.1415113219991326
leaf_count=609 769 3752 67 61 89 182 41 27 119 2 73 101 68 40
internal_value=-0.000881093 -0.0227202 -0.00468234 0.0428468 0.00519151 0.00482893 -0.00143241 -0.00611164 -0.00187442 -0.0552027 -0.00638262 -0.0010144 0.00946114 0.026961
internal_weight=125.055 83.4016 53.6239 41.6533 45.0669 11.1259 40.5075 36.4266 33.8309 29.7777 31.3867 27.9163 18.8153 10.7092
internal_count=6000 4988 1234 1012 625 243 536 495 428 3754 401 282 209 141
is_linear=0
shrinkage=0.06


Tree=57
num_leaves=15
num_cat=0
split_feature=1 4 4 3 0 1 1 2 3 4 3 0 0 3
split_gain=30.5736 8.47685 7.86504 6.79643 5.55454 5.16649 3.91045 2.99902 2.92306 2.8399 3.22135 1.98782 1.80524 1.77297
threshold=0.34141116148336031 32.278868064361241 19.056228285029661 1.0000000180025095e-35 0.18980775822945142 0.12701734460406025 0.62025489969500913 2.1799019657805832 0.68111074581107045 2.474746022830518 0.22476662508750828 0.6986355898912916 0.34946794998679082 0.55173870711024209
decision_type=2 2 2 2 2 2 2 2 2 2 2 2 2 2
left_child=2 3 5 -2 -5 -1 7 9 12 -6 -11 13 -7 -12
right_child=1 -3 -4 4 6 8 -8 -9 -10 10 11 -13 -14 -15
leaf_value=-0.05623445198049129 -0.067764853123423063 -0.061157803889814844 -0.060483150655089753 -0.048155885296090641 0.061658588397296578 -0.064500501627408877 0.059742205367992601 0.06618653779012415 0.040251289969327281 -0.030546643942899004 -0.0095462187457386084 0.05248443712014525 -0.0052067513571680667 0.036164869534318661
leaf_weight=8.1212658211588842 2.3496893742121747 3.7028668890707186 22.884613365866244 2.6777840522117904 4.7426591310650137 2.062301707454032 22.429226089268923 5.952923856675624 4.9308918090537182 5.2711538765579489 7.3351862477138656 5.5940762441605321 17.83062710147351 5.2344925561919808
leaf_count=609 40 327 3442 64 61 133 608 167 50 54 68 97 225 55
internal_value=-0.000863456 0.0270122 -0.0334627 0.0323134 0.036283 -0.0146935 0.0402807 0.0274914 -0.00110315 0.0193165 0.0107475 0.0227312 -0.0113537 0.00948962
internal_weight=121.12 65.2901 55.8297 61.5872 59.2375 32.9451 56.5597 34.1305 24.8238 28.1776 23.4349 18.1638 19.8929 12.5697
internal_count=6000 1541 4459 1214 1174 1017 1110 502 408 335 274 220 358 123
is_linear=0
shrinkage=0.06


Tree=58
num_leaves=15
num_cat=0
split_feature=1 4 1 4 2 3 2 3 4 1 3 4 3 4
split_gain=28.2671 12.3388 6.63903 5.69462 4.4279 2.96852 1.89733 1.80166 1.85056 2.87893 1.71498 1.67463 3.04098 1.6279
threshold=0.48492186723226655 19.056228285029661 0.12701734460406025 12.607227119662628 2.1799019657805832 0.17440780630199523 6.2985444992785284 0.77692576249887391 1.4330188123616925 0.18983069382395951 0.10126720710568907 3.4625904132490302 0.18512257937142981 22.387281066057895
decision_type=2 2 2 2 2 2 2 2 2 2 2 2 2 2
left_child=1 2 -1 10 7 -5 -3 8 -4 -10 -2 -11 -13 -7
right_child=3 6 4 5 -6 13 -8 -9 9 11 -12 12 -14 -15
leaf_value=-0.055767896462096157 0.0065356792098342333 -0.056490638977152438 0.037805456405647989 -0.060060787553290917 0.063241915900123138 0.038967279555442914 0.085049042795467156 0.037073082407390386 -0.064832594157956919 -0.028346686635177622 0.060028276856253331 -0.037833126753427621 0.016166459127070348 -0.015568874547716239
leaf_weight=7.7103902543894938 2.3570698387920883 26.358474230859432 3.1890248227864495 2.0942828292027107 4.1925887018442145 5.5470029152929765 0.34541590511798759 3.9110334143042556 3.126145409885793 7.6915861228480962 25.497287999838591 4.8210722384974387 16.967960868030787 3.0560026774182916
leaf_count=609 31 3752 30 61 89 94 2 41 134 64 738 79 188 88
internal_value=-0.000846764 -0.0215506 -0.00441931 0.041211 0.00459943 0.00399997 -0.0546598 -0.00159254 -0.00581714 -0.0100835 0.0555017 -0.00427791 0.00421843 0.0195947
internal_weight=116.865 78.3137 51.6098 38.5516 43.8994 10.6973 26.7039 39.7068 35.7958 32.6068 27.8544 29.4806 21.789 8.60301
internal_count=6000 4988 1234 1012 625 243 3754 536 495 465 769 331 267 182
is_linear=0
shrinkage=0.06


Tree=59
num_leaves=15
num_cat=0
split_feature=1 1 0 3 3 2 3 2 1 0 3 3 0 0
split_gain=26.138 10.5267 7.24588 5.84075 3.89327 3.88288 3.18977 2.90088 2.84081 2.79113 2.78641 2.57104 2.5654 2.4656
threshold=0.23916141269496941 0.55791070399666443 0.24705499284442581 1.0000000180025095e-35 0.60712979501767994 2.1799019657805832 0.83836259226989551 6.1451470140101874 0.12701734460406025 0.71764052866000716 0.31207945000186255 0.22788199898482811 0.6492885042010127 0.6815983295585103
decision_type=2 2 2 2 2 2 2 2 2 2 2 2 2 2
left_child=4 2 -2 -4 7 6 9 -1 -6 -5 -11 12 -3 -10
right_child=1 11 3 5 8 -7 -8 -9 13 10 -12 -13 -14 -15
leaf_value=-0.057784651358911851 -0.062959816403817828 -0.02144969900179005 -0.064733486036003166 -0.0056685069270525391 -0.061987527396028405 0.066183786459497254 0.07320198934707782 0.093575503635076857 -0.015025046536799197 -0.011468669928195153 0.056564568198703563 0.056784024934158871 0.060789993410109121 0.076966548638632268
leaf_weight=26.700316359754655 5.5453111683018497 3.4023203602992025 3.5156838931143275 25.900576086714864 1.9861049042083312 4.8644341868348411 2.614314390346407 0.46375450491905112 2.4186821491457522 3.3605508590117079 6.1032301764935255 22.201124541461468 2.2809683000668883 1.8520416244864462
leaf_count=3534 473 63 184 448 178 132 35 3 86 27 81 682 60 14
internal_value=-0.000826414 0.0178324 0.00185869 0.0096121 -0.0453723 0.0157129 0.00924837 -0.0552006 -0.00270253 0.0045206 0.0324062 0.047566 0.0115569 0.024868
internal_weight=113.209 79.7885 51.9041 46.3588 33.4209 42.8431 37.9787 27.1641 6.25683 35.3644 9.46378 27.8844 5.68329 4.27072
internal_count=6000 2185 1380 907 3815 723 591 3537 278 556 108 805 123 100
is_linear=0
shrinkage=0.06


Tree=60
num_leaves=15
num_cat=0
split_feature=1 1 0 3 3 2 2 1 3 0 0 3 0 3
split_gain=24.1725 9.79273 5.94664 5.12891 3.75532 3.71569 2.70083 2.63043 2.62714 2.65421 2.43029 2.8606 2.17701 1.62426
threshold=0.23916141269496941 0.53601624807887072 0.24705499284442581 1.0000000180025095e-35 0.60712979501767994 2.1799019657805832 6.1451470140101874 0.12701734460406025 0.42977292799977268 0.47890375695411425 0.71764052866000716 0.31207945000186255 0.6815983295585103 0.27216780343487196
decision_type=2 2 2 2 2 2 2 2 2 2 2 2 2 2
left_child=4 2 -2 -4 6 10 -1 -6 9 -3 13 -12 -9 -5
right_child=1 8 3 5 7 -7 -8 12 -10 -11 11 -13 -14 -15
leaf_value=-0.057448076783175789 -0.062127173148569199 -0.011442844123041543 -0.064499417673577711 0.021343597529063132 -0.061875671968620809 0.066007028823097044 0.091234376016400776 -0.014179319774572333 0.062005808684962083 0.045203069495110458 -0.012437276430719506 0.056212892199118507 0.072325468231679194 -0.011248116715509812
leaf_weight=25.288333923090256 4.8409216329455367 4.5692197168245938 3.26175653329119 7.7261201706714955 1.8737219376489509 4.3643136583268634 0.44760993123054404 2.4094617995433509 15.412189301103352 8.5500659216195327 3.2972237495705468 6.4786021988838911 1.8526055496186016 19.1468774266541
leaf_count=3534 464 83 181 170 178 120 3 86 541 227 25 88 14 286
internal_value=-0.000808447 0.0172511 0.00101089 0.00791427 -0.0448059 0.0136733 -0.0548621 -0.00262587 0.045208 0.0254743 0.00744115 0.0330583 0.023422 -0.00187784
internal_weight=109.519 77.6473 49.1158 44.2749 31.8717 41.0131 25.7359 6.13579 28.5315 13.1193 36.6488 9.77583 4.26207 26.873
internal_count=6000 2185 1334 870 3815 689 3537 278 851 310 569 113 100 456
is_linear=0
shrinkage=0.06


Tree=61
num_leaves=15
num_cat=0
split_feature=1 4 1 2 0 4 0 0 1 4 4 0 4 4
split_gain=22.3373 9.92266 7.565 5.2408 4.1587 4.00197 2.93619 1.93651 1.64967 3.00033 1.6535 1.86397 2.8334 1.4957
threshold=0.23916141269496941 32.278868064361241 0.64929526110382751 2.1799019657805832 0.32582441188398686 3.8667780516297214 0.86662995840781198 0.56989267748892036 0.48492186723226655 6.0698155640957774 3.1378162979648043 0.56566755904561072 4.7649637197871639 9.8261878515677061
decision_type=2 2 2 2 2 2 2 2 2 2 2 2 2 2
left_child=5 2 3 4 13 7 8 -1 10 -10 -6 12 -12 -2
right_child=1 -3 -4 -5 6 -7 -8 -9 9 -11 11 -13 -14 -15
leaf_value=-0.06144859071557407 0.00069347855790928526 -0.060857880123761178 0.058890599911058029 0.063434798143290158 -0.024331894320903342 -0.055048886916362887 0.067963899396790525 0.018496695675428304 0.062640653143482772 -0.003274206615118536 0.036622880892841513 0.022904807463250468 -0.04062942308597229 -0.058134095826132388
leaf_weight=1.4297820287756646 2.3726124465465537 5.511885337997227 16.073006583377719 6.3034345866180947 7.2380557172000435 24.379464126192033 3.1692343084141603 4.6004333109594882 4.8421415761113149 5.1091028694063425 2.5832777544856098 12.919263513758777 5.0512268524616957 4.5201109275221825
leaf_count=91 27 702 533 207 51 3641 60 83 107 79 16 127 95 181
internal_value=-0.000790118 0.0166592 0.0227472 0.0120108 0.00523019 -0.0442237 0.012494 -0.00045857 0.00783622 0.0287991 0.000330179 0.00901498 -0.0144897 -0.0378845
internal_weight=106.103 75.6934 70.1815 54.1085 47.805 30.4097 40.9123 6.03022 37.7431 9.95124 27.7918 20.5538 7.6345 6.89272
internal_count=6000 2185 1483 950 743 3815 535 174 475 186 289 238 111 208
is_linear=0
shrinkage=0.06


Tree=62
num_leaves=15
num_cat=0
split_feature=1 1 0 0 3 2 3 1 2 5 1 0 3 0
split_gain=20.5854 6.31345 6.2523 4.85087 4.73119 4.60163 3.17437 2.8784 2.25986 2.10043 2.33175 1.97734 1.93911 2.26165
threshold=0.34141116148336031 0.64929526110382751 0.53138136493111554 0.3898861784074536 1.0000000180025095e-35 1.030461717784749 0.7682845960942718 0.30430499356340585 0.88552444038301392 1.0000000180025095e-35 0.18027429756690996 0.34946794998679082 0.54090573768349981 0.66371725152329397
decision_type=2 2 2 2 2 2 2 2 2 2 2 2 2 2
left_child=2 3 7 -2 -5 6 9 -1 12 10 -4 -9 13 -6
right_child=1 -3 5 4 8 -7 -8 11 -10 -11 -12 -13 -14 -15
leaf_value=-0.05983681287901732 -0.027832008885628891 0.056316555870396273 -0.052478813334284391 -0.066002657864026468 -0.0092377356501794645 0.071353938460757604 0.058895194267686697 -0.066381400911858152 0.061521292780431711 -0.09215956039968512 -0.0045821122177456229 0.039697806190501735 0.045321454556323512 0.037274229168850627
leaf_weight=20.577644605655227 8.8881822912953776 15.540820116177199 5.1469795140437915 2.040017195511612 9.9624990876764148 2.3551335483789435 1.810719409957527 0.94700995320454184 5.9477928504347792 1.5087989456951607 12.657645887695251 1.9053392158821223 7.4890526682138434 6.0485055726021519
leaf_count=3540 349 552 435 77 116 34 18 96 222 87 219 30 140 85
internal_value=-0.000768835 0.0238199 -0.0300792 0.0113119 0.0223612 -0.00819726 -0.0170664 -0.0520071 0.0284827 -0.0241882 -0.0184281 0.00447839 0.0201207 0.00833317
internal_weight=102.826 55.9169 46.9093 40.376 31.4879 23.4793 21.1241 23.43 29.4479 19.3134 17.8046 2.85235 23.5001 16.011
internal_count=6000 1541 4459 989 640 793 759 3666 563 741 654 126 341 201
is_linear=0
shrinkage=0.06


Tree=63
num_leaves=15
num_cat=0
split_feature=4 1 1 2 0 4 3 4 3 1 3 1 1 3
split_gain=19.6614 12.5535 5.2129 3.70664 2.70797 2.67341 2.38592 2.19257 2.91233 2.69275 4.7725 3.58496 2.12771 1.77942
threshold=22.387281066057895 0.48492186723226655 0.12701734460406025 0.50812819503718398 0.50268236449482606 1.114990165321063 0.33879388337453958 3.1378162979648043 0.18512257937142981 0.27040911933041695 0.68111074581107045 0.36014394337405464 0.62664115606000326 0.86307351809613209
decision_type=2 2 2 2 2 2 2 2 2 2 2 2 2 2
left_child=1 2 -1 5 6 -4 -3 -7 -9 10 -10 -11 13 -2
right_child=12 4 3 -5 -6 7 -8 8 9 11 -12 -13 -14 -15
leaf_value=-0.054967275325422317 -0.057487510002686287 -0.01757329609811446 0.057138090871891534 0.045385104751036881 0.057951207339079006 -0.036662819610502752 0.044277647929024708 -0.041867029865862659 -0.067373950631234983 0.05097545182520398 0.055979852381803218 -0.0074567946609098469 0.015626613312781541 0.063428339369684325
leaf_weight=6.4887254345230749 20.627618813421584 3.8522473461926001 2.3518703356385222 6.2655913741327813 19.396347248926759 7.8930772030726066 5.3822657745331526 4.9154292028397348 3.5143446507863727 7.7261208454146963 1.6636407268233595 7.4005254413932562 1.660373993217944 0.44765067100524802
leaf_count=716 3625 40 21 135 753 75 86 150 184 79 16 73 39 8
internal_value=-0.000752283 0.0137485 -0.00493755 0.00284162 0.045219 -0.00467453 0.0184761 -0.00906479 -0.000427479 0.00960438 -0.0277415 0.0223882 -0.0497673 -0.0549192
internal_weight=99.5858 76.8502 48.2193 41.7306 28.6309 35.465 9.23451 33.1131 25.2201 20.3046 5.17799 15.1266 22.7356 21.0753
internal_count=6000 2328 1449 733 879 598 126 577 502 352 200 152 3672 3633
is_linear=0
shrinkage=0.06


Tree=64
num_leaves=15
num_cat=0
split_feature=4 1 1 0 2 0 3 2 4 1 4 4 1 3
split_gain=18.1822 11.613 4.86676 3.60441 4.79888 2.70756 2.17491 2.07137 1.4786 3.76051 1.91077 3.22434 1.91868 1.9552
threshold=22.387281066057895 0.48492186723226655 0.12701734460406025 0.32582441188398686 0.50812819503718398 0.50268236449482606 0.25132606848889949 4.8405357664525512 11.544842585070203 0.33710715819359333 1.9099622709631479 3.1378162979648043 0.38315142540784325 0.35083648341979595
decision_type=2 2 2 2 2 2 2 2 2 2 2 2 2 2
left_child=1 2 -1 -4 8 6 -3 -2 10 -10 -5 -12 13 -13
right_child=7 5 3 4 -6 -7 -8 -9 9 -11 11 12 -14 -15
leaf_value=-0.054449238737656239 -0.052204012100105703 -0.025789202006558924 -0.051635964203597839 0.025969183204318423 0.06093981504896763 0.057498787710900522 0.037309815313975911 0.062156911308940618 -0.034519153506085663 0.074233052627520182 -0.059728231325755818 -0.019008371572866591 -0.03572771765264518 0.028847681135420251
leaf_weight=6.1672508572228244 21.106676973868165 2.8628125376999396 3.9730280451476565 5.4622413320466938 5.3732093917205921 18.406214355491102 6.281224574893713 0.5860013784840693 1.9146584216505278 2.8462268570438027 4.3797266129404333 5.1153201158158499 4.5182981714606276 7.6993842218071222
leaf_count=716 3663 28 225 46 122 753 98 9 94 34 39 67 33 73
internal_value=-0.000736233 0.0132566 -0.0047338 0.00269334 0.00847884 0.0442412 0.0175548 -0.0491147 -0.000347718 0.0304968 -0.00575148 -0.0137314 -0.00210887 0.0097447
internal_weight=96.6923 74.9996 47.4493 41.2821 37.3091 27.5503 9.14404 21.6927 31.9359 4.76089 27.175 21.7127 17.333 12.8147
internal_count=6000 2328 1449 733 508 879 126 3672 386 128 258 212 173 140
is_linear=0
shrinkage=0.06


Tree=65
num_leaves=15
num_cat=0
split_feature=4 2 3 0 0 5 0 0 3 4 4 4 0 3
split_gain=16.7753 7.01243 3.89595 3.77067 2.61286 2.45729 2.60626 1.99925 2.05497 1.91383 2.26757 2.364 1.65351 1.40917
threshold=22.055011477407167 1.2006095092200633 0.038332863274977945 0.24705499284442581 0.26551659008999362 1.0000000180025095e-35 0.6815983295585103 0.56050711739450465 0.49942863008870875 1.4330188123616925 4.0076863768286719 2.474746022830518 0.53872868151059505 0.68606275104721115
decision_type=2 2 2 2 2 2 2 2 2 2 2 2 2 2
left_child=1 2 -1 -4 -3 6 13 -2 -9 -8 11 -11 -7 -5
right_child=7 4 3 5 -6 12 9 8 -10 10 -12 -13 -14 -15
leaf_value=-0.064710359617129842 -0.058883030791340246 -0.040333981616746083 -0.039874615200301916 -0.00083309690068177381 0.063347394629158657 0.01499888218785668 0.090401031111251653 -0.039682192340236289 0.041263280716000925 0.040107000578974636 0.044905147093074527 -0.028342975225938809 -0.085481359006805521 0.033891615381410986
leaf_weight=2.7773638321086755 15.515513368882241 0.95099690789356728 5.3690571484621605 25.677842447068546 10.952431263402103 0.97745941439643447 1.8810996916145111 4.0460801029112181 1.5661022569984195 3.2105878628790405 10.331499703228472 4.182713633403182 1.4857991840690372 5.0315369069576255
leaf_count=167 3275 17 392 619 473 56 51 389 32 65 253 82 34 95
internal_value=-0.000712069 0.0129432 0.00471369 0.00802967 0.055064 0.0129029 0.0157674 -0.0477826 -0.017094 0.0328578 0.0267509 0.00138186 -0.0456092 0.00485633
internal_weight=93.9561 72.8284 60.925 58.1476 11.9034 52.7785 50.3153 21.1277 5.61218 19.6059 17.7248 7.3933 2.46326 30.7094
internal_count=6000 2304 1814 1647 490 1255 1165 3696 421 451 400 147 90 714
is_linear=0
shrinkage=0.06


Tree=66
num_leaves=15
num_cat=0
split_feature=4 2 3 0 0 5 0 0 3 4 4 4 3 0
split_gain=15.4874 6.62674 3.62445 3.40824 2.45922 2.18986 2.39083 1.98995 1.87312 1.80463 2.01416 1.46125 1.37416 1.31357
threshold=22.055011477407167 1.2006095092200633 0.038332863274977945 0.24705499284442581 0.26551659008999362 1.0000000180025095e-35 0.66371725152329397 0.56050711739450465 0.44597001622574139 1.4330188123616925 10.877049570029447 3.3322968170970078 0.68111074581107045 0.62773278573506508
decision_type=2 2 2 2 2 2 2 2 2 2 2 2 2 2
left_child=1 2 -1 -4 -3 6 12 -2 -9 -8 -11 -7 13 -5
right_child=7 4 3 5 -6 11 9 8 -10 10 -12 -13 -14 -15
leaf_value=-0.064444031784933881 -0.058665566841613885 -0.038266612977494757 -0.038614587928117117 0.004675286751354423 0.062958400739329456 -0.08954867677355155 0.085114457285317413 -0.041784027196186527 0.03177393912218502 0.014754445392673251 0.063079492914534116 0.0031491253434585598 0.032552151537660529 -0.031065354263163546
leaf_weight=2.6261043793056151 14.664512721821668 0.94250176497734983 5.2163491148967287 19.45759813324549 10.376434238627551 1.2231339532881969 1.968228025361898 3.608451959444209 1.9037671796977518 15.013080771081151 3.9145197463221839 1.2256429661065338 4.9638056419789782 4.5717832315713158
leaf_count=167 3275 17 392 526 473 25 56 377 44 343 81 65 94 65
internal_value=-0.000689556 0.0124109 0.00448909 0.0076344 0.0545296 0.0122439 0.014963 -0.0471131 -0.0163792 0.0304348 0.0247488 -0.0431523 0.00381222 -0.00212466
internal_weight=91.6759 71.4992 60.1802 57.5541 11.3189 52.3378 49.889 20.1767 5.51222 20.8958 18.9276 2.44878 28.9932 24.0294
internal_count=6000 2304 1814 1647 490 1255 1165 3696 421 480 424 90 685 591
is_linear=0
shrinkage=0.06


Tree=67
num_leaves=15
num_cat=0
split_feature=4 2 3 0 0 2 3 4 0 0 3 5 0 4
split_gain=14.2909 6.28633 3.58593 3.13664 2.32812 2.03793 2.00634 1.81397 1.57983 1.5139 1.34694 1.21358 1.47289 0.959922
threshold=22.387281066057895 1.2006095092200633 0.038332863274977945 0.24705499284442581 0.26551659008999362 4.8405357664525512 0.83836259226989551 1.114990165321063 0.86662995840781198 0.83898500475210402 0.87459490920508498 1.0000000180025095e-35 0.53872868151059505 13.709232086553724
decision_type=2 2 2 2 2 2 2 2 2 2 2 2 2 2
left_child=1 2 -1 13 -3 9 7 -5 11 10 -2 -9 -13 -4
right_child=5 4 3 6 -6 -7 -8 8 -10 -11 -12 12 -14 -15
leaf_value=-0.064230121048527433 -0.056488015692085572 -0.03637416930081782 -0.015297455087955823 0.052476542975021245 0.062555192385367817 0.06389504963694688 0.060665451555244672 0.0053240459332173796 0.049192463393209047 0.030016901803633391 0.062999067547048759 0.01454416516062185 -0.08383685021170019 -0.067927038907887705
leaf_weight=2.6391732215415677 17.211395506514247 0.93805448152124782 2.951419291086494 3.2107466412708154 9.8332620272412878 0.57890005223452945 2.8481826409697524 40.99913400830701 2.8386143762618294 0.80499175470322271 0.34646947868168254 0.98408112395554725 1.2357970406301317 2.1611686106771231
leaf_count=172 3624 18 147 65 473 9 83 950 79 32 7 56 29 256
internal_value=-0.00066778 0.0117418 0.00414972 0.00730312 0.0539396 -0.046947 0.0117027 0.00887214 0.00583241 -0.0504413 -0.0541302 0.00298453 -0.0402241 -0.0375448
internal_weight=89.5814 70.6396 59.8683 57.2291 10.7713 18.9418 52.1166 49.2684 46.0576 18.3629 17.5579 43.219 2.21988 5.11259
internal_count=6000 2328 1837 1665 491 3672 1262 1179 1114 3663 3631 1035 85 403
is_linear=0
shrinkage=0.06


Tree=68
num_leaves=15
num_cat=0
split_feature=1 4 3 1 0 4 0 3 3 3 4 4 0 4
split_gain=15.3445 6.80031 6.08813 3.7802 3.35921 3.3195 1.74657 1.69225 4.58316 1.64374 1.29657 1.26307 2.5383 1.48797
threshold=0.414581040885942 20.085273514333519 0.43235330272828471 0.12945209946641592 0.63200490311008428 4.1244635755433867 0.33172805630729391 0.3458965018827207 0.28520960872064322 0.86307351809613209 5.925288155565446 10.877049570029447 0.57318388738070059 6.7524034627805385
decision_type=2 2 2 2 2 2 2 2 2 2 2 2 2 2
left_child=1 3 4 -1 5 -2 -5 8 10 -3 -7 13 -13 -8
right_child=2 9 -4 6 -6 7 11 -9 -10 -11 -12 12 -14 -15
leaf_value=-0.052889826088691035 0.043103837547576636 -0.060480333445335051 0.057107693414259697 -0.045505565449664304 0.039500984028112966 0.010877435740067892 0.006020774223586575 -0.074935703958269304 0.067462249640719021 0.059534936571999583 -0.05527215731113589 -0.02458466228794428 0.064274906334199897 -0.032625184833854126
leaf_weight=5.750446311896666 3.1508251344785121 13.914103648858141 15.789858832722528 2.756482154363769 7.5813260292634359 1.3840385489165763 18.793033883906908 2.131504766875878 1.8669852453749625 0.42332918941974718 4.652347436407581 1.8206429141573597 3.1762028210796416 4.4326018732972434
leaf_count=644 49 3573 700 170 233 13 199 45 42 8 160 59 42 63
internal_value=-0.000648661 -0.0218924 0.0290271 -0.00821279 0.00767646 -0.0106216 8.03489e-05 -0.0274907 -0.0146949 -0.0569367 -0.0401052 0.00453271 0.0318982 -0.00135479
internal_weight=87.6237 51.0668 36.5569 36.7294 20.767 13.1857 30.979 10.0349 7.90337 14.3374 6.03639 28.2225 4.99685 23.2256
internal_count=6000 4758 1242 1177 542 309 533 260 215 3581 173 363 101 262
is_linear=0
shrinkage=0.06


Tree=69
num_leaves=15
num_cat=0
split_feature=4 2 0 4 5 3 3 3 4 3 3 4 4 0
split_gain=12.59 6.89374 4.19912 5.02229 3.68775 2.99806 2.12458 2.10117 1.82069 2.03006 1.66293 1.83697 1.32211 1.81347
threshold=32.278868064361241 2.1672471829615545 0.53138136493111554 5.3453309554214679 1.0000000180025095e-35 1.0000000180025095e-35 0.10814392363185034 0.67201005481529597 4.6189508858867034 0.17440780630199523 0.54422723510763715 10.877049570029447 2.474746022830518 0.69023508334441097
decision_type=2 2 2 2 2 2 2 2 2 2 2 2 2 2
left_child=1 2 3 -1 5 -4 -7 8 12 -10 -5 -12 13 -8
right_child=-2 -3 4 10 -6 6 7 -9 9 -11 11 -13 -14 -15
leaf_value=0.021471835306618663 -0.060383627925908019 0.06013029378503823 -0.062931269674598167 -0.046987797151777956 -0.070930644882728572 0.071105805907588637 -0.01902837438679934 0.042803172827403972 -0.040413222577312856 0.030896294758919359 0.035891070830229181 -0.044591489106782629 -0.026537553480741372 0.050228630634408779
leaf_weight=7.9927757829427746 11.050517372321336 8.2048580581322295 1.6056779555510718 12.729962427169086 1.7795847035013128 2.7963580149225882 2.9213310489431041 8.4593240823596698 1.6189972388092417 12.798922193469478 2.112548050004988 1.9757854335475711 6.6845665387809277 2.5484271077439189
leaf_count=197 2904 407 142 1237 59 47 52 236 38 291 44 141 124 81
internal_value=-0.000633701 0.00826129 0.00181551 -0.0176863 0.0135559 0.0173687 0.0207772 0.0167597 0.00846877 0.0228889 -0.0362959 -0.00300406 -0.00863694 0.0132393
internal_weight=85.2796 74.2291 66.0243 24.8111 41.2132 39.4336 37.8279 35.0316 26.5722 14.4179 16.8183 4.08833 12.1543 5.46976
internal_count=6000 3096 2689 1619 1070 1011 869 822 586 329 1422 185 257 133
is_linear=0
shrinkage=0.06


Tree=70
num_leaves=15
num_cat=0
split_feature=1 4 0 1 4 1 2 2 2 1 1 0 0 0
split_gain=13.7241 6.12792 3.83215 3.46939 2.99683 2.06729 1.77132 1.70046 1.53041 1.13263 2.64781 1.4815 1.22124 2.16809
threshold=0.414581040885942 20.085273514333519 0.63200490311008428 0.12945209946641592 16.366415233553059 0.55791070399666443 0.34001754330411005 3.3339832602670803 1.030461717784749 0.37745271677012154 0.34141116148336031 0.75660049437690347 0.70202300620388602 0.6815983295585103
decision_type=2 2 2 2 2 2 2 2 2 2 2 2 2 2
left_child=1 3 4 7 5 -2 -6 -1 9 10 11 12 13 -5
right_child=2 -3 -4 8 6 -7 -8 -9 -10 -11 -12 -13 -14 -15
leaf_value=-0.061182508305055977 0.0016285264547496083 -0.056704814217959539 0.050692537691040249 -0.01778400463733892 -0.049352536174256535 0.046602261675473183 0.044923376192176095 0.076216761605354053 0.040074892485555381 -0.031644091934637943 0.047392339881879839 0.026419563445946335 -0.053127344232558209 0.058583470187759869
leaf_weight=5.1114078934770069 7.4666287209838647 12.847784059820695 15.292654647026209 11.227974691893918 3.7726897855754933 7.2543712053447962 0.88594393944367755 0.34622972458600987 3.0130335800349703 4.7414565701037636 3.6524633602239183 3.5754084801301351 2.696281846612691 1.5194437280297268
leaf_count=641 92 3581 694 324 226 215 15 3 65 42 39 33 20 10
internal_value=-0.00061692 -0.0211468 0.0282376 -0.00841561 0.0105181 0.0237912 -0.0314239 -0.052466 -0.000514129 -0.00497537 0.000602038 -0.00838365 -0.016441 -0.00868129
internal_weight=83.4038 48.7315 34.6723 35.8837 19.3796 14.721 4.65863 5.45764 30.4261 27.413 22.6716 19.0191 15.4437 12.7474
internal_count=6000 4758 1242 1177 548 307 241 644 533 468 426 387 354 334
is_linear=0
shrinkage=0.06


Tree=71
num_leaves=15
num_cat=0
split_feature=1 0 2 1 4 3 4 0 3 4 4 0 0 3
split_gain=12.5691 6.39828 5.08265 3.94634 3.92236 2.86542 2.72617 2.58201 2.28946 1.88727 1.88809 3.13338 2.23784 2.01215
threshold=0.48492186723226655 0.32582441188398686 0.50812819503718398 0.12945209946641592 12.607227119662628 0.83836259226989551 1.114990165321063 0.37276513274529061 0.23657821005621574 23.753791319922197 4.6189508858867034 0.56566755904561072 0.45518569476725695 0.45408967229585528
decision_type=2 2 2 2 2 2 2 2 2 2 2 2 2 2
left_child=1 -1 3 -3 -2 6 -5 -6 -9 10 13 12 -12 -8
right_child=4 2 -4 5 7 -7 9 8 -10 -11 11 -13 -14 -15
leaf_value=-0.056678095124561428 0.050342099350423011 -0.060945017837939146 0.048726995499838673 0.056591801515837648 -0.050572750527369398 0.071197583256354224 -0.0028140916717474813 -0.036041850680046658 0.048621772326995223 -0.060802666290247977 0.009835141370234432 0.023251549856084863 -0.075956438127013776 -0.050816335567328987
leaf_weight=11.364119418198241 17.434387290850285 5.4789051301777354 5.3309367899782947 2.0704594142734996 2.5287251530680797 1.6445733606815327 6.3058378505520576 1.6535499142482875 3.7747403299435973 2.8767037075012913 1.995175401913001 10.198729269672183 2.4248560313135386 6.2690248526632786
leaf_count=2842 769 983 171 16 104 20 66 40 99 585 78 120 59 48
internal_value=-0.000601106 -0.0164876 -0.00624597 -0.0137097 0.0344107 -0.00604963 -0.0100022 -0.000496043 0.0228318 -0.0145875 -0.00969854 0.00496456 -0.0372306 -0.026745
internal_weight=81.3507 55.9593 44.5952 39.2643 25.3914 33.7854 32.1408 7.95702 5.42829 30.0703 27.1936 14.6188 4.42003 12.5749
internal_count=6000 4988 2146 1975 1012 992 972 243 139 956 371 257 137 114
is_linear=0
shrinkage=0.06


Tree=72
num_leaves=15
num_cat=0
split_feature=1 0 1 4 0 3 3 5 3 3 3 4 4 4
split_gain=11.5021 6.08051 4.09047 3.68426 2.93719 2.85374 2.60756 2.53063 2.5933 2.01838 1.96881 1.10629 1.37181 1.5044
threshold=0.48492186723226655 0.32582441188398686 0.12945209946641592 13.709232086553724 0.34946794998679082 0.83836259226989551 0.10126720710568907 1.0000000180025095e-35 1.0000000180025095e-35 0.23657821005621574 0.11536116210258204 1.6893549492366609 2.7395935434564898 19.056228285029661
decision_type=2 2 2 2 2 2 2 2 2 2 2 2 2 2
left_child=1 -1 -3 6 -5 7 -2 8 -4 -6 -10 -12 -13 -14
right_child=3 2 5 4 9 -7 -8 -9 10 -11 11 12 13 -15
leaf_value=-0.056314945381180169 -0.015464740654406645 -0.053197397489378274 -0.062414649292026531 -0.070790759929106342 -0.035464959151008835 0.068881652554518807 0.056437095328696715 -0.068895280591844188 0.054278739808654074 0.045241819122895169 0.033346561438967581 -0.041913791115466774 0.0069009028134137344 -0.042753095594504194
leaf_weight=10.76927413116209 2.0550872180610957 5.7423067213967434 2.1742139097768804 1.7519969653803844 1.6457996899262068 2.1137042557820669 15.591320326551793 1.9741803195793171 2.7050309896003482 3.4623543918132782 3.3230987535789636 2.9534535054117468 20.358273241668943 2.4623195815365753
leaf_count=2842 33 1016 284 96 41 40 753 106 76 89 37 44 237 306
internal_value=-0.000589269 -0.0159228 -0.00599287 0.0335583 -0.00375359 0.00112832 0.0480635 -0.00285522 0.000982007 0.0192388 0.00531623 0.000764411 -0.00343647 0.00154329
internal_weight=79.0824 54.5759 43.8066 24.5066 6.86015 38.0643 17.6464 35.9506 33.9764 5.10815 31.8022 29.0971 25.774 22.8206
internal_count=6000 4988 2146 1012 226 1130 786 1090 984 130 700 624 587 543
is_linear=0
shrinkage=0.06


Tree=73
num_leaves=15
num_cat=0
split_feature=4 2 0 4 5 3 3 3 3 4 4 3 4 3
split_gain=9.99147 5.82189 3.16131 4.14076 3.07298 2.49402 1.82303 1.83233 1.81289 1.72062 1.51271 1.75018 1.53775 0.999139
threshold=32.278868064361241 2.1672471829615545 0.53138136493111554 4.7649637197871639 1.0000000180025095e-35 1.0000000180025095e-35 0.10814392363185034 0.67658677513668886 0.54422723510763715 10.877049570029447 4.6189508858867034 0.17440780630199523 1.4330188123616925 0.12731146848476296
decision_type=2 2 2 2 2 2 2 2 2 2 2 2 2 2
left_child=1 2 3 -1 5 -4 -7 10 13 -10 12 -12 -8 -5
right_child=-2 -3 4 8 -6 6 7 -9 9 -11 11 -13 -14 -15
leaf_value=0.023451209599418384 -0.060328154784803162 0.058939502384323487 -0.062763042101818947 -0.080053618029216622 -0.067909850714196654 0.066571282944707322 0.04064419136081425 0.041503497881959998 0.036475584983355173 -0.042689252726522839 -0.038735213379371997 0.028564437203912 -0.017979079715612304 -0.036166816197848992
leaf_weight=6.6203310803975937 8.9081559481564891 7.0327920606359831 1.4128634829539795 2.3117219100240645 1.6661248118616629 2.6319616320542982 1.9213915131986166 7.1508624171838155 2.2659237594343713 1.7530349367298184 1.5727925724349905 12.042408914538099 9.9655568841844779 9.7184124919585866
leaf_count=176 2904 407 142 301 59 47 60 230 49 141 38 292 202 952
internal_value=-0.000574453 0.00724581 0.00128922 -0.0164749 0.0117861 0.0154044 0.0185343 0.0146623 -0.0329446 0.00194457 0.00713603 0.0207902 -0.00850329 -0.0446001
internal_weight=76.9743 68.0662 61.0334 22.6694 38.364 36.6978 35.285 32.653 16.0491 4.01896 25.5021 13.6152 11.8869 12.0301
internal_count=6000 3096 2689 1619 1070 1011 869 822 1443 190 592 330 262 1253
is_linear=0
shrinkage=0.06


Tree=74
num_leaves=15
num_cat=0
split_feature=1 3 4 2 1 0 4 2 0 0 3 1 1 0
split_gain=10.4424 5.2794 5.15976 3.01237 2.79984 2.65821 2.07046 1.69614 1.57538 2.11812 1.46765 1.16182 1.92243 1.51152
threshold=0.414581040885942 0.43235330272828471 19.056228285029661 0.50812819503718398 0.12945209946641592 0.63200490311008428 2.8481481807614224 6.330839783761796 0.43669307699269838 0.41636676475883289 0.83836259226989551 0.37745271677012154 0.34141116148336031 0.75660049437690347
decision_type=2 2 2 2 2 2 2 2 2 2 2 2 2 2
left_child=2 3 4 5 7 6 -2 -1 9 -8 -4 12 13 -6
right_child=1 -3 10 -5 11 -7 8 -9 -10 -11 -12 -13 -14 -15
leaf_value=-0.061073519508336623 0.04445233961193077 0.055973312145876836 -0.060418244202148134 0.054382087157866271 -0.011224362705872536 0.027776229752629181 -0.036831381961993204 0.086781569038952566 -0.063965932895744523 0.059823517910483161 0.045178120056823388 -0.027792311339355634 0.042023590786557971 0.029931140168653683
leaf_weight=4.2649748928379259 1.310507882386452 12.659327851841224 10.200903037097302 3.6484814614523193 16.266901110531773 5.231001239269971 3.0709653783123922 0.29888812452554692 3.9537331545725465 1.1116823409684 0.4969185381196447 4.8121642200276247 4.0845150509849182 4.0032439664937547
leaf_count=615 15 700 3623 145 358 143 158 2 68 13 15 52 51 42
internal_value=-0.000559937 0.0261747 -0.0192054 0.0055907 -0.00769027 -0.00653737 -0.0255377 -0.0513905 -0.0368109 -0.011142 -0.0555132 -0.000852308 0.00447069 -0.00309637
internal_weight=75.4142 30.9857 44.4285 18.3264 33.7307 14.6779 9.44689 4.56386 8.13638 4.18265 10.6978 29.1668 24.3547 20.2701
internal_count=6000 1242 4758 542 1120 397 254 617 239 171 3638 503 451 400
is_linear=0
shrinkage=0.06


Tree=75
num_leaves=15
num_cat=0
split_feature=1 1 4 2 0 2 4 0 0 1 0 1 0 0
split_gain=9.6577 6.10396 3.97874 3.17762 1.88688 1.74084 1.5242 1.46607 1.25136 1.85192 0.758787 1.34292 0.73004 1.28563
threshold=0.17799017026764055 0.64929526110382751 32.278868064361241 2.1799019657805832 0.22353321596656225 6.1451470140101874 1.114990165321063 0.86662995840781198 0.70795013454738964 0.12945209946641592 0.10947532690216992 0.49701515769193522 0.79926610420594935 0.74312725953665792
decision_type=2 2 2 2 2 2 2 2 2 2 2 2 2 2
left_child=5 2 3 4 10 8 -6 12 -1 -10 11 -2 13 -8
right_child=1 -3 -4 -5 6 -7 7 -9 9 -11 -12 -13 -14 -15
leaf_value=-0.061076682040130774 -0.060917279937334187 0.052964634437535511 -0.060461679128162915 0.059704344164095327 0.050646959938523715 0.080731865593183988 -0.0022017905094826478 0.048765352444026903 -0.061448065979920141 0.05341255847222727 -0.069057565838598636 0.083394171106614651 -0.029622593270283087 0.041370744849182094
leaf_weight=10.114226217614481 0.58290026756003444 9.6920484011061472 3.5251795719377688 3.6112887787166974 2.4156502159312359 0.36401446908712465 31.241555759916082 2.2313300874084225 1.1187748827505868 0.92162446747533966 1.8394855505321173 0.38577428739517927 3.0126869683153918 2.6440834770910433
leaf_count=3052 93 552 1034 213 38 3 550 57 126 35 125 6 53 63
internal_value=-0.000541691 0.00928301 0.00106074 0.00558234 0.00117569 -0.0485577 0.00439312 0.00153767 -0.0524297 -0.00956687 -0.0464246 -0.0034453 -0.00131831 0.00119816
internal_weight=73.7006 61.182 51.4899 47.9648 44.3535 12.5186 41.5453 39.1297 12.1546 2.0404 2.80816 0.968675 36.8983 33.8856
internal_count=6000 2784 2232 1198 985 3216 761 723 3213 161 224 99 666 613
is_linear=0
shrinkage=0.06


Tree=76
num_leaves=15
num_cat=0
split_feature=1 1 4 2 0 2 0 0 1 4 0 0 0 0
split_gain=8.98614 5.68837 3.7259 2.97201 1.73513 1.62425 1.37724 1.2219 1.69363 0.950572 0.729924 1.22839 0.729801 1.85835
threshold=0.17799017026764055 0.64929526110382751 32.278868064361241 2.1799019657805832 0.22353321596656225 6.1451470140101874 0.86662995840781198 0.70795013454738964 0.12945209946641592 1.4330188123616925 0.10947532690216992 0.089827221003557153 0.62773278573506508 0.64470199218755131
decision_type=2 2 2 2 2 2 2 2 2 2 2 2 2 2
left_child=5 2 3 4 10 7 9 -1 -9 -6 11 -2 -11 -14
right_child=1 -3 -4 -5 6 -7 -8 8 -10 12 -12 -13 13 -15
leaf_value=-0.061028066892860298 -0.062320160626468363 0.052095537260716022 -0.0604353702692568 0.059014376826407998 0.034452381791332296 0.079353713697779993 0.048793335539804805 -0.061366616161569319 0.049639009636528487 0.0066990853443314362 -0.068599434363969702 0.074976185309255067 -0.057235188775756153 -0.0018385324329047254
leaf_weight=9.53257831872906 0.54664740595035199 9.2753243814222497 3.3212905141990623 3.4395566917955867 2.910796307027339 0.34858734905719835 2.3464342104271045 1.0549785632174469 0.93185508484020818 19.486058126902208 1.743580918991938 0.41096335020847619 2.5783074328210231 14.112625343492253
leaf_count=3052 62 552 1034 213 43 3 63 126 35 401 125 37 28 226
internal_value=-0.000530002 0.0088812 0.00100583 0.00529515 0.00110871 -0.0482455 0.00414625 -0.0521067 -0.0093033 0.00146609 -0.0454849 -0.00339876 -0.00118798 -0.0103958
internal_weight=72.0396 60.1716 50.8963 47.575 44.1354 11.868 41.4342 11.5194 1.98683 39.0878 2.70119 0.957611 36.177 16.6909
internal_count=6000 2784 2232 1198 985 3216 761 3213 161 698 224 99 655 254
is_linear=0
shrinkage=0.06


Tree=77
num_leaves=15
num_cat=0
split_feature=1 1 4 3 2 3 0 4 3 1 3 3 0 3
split_gain=8.35869 5.2963 3.48939 2.85212 2.46728 2.24331 1.57374 1.51975 1.20843 1.18443 3.18349 1.83525 2.25622 2.10002
threshold=0.17799017026764055 0.64929526110382751 32.278868064361241 1.0000000180025095e-35 2.1799019657805832 0.83836259226989551 0.22353321596656225 3.8667780516297214 0.23428060706362133 0.414581040885942 0.42043219618979716 0.27443444803745348 0.63200490311008428 0.16908880812455077
decision_type=2 2 2 2 2 2 2 2 2 2 2 2 2 2
left_child=7 2 3 -2 5 6 -5 -1 -3 11 -11 12 13 -8
right_child=1 8 -4 4 -6 -7 9 -9 -10 10 -12 -13 -14 -15
leaf_value=-0.0070196015291266707 -0.064002680967136377 0.0075004547406741307 -0.060410532471857653 -0.044236230933560758 0.05828864105870149 0.068702708175658739 0.0068289562272949344 -0.059809045250934306 0.062401419761858305 -0.0017187425739214337 0.059494545862480368 -0.01386239282993142 -0.0093026659999601545 0.10979185554653396
leaf_weight=2.5337301468243814 2.0616231199819586 1.813505026511846 3.1291206945898002 2.5628110028337678 3.2783766814973196 1.8574078939855088 1.3052532984875171 8.7200996194733289 7.0707473806105554 9.3796153990551812 4.538472853600978 17.352881534025073 3.3610801324248314 1.5719566973857579
leaf_count=139 125 78 1034 221 213 47 44 3077 474 106 153 219 26 44
internal_value=-0.000518507 0.00848058 0.00095094 0.00501292 0.00816025 0.00424082 0.0012529 -0.0479238 0.0511947 0.00436093 0.018242 -0.00382846 0.0240826 0.0630825
internal_weight=70.5367 59.2829 50.3986 47.2695 45.2079 41.9295 40.0721 11.2538 8.88425 37.5093 13.9181 23.5912 6.23829 2.87721
internal_count=6000 2784 2232 1198 1073 860 813 3216 552 592 259 333 114 88
is_linear=0
shrinkage=0.06


Tree=78
num_leaves=15
num_cat=0
split_feature=1 1 2 3 0 2 3 3 2 3 3 1 3 3
split_gain=7.7246 4.93465 2.86904 2.496 2.62375 1.5221 1.42953 1.19271 1.14019 1.2481 1.55849 1.64237 0.834982 0.684185
threshold=0.17799017026764055 0.64929526110382751 2.1799019657805832 1.0000000180025095e-35 0.32582441188398686 6.1451470140101874 0.72001019293416058 0.23428060706362133 0.50812819503718398 0.097988461839770433 0.16908880812455077 0.48492186723226655 0.41844511694005632 0.37038446612458459
decision_type=2 2 2 2 2 2 2 2 2 2 2 2 2 2
left_child=5 2 3 -2 13 6 -1 -3 9 -6 -11 -12 -13 -5
right_child=1 7 -4 4 8 -7 -8 -9 -10 10 11 12 -14 -15
leaf_value=-0.059239866065812011 -0.06316027938049712 0.0070855871745955507 0.056200901883631006 -0.016339904313090386 0.045121933643442094 0.078113374574885833 0.010756089971760594 0.062042846744968551 0.044912371102293062 -0.039252057830057599 -0.0016811617958983529 0.0061902518893874438 0.05550891435133698 -0.055242337182830149
leaf_weight=9.2335913586430198 2.3462856911355621 1.8047835789620856 3.162708409363403 3.4360896201105779 2.426189435645937 0.33790952712297517 1.1852110296022154 6.6963157462887466 2.5828268844634286 3.1996185268508262 24.277066319133159 2.0683909049257627 3.0702279191464186 3.092066437471658
leaf_count=3140 287 78 219 582 51 3 73 474 74 67 411 45 135 361
internal_value=-0.000503652 0.00813482 0.00090403 -0.0028571 0.000347443 -0.0472127 -0.0512773 0.0503754 0.00643995 0.00360424 0.000515819 0.00484147 0.0356572 -0.0347661
internal_weight=68.9193 58.1626 49.6615 46.4988 44.1525 10.7567 10.4188 8.5011 37.6243 35.0415 32.6153 29.4157 5.13862 6.52816
internal_count=6000 2784 2232 2013 1726 3216 3213 552 783 709 658 591 180 943
is_linear=0
shrinkage=0.06


Tree=79
num_leaves=15
num_cat=0
split_feature=1 1 4 3 2 4 4 0 0 1 4 4 3 3
split_gain=7.16432 4.59402 3.24617 2.32921 2.07046 1.51905 1.21561 1.33515 1.20108 1.7152 1.24009 1.22449 1.17536 1.16253
threshold=0.17799017026764055 0.64929526110382751 22.759855025898059 1.0000000180025095e-35 2.1799019657805832 3.8667780516297214 23.104539718892578 0.56050711739450465 0.32582441188398686 0.52822123501860341 13.709232086553724 11.544842585070203 0.23428060706362133 0.37365010588559183
decision_type=2 2 2 2 2 2 2 2 2 2 2 2 2 2
left_child=5 2 3 -2 8 -1 -4 -8 10 11 -5 -10 -3 -9
right_child=1 12 6 4 -6 -7 7 13 9 -11 -12 -13 -14 -15
leaf_value=-0.0054504133232199294 -0.063925326495872084 0.0066917203274290656 -0.16187722700569113 -0.0018247496489041848 0.060036668099128214 -0.059649660702525177 -0.060673280442487217 -0.044582371533543927 2.8756060238383767e-05 0.048789249216968256 -0.068746644300833673 0.033867834612688469 0.06166598807571623 0.040558560285736768
leaf_weight=2.445756799890658 1.6279737085569639 1.7966101542115192 0.28707418334670265 3.1373553820885709 2.7005612244829527 7.794343417393975 3.1409580735489726 1.1175020522205161 26.283926194068048 3.5935013340786091 1.4610453055938704 4.5102460214402518 6.3437429335899651 1.1944125709123907
leaf_count=139 78 78 7 65 207 3077 1092 162 261 148 113 72 474 27
internal_value=-0.000485439 0.00778959 0.000862492 0.00648117 0.00923073 -0.0467047 -0.041537 -0.0352015 0.00571141 0.00956251 -0.0230878 0.00498497 0.0495329 -0.000595713
internal_weight=67.435 57.1949 49.0546 43.3146 41.6866 10.2401 5.73995 5.45287 38.9861 34.3877 4.5984 30.7942 8.14035 2.31191
internal_count=6000 2784 2232 944 866 3216 1288 1281 659 481 178 333 552 189
is_linear=0
shrinkage=0.06


Tree=80
num_leaves=15
num_cat=0
split_feature=4 2 3 0 3 0 4 3 4 4 3 3 3 0
split_gain=6.738 3.95758 2.46753 2.32344 2.01951 1.80961 2.99145 2.29129 2.13654 1.66902 1.42412 1.39054 1.08403 2.23425
threshold=32.278868064361241 1.27045219108188 0.038332863274977945 0.26551659008999362 0.83836259226989551 0.53138136493111554 4.7649637197871639 0.11536116210258204 4.6189508858867034 1.114990165321063 0.14288548735123754 0.17440780630199523 0.22027596568865696 0.40656962439035033
decision_type=2 2 2 2 2 2 2 2 2 2 2 2 2 2
left_child=1 2 -1 -3 5 6 12 -7 9 -9 -8 -10 -4 -14
right_child=-2 3 4 -5 -6 7 10 8 11 -11 -12 -13 13 -15
leaf_value=-0.06278323464283779 -0.060265924333273269 -0.043656014649059612 0.061215175394568208 0.061070013814544855 0.059519212239251031 0.062383175643294542 -0.085610493263133719 0.04286707438169831 -0.035349118526399562 -0.021125703156914349 -0.023870361025338325 0.025959432598299654 0.044276729992322218 -0.049840152609213602
leaf_weight=2.1576653305673963 6.151919311261735 0.87092000560369243 1.7225723564624811 6.1346673362422734 2.1584871187806121 2.641813748516145 1.5400101920822624 1.6738494038581873 1.4808723820606235 11.886855390621347 10.62010478612501 13.231187109136952 2.1006445114035164 1.59937806148082
leaf_count=296 2904 27 27 478 87 55 210 48 35 274 1075 362 54 68
internal_value=-0.000472301 0.00567701 5.62286e-05 0.0480507 0.00273285 0.000205442 -0.0151628 0.00894614 0.00395297 -0.0132268 -0.0316894 0.0197883 0.021898 0.00359361
internal_weight=65.9709 59.819 52.8134 7.00559 50.6558 48.4973 17.5827 30.9146 28.2728 13.5607 12.1601 14.7121 5.42259 3.70002
internal_count=6000 3096 2591 505 2295 2208 1434 774 719 322 1285 397 149 122
is_linear=0
shrinkage=0.06


Tree=81
num_leaves=15
num_cat=0
split_feature=1 0 2 5 1 3 3 0 3 3 5 0 0 0
split_gain=6.4791 4.02058 3.17056 2.94723 2.94135 2.92784 1.85374 1.78711 1.56205 1.34409 0.79109 3.08919 0.658262 1.54732
threshold=0.48492186723226655 0.32582441188398686 1.3541661948795911 1.0000000180025095e-35 0.12945209946641592 0.43235330272828471 0.83836259226989551 0.70795013454738964 0.041545518139125957 0.11536116210258204 1.0000000180025095e-35 0.25659936857773713 0.66371725152329397 0.62773278573506508
decision_type=2 2 2 2 2 2 2 2 2 2 2 2 2 2
left_child=1 10 3 4 -3 7 8 -2 -6 -10 -1 -12 13 -11
right_child=5 2 -4 -5 6 -7 -8 -9 9 12 11 -13 -14 -15
leaf_value=-0.06212491950534639 -0.0030797962198417413 -0.060763392154121174 0.057114115051980892 -0.083293807010592552 -0.061827166773429885 0.05679483085784845 0.067708350681911375 0.057422272801593503 0.046290700064802869 -0.0018703720269509026 -0.061855497167883425 0.17890033624178764 0.0075691541609859136 -0.048961873573646203
leaf_weight=6.1301971570355809 8.8009151723235863 3.1687252543633795 2.7500606725225216 1.8591732744825993 1.5526027018204391 7.9510754016228011 1.3877374017611135 2.1961498423479489 2.0896072788164046 11.849304024362938 0.83473596663679905 0.24912507471162826 10.78985239821486 3.1875958228483787
leaf_count=2503 241 879 134 221 294 617 23 154 58 400 271 68 105 32
internal_value=-0.000455545 -0.0126525 -0.00497476 -0.00973302 -0.00571361 0.0290574 -6.04551e-05 0.00900266 -0.00325179 5.95241e-06 -0.0537704 -0.00651785 -0.00373888 -0.0118531
internal_weight=64.7969 45.8487 38.6347 35.8846 34.0254 18.9481 30.8567 10.9971 29.469 27.9164 7.21406 1.08386 25.8268 15.0369
internal_count=6000 4988 2146 2012 1791 1012 912 395 889 595 2842 339 537 432
is_linear=0
shrinkage=0.06


Tree=82
num_leaves=15
num_cat=0
split_feature=4 1 1 0 4 2 2 4 4 1 1 1 0 4
split_gain=6.0649 4.97736 2.86445 2.16753 1.81876 1.78264 1.21921 1.16464 1.14519 1.84872 2.26412 2.30262 1.36846 1.13599
threshold=32.278868064361241 0.53601624807887072 0.12945209946641592 0.24705499284442581 12.607227119662628 0.50812819503718398 6.330839783761796 1.114990165321063 3.1378162979648043 0.27040911933041695 0.36014394337405464 0.31561869043717777 0.56050711739450465 2.2805651410207797
decision_type=2 2 2 2 2 2 2 2 2 2 2 2 2 2
left_child=1 2 6 -4 -3 7 -1 -5 13 -10 11 -11 -12 -9
right_child=-2 4 3 5 -6 -7 -8 8 9 10 12 -13 -14 -15
leaf_value=-0.060659421739142474 -0.060255024747817534 0.053002858092251123 -0.061675571707735029 0.042037360887191608 0.0063427606499837728 0.039233081283024503 0.078075873296872253 -0.0014753839916834583 -0.032072648363692169 0.0038150371932247043 -0.030601430382388186 0.065228822283315571 0.012369612671315401 -0.047283865608496733
leaf_weight=3.8228058448294169 5.567898172303102 8.921349876560269 1.9247085389215488 2.111627370119094 4.5366615680977693 4.4604494611266992 0.242503061890602 3.9714210629463222 4.519113695947456 4.6188196158036607 5.0798343704082054 4.1930391043424606 5.6193142456468195 3.826781515032053
leaf_count=1134 2904 675 324 22 111 180 2 39 300 64 67 53 84 41
internal_value=-0.000446546 0.00531001 -0.0043806 0.000458749 0.0372739 0.00357305 -0.0523836 -0.00111345 -0.00397626 0.00250713 0.0105164 0.0330382 -0.00803255 -0.0239548
internal_weight=63.4163 57.8484 44.3904 40.3251 13.458 38.4004 4.06531 33.94 31.8283 24.0301 19.511 8.81186 10.6991 7.7982
internal_count=6000 3096 2310 1174 786 850 1136 670 648 568 268 117 151 80
is_linear=0
shrinkage=0.06


Tree=83
num_leaves=15
num_cat=0
split_feature=4 1 0 1 3 3 3 0 2 2 1 4 0 3
split_gain=5.69136 4.55336 2.90615 2.30885 2.11524 1.98918 1.59168 1.2677 1.23293 1.1262 1.07461 0.991144 0.877584 0.877263
threshold=32.278868064361241 0.55791070399666443 0.24705499284442581 0.12945209946641592 0.22788199898482811 0.83836259226989551 0.041545518139125957 0.47890375695411425 0.50812819503718398 6.330839783761796 0.40753032868596178 13.709232086553724 0.23085655389738693 0.75240725035199651
decision_type=2 2 2 2 2 2 2 2 2 2 2 2 2 2
left_child=1 2 -1 9 7 6 -5 -3 13 -4 -10 12 -6 -8
right_child=-2 4 3 5 11 -7 8 -9 10 -11 -12 -13 -14 -15
leaf_value=-0.061949498720460773 -0.060240442475354539 -0.050730681761447703 -0.060751054534799613 -0.056880652730658315 0.12449654718460344 0.066700291260294767 0.00286628484364825 0.026572093631191521 0.006578115292731149 0.076805909290487306 0.069119590667189437 0.019495345018425307 0.056468100469893118 -0.034016134344646419
leaf_weight=2.8927022827556348 5.244879934936761 1.2778402436524623 2.7969228377332906 1.6227673315443087 0.77318309992551615 1.7493346505798388 28.875233125756498 1.8981765275821088 2.1505124778486784 0.23204120621085156 1.8312849123030899 2.4124270682223141 5.831410413607955 2.5246186738368115
leaf_count=792 2904 15 671 148 4 59 481 82 56 2 105 70 576 35
internal_value=-0.000435818 0.00507986 -0.00378972 0.000236798 0.0375781 0.00417993 0.00122436 -0.00452995 0.00388933 -0.0502132 0.0353418 0.0524096 0.064432 -9.91446e-05
internal_weight=62.1133 56.8685 44.6754 41.7827 12.193 38.7538 37.0044 3.17602 35.3816 3.02896 3.9818 9.01702 6.60459 31.3999
internal_count=6000 3096 2349 1557 747 884 825 97 677 673 161 650 580 516
is_linear=0
shrinkage=0.06


Tree=84
num_leaves=15
num_cat=0
split_feature=1 1 3 3 0 2 3 2 1 3 3 3 1 1
split_gain=5.15206 3.57424 2.09209 1.86627 1.76449 1.68807 1.32068 1.40954 1.30485 1.17059 1.00225 1.14192 1.38206 2.7807
threshold=0.18027429756690996 0.64929526110382751 0.83836259226989551 1.0000000180025095e-35 0.24705499284442581 0.50812819503718398 0.72001019293416058 6.1451470140101874 0.40753032868596178 0.23428060706362133 0.76216246761986572 0.67658677513668886 0.25771436354999749 0.19332238593635967
decision_type=2 2 2 2 2 2 2 2 2 2 2 2 2 2
left_child=6 2 3 -2 -5 10 7 -1 -7 -3 11 12 13 -6
right_child=1 9 -4 4 5 8 -8 -9 -10 -11 -12 -13 -14 -15
leaf_value=-0.058869121747210519 -0.062478374752852207 0.0027744112340762346 0.063132875066095745 -0.039437837367548988 0.031826548531720941 0.0022677429770392153 0.017782724254851549 0.072184401863616673 0.067106865662452372 0.061053111238605351 -0.038328234515806053 0.047369920467306967 0.0047107895997001705 -0.070392461152643956
leaf_weight=6.9794657746097055 1.7702724942937482 1.6315805236808945 1.8426228053867806 3.6532575126038855 1.5165933356620431 1.9952669760677952 1.0797150456346569 0.30850825272500504 2.5394364423118532 5.1797756697051227 2.3355803018202996 1.9101664489135135 25.528519537299871 2.6014467419590801
leaf_count=3163 283 78 86 742 68 61 73 4 184 474 55 40 501 188
internal_value=-0.000421836 0.00654662 0.000502462 -0.0021293 0.000409521 0.00419781 -0.0441466 -0.0533215 0.0385777 0.0470931 -0.000402128 0.00240486 -0.000492294 -0.0327472
internal_weight=60.8722 52.5045 45.6932 43.8505 42.0803 38.427 8.36769 7.28797 4.5347 6.81136 33.8923 31.5567 29.6466 4.11804
internal_count=6000 2760 2208 2122 1839 1097 3240 3167 245 552 852 797 757 256
is_linear=0
shrinkage=0.06


Tree=85
num_leaves=15
num_cat=0
split_feature=4 1 1 2 3 4 1 1 3 2 5 3 4 1
split_gain=5.14367 3.97234 2.68672 1.90236 1.64366 1.35978 1.21512 1.22542 1.04554 1.01096 0.672896 0.715755 2.58763 0.844726
threshold=32.278868064361241 0.64929526110382751 0.12945209946641592 2.1799019657805832 1.0000000180025095e-35 1.114990165321063 0.18983069382395951 0.1336604448602349 0.23428060706362133 6.330839783761796 1.0000000180025095e-35 0.16908880812455077 5.925288155565446 0.48492186723226655
decision_type=2 2 2 2 2 2 2 2 2 2 2 2 2 2
left_child=1 2 9 4 -4 -6 7 -7 -3 -1 11 12 -8 -13
right_child=-2 8 3 -5 5 6 10 -9 -10 -11 -12 13 -14 -15
leaf_value=-0.060580074309478052 -0.060230667257828899 0.006353970847393451 -0.062655296782466979 0.053484075509373362 0.044121176836453752 0.056266563320247862 0.02338751548598832 -0.063648951607337759 0.063188300471354195 0.074608910581260082 -0.030347837239206286 0.0026797034636541666 -0.054926160033137196 0.02842088050684153
leaf_weight=3.220975741744041 4.7612923134583971 1.5378641774877895 1.4629549527307961 2.520783075131475 2.5929977498017243 0.36755068216007147 3.1213030354119828 1.8557384770829228 4.8093601614236832 0.2122601345181464 2.192832196597009 22.258807535516102 2.9586546291830018 5.781534631503745
leaf_count=1134 2904 68 149 219 43 17 26 224 465 2 62 398 98 191
internal_value=-0.000408363 0.00478043 -0.00105573 0.00283816 -0.000159258 0.0020637 -0.000766221 -0.0438247 0.049418 -0.052222 0.00187006 0.00394062 -0.0147218 0.00798718
internal_weight=59.6549 54.8936 48.5464 45.1132 42.5924 41.1294 38.5364 2.22329 6.34722 3.43324 36.3131 34.1203 6.07996 28.0403
internal_count=6000 3096 2563 1427 1208 1059 1016 241 533 1136 775 713 124 589
is_linear=0
shrinkage=0.06


Tree=86
num_leaves=15
num_cat=0
split_feature=4 2 3 0 4 4 4 3 0 4 0 4 4 3
split_gain=4.83283 2.68511 1.58673 1.4481 1.76409 1.95295 2.95896 1.19954 1.06723 1.43696 1.30322 2.27686 2.13852 1.45371
threshold=22.387281066057895 2.1672471829615545 1.0000000180025095e-35 0.66371725152329397 9.5249494983990228 2.474746022830518 2.9951031276850881 0.30715645387232499 0.62773278573506508 3.8667780516297214 0.53138136493111554 4.7649637197871639 2.0423478707627805 0.12731146848476296
decision_type=2 2 2 2 2 2 2 2 2 2 2 2 2 2
left_child=1 2 -1 8 5 -5 -7 -8 10 -10 11 -4 -12 -13
right_child=-2 -3 3 4 -6 6 7 -9 9 -11 12 13 -14 -15
leaf_value=-0.0625971935554967 -0.042602381100379477 0.056923518801482186 0.023599133659651557 0.043631287637389979 0.058350962797599576 -0.067967733617299173 -0.018113893682305714 0.033236146224997855 0.011002424691345701 -0.054838650885291877 -0.03652014309500512 -0.092825947797041772 0.03884234873919 -0.01686787737080821
leaf_weight=1.2978657335042942 8.369949972140601 3.5534950513392678 5.475938572315509 4.0596014969050911 3.2751772498013443 2.1465490465052408 2.7215390759520233 4.112351740244776 1.9819298437796522 2.9989914665929973 1.7455757011193771 1.0009828091133375 6.0661203026538715 9.6663349766749871
leaf_count=159 3672 394 163 140 113 33 61 195 45 50 33 106 179 657
internal_value=-0.000399265 0.00665105 0.0028133 0.00468937 0.0189835 0.00909588 -0.00651583 0.0127864 -0.00337025 -0.0286402 0.00188409 -0.00785098 0.0220021 -0.0239955
internal_weight=58.4724 50.1025 46.549 45.2511 16.3152 13.04 8.98044 6.83389 28.9359 4.98092 23.955 16.1433 7.8117 10.6673
internal_count=6000 2328 1934 1775 542 429 289 256 1233 95 1138 926 212 763
is_linear=0
shrinkage=0.06


Tree=87
num_leaves=15
num_cat=0
split_feature=4 1 3 4 1 3 1 4 2 2 1 1 3 3
split_gain=4.61927 3.64878 2.5683 2.69213 2.14017 1.70402 1.33576 0.955067 0.907415 0.88382 1.15634 1.12561 1.01663 1.35593
threshold=32.278868064361241 0.48492186723226655 0.42781159638174632 6.0698155640957774 0.12945209946641592 0.83836259226989551 0.53601624807887072 13.709232086553724 6.330839783761796 1.6901035988738042 0.47153392554097173 0.44968578258479835 0.7424268115560303 0.68111074581107045
decision_type=2 2 2 2 2 2 2 2 2 2 2 2 2 2
left_child=1 4 3 -3 8 9 -5 -8 -1 10 11 12 13 -6
right_child=-2 2 -4 6 5 -7 7 -9 -10 -11 -12 -13 -14 -15
leaf_value=-0.060574107239266324 -0.060208565833444978 0.048163545456650782 0.057914935875599413 -0.068561680163523403 -0.0068411097123528847 0.063671544604139443 0.03083200224272795 -0.026096345357670574 0.072895733983366781 0.036209460403855295 -0.056284247199823438 0.041760602778481024 -0.045549837337214606 0.052561888121931563
leaf_weight=3.0281152693787585 4.299195011961273 3.7471277425065619 6.4050301266834131 1.3861841738689689 23.948810817906647 1.3918497720733274 1.9076796509325502 2.3901199633255601 0.19519659131765354 1.8478141961386416 1.5936043150722969 1.8300505969673384 2.2428582892753175 1.4681221717037249
leaf_count=1134 2904 158 605 29 815 40 74 45 2 101 18 26 28 21
internal_value=-0.000377763 0.00444074 0.0285945 0.00868191 -0.00574672 -0.00135688 -0.0173461 -0.000827357 -0.0524915 -0.00410532 -0.00650191 -0.00381172 -0.00682691 -0.0034099
internal_weight=57.6818 53.3826 15.8361 9.43111 37.5464 34.3231 5.68398 4.2978 3.22331 32.9313 31.0834 29.4898 27.6598 25.4169
internal_count=6000 3096 911 306 2185 1049 148 119 1136 1009 908 890 864 836
is_linear=0
shrinkage=0.06


Tree=88
num_leaves=15
num_cat=0
split_feature=4 1 1 3 3 2 4 0 3 0 0 2 1 1
split_gain=4.33799 3.42025 2.37905 1.66671 1.44631 1.30915 1.24889 1.23443 1.05858 0.876721 2.40057 0.85236 0.790526 2.3253
threshold=32.278868064361241 0.64929526110382751 0.12945209946641592 0.83836259226989551 1.0000000180025095e-35 2.1799019657805832 1.114990165321063 0.24705499284442581 0.23428060706362133 0.10947532690216992 0.10546598226352751 6.330839783761796 0.33196933062923856 0.35486482448452922
decision_type=2 2 2 2 2 2 2 2 2 2 2 2 2 2
left_child=1 2 11 4 -4 6 -6 9 -3 10 -8 -1 -9 -14
right_child=-2 8 3 -5 5 -7 7 12 -10 -11 -12 -13 13 -15
leaf_value=-0.060541849951159521 -0.060196604027372334 0.003898463358387963 -0.062340335887640416 0.062537929158929167 0.04051873069660579 0.049781432302444223 -0.061501776266277695 -0.011204545051406419 0.063149593277469149 -0.068233410426153829 0.16485112164752969 0.072029850154292349 0.057132355316267119 -0.00088649867623627444
leaf_weight=2.853244989237282 4.0496095966082057 1.4564844244159747 1.2910734063480038 1.6018848745152343 2.5284281810745588 1.977642104262485 0.54728233721107189 13.740355956368147 4.2617308394983411 1.6953875719336791 0.24381675361655653 0.18597152084112156 2.9039287515915957 17.313249087426811
leaf_count=1134 2904 68 149 83 40 184 118 338 465 185 15 2 23 292
internal_value=-0.000357704 0.00424918 -0.00109414 0.00246446 0.000186331 0.00215767 -0.00025898 -0.00308807 0.0480578 -0.0438963 0.00826019 -0.0524297 -9.99578e-05 0.00744714
internal_weight=56.6501 52.6005 46.8823 43.843 42.2412 40.9501 38.9724 36.444 5.71822 2.48649 0.791099 3.03922 33.9575 20.2172
internal_count=6000 3096 2563 1427 1344 1195 1011 971 533 318 133 1136 653 315
is_linear=0
shrinkage=0.06


Tree=89
num_leaves=15
num_cat=0
split_feature=4 1 1 2 4 0 1 1 0 1 2 0 4 1
split_gain=4.073 3.17508 2.23467 1.44498 1.10774 1.22248 0.973672 0.869118 0.836339 2.42783 0.800816 0.740701 0.476392 0.793445
threshold=32.278868064361241 0.64929526110382751 0.12945209946641592 2.1799019657805832 1.114990165321063 0.24705499284442581 0.18983069382395951 0.13779908210652156 0.10947532690216992 0.60001124412521367 6.330839783761796 0.47890375695411425 20.812404338645603 0.48492186723226655
decision_type=2 2 2 2 2 2 2 2 2 2 2 2 2 2
left_child=1 2 10 4 -4 8 7 -7 9 -6 -1 -3 13 -8
right_child=-2 11 3 -5 5 6 12 -9 -10 -11 -12 -13 -14 -15
leaf_value=-0.060511346311400573 -0.060185318208409062 0.011686469931617106 0.038265455180423819 0.050068590301516634 -0.061347419100971662 0.030278729175121092 -0.00018206091036616597 -0.063681931943508074 -0.067542657621752017 0.17007691370398859 0.071228666492490975 0.060956682534036848 -0.023194130996034845 0.024019505100244951
leaf_weight=2.6883984810556281 3.814472157508134 1.5210322751663614 2.5332159702666095 2.1689953906461588 0.54715037147980128 0.46589844126719882 25.901410765713084 1.48080060002394 1.6758852323982862 0.23255521990358829 0.17705119773745526 3.9536121033597738 2.4281884677475309 6.007966050412505
leaf_count=1134 2904 55 44 219 131 23 320 146 194 2 2 478 156 192
internal_value=-0.000350077 0.00405762 -0.00105085 0.00233426 -0.00017429 -0.00268788 8.48738e-05 -0.0411946 -0.0436586 0.00767727 -0.0523714 0.0472678 0.00242513 0.00437466
internal_weight=55.5966 51.7822 46.3075 43.4421 41.2731 38.7399 36.2843 1.9467 2.45559 0.779706 2.86545 5.47464 34.3376 31.9094
internal_count=6000 3096 2563 1427 1208 1164 837 169 327 133 1136 533 668 512
is_linear=0
shrinkage=0.06


Tree=90
num_leaves=15
num_cat=0
split_feature=4 1 1 2 0 4 0 0 0 0 1 0 4 1
split_gain=3.8242 2.94669 2.09912 1.32887 1.07677 0.962998 1.02156 0.932382 1.70361 0.973969 1.30318 1.3775 3.35491 1.22342
threshold=32.278868064361241 0.64929526110382751 0.12945209946641592 2.1799019657805832 0.86662995840781198 1.114990165321063 0.24705499284442581 0.79926610420594935 0.74312725953665792 0.62773278573506508 0.21920711340312485 0.53138136493111554 4.7649637197871639 0.33196933062923856
decision_type=2 2 2 2 2 2 2 2 2 2 2 2 2 2
left_child=1 2 -1 4 5 -4 -7 8 9 10 -8 12 -12 -11
right_child=-2 -3 3 -5 -6 6 7 -9 -10 13 11 -13 -14 -15
leaf_value=-0.052316249941788621 -0.060174671550543901 0.046478495753946983 0.034611519784063696 0.048849971612777383 0.043408140189445825 -0.043019028891561902 -0.050240415907519563 -0.035061547596908216 0.048333584998757964 -0.041224755695310769 0.04546887210653739 0.032561907896592968 -0.026605404591564637 -0.00037170270281447552
leaf_weight=2.7014513955800785 3.5929509543348095 5.242401626892387 2.3834688691422334 2.0921023008413604 1.9440260727424163 2.3498010050388976 1.4055527481832637 2.838319558883085 2.5031807713676235 4.5413916406687331 3.4445470916107315 6.1256834060186511 7.1533849701518193 6.2994288830086589
leaf_count=1136 2904 533 38 219 65 327 202 55 66 67 38 93 167 90
internal_value=-0.000344551 0.00386844 -0.00101071 0.00220648 -0.000174248 -0.0023442 -0.00474681 -0.00212576 0.000844458 -0.00325889 0.00524841 0.00991203 -0.00317977 -0.0174857
internal_weight=54.6177 51.0247 45.7823 43.0809 40.9888 39.0448 36.6613 34.3115 31.4732 28.97 18.1292 16.7236 10.5979 10.8408
internal_count=6000 3096 2563 1427 1208 1143 1105 778 723 657 500 298 205 157
is_linear=0
shrinkage=0.06


Tree=91
num_leaves=15
num_cat=0
split_feature=4 2 3 0 3 4 3 3 4 3 0 3 3 4
split_gain=3.59151 2.1717 1.50286 1.37746 1.17666 1.59156 2.41957 1.41793 1.13849 1.34287 1.94118 0.896273 0.870399 0.986105
threshold=32.278868064361241 2.1672471829615545 1.0000000180025095e-35 0.66371725152329397 0.10814392363185034 4.0076863768286719 0.22476662508750828 0.41844511694005632 16.366415233553059 0.27216780343487196 0.41636676475883289 0.25132606848889949 0.45408967229585528 2.5863529062142097
decision_type=2 2 2 2 2 2 2 2 2 2 2 2 2 2
left_child=1 2 -1 8 -5 6 -6 11 -4 -10 -11 -7 -8 -14
right_child=-2 -3 3 4 5 7 12 -9 9 10 -12 -13 13 -15
leaf_value=-0.062081169188614109 -0.060164629933208764 0.050919325349086379 -0.00098149941914444402 0.078811275410774054 -0.089369258670139146 0.040014239650857007 0.054196840109777739 0.056426586619214049 -0.079730249188414745 -0.062343418325123391 0.048253266577830627 -0.013121256151049131 0.022750524005782421 -0.033286868321634383
leaf_weight=1.3461980724241573 3.3842614116729228 3.2766878487309432 25.478314571606465 1.0124777496093909 1.142110680695622 1.8655666101258228 1.1033571602310983 3.8172711656661704 1.5258061409112991 1.1425624710973354 1.142746132740285 2.9497920492431149 2.2631984096951783 2.2587966797873378
leaf_count=264 2904 407 899 27 21 46 54 191 443 440 79 74 90 61
internal_value=-0.000333751 0.00368977 0.000400454 0.00224091 0.0161562 0.0120369 -0.00974818 0.0291151 -0.00555661 -0.0361424 -0.00704063 0.0074645 0.00641723 -0.0052409
internal_weight=53.7091 50.3249 47.0482 45.702 16.4126 15.4001 6.76746 8.63263 29.2894 3.81111 2.28531 4.81536 5.62535 4.522
internal_count=6000 3096 2689 2425 564 537 226 311 1861 962 519 120 205 151
is_linear=0
shrinkage=0.06


Tree=92
num_leaves=15
num_cat=0
split_feature=1 1 4 3 1 4 3 0 4 0 3 0 3 3
split_gain=3.37977 2.35932 2.00165 1.18183 1.0546 2.44509 2.2816 1.2847 1.05364 1.07561 0.906117 0.797525 1.38418 2.80511
threshold=0.12945209946641592 0.64929526110382751 22.759855025898059 0.23428060706362133 0.48492186723226655 6.0698155640957774 0.17440780630199523 0.44466701196208386 23.104539718892578 0.56050711739450465 0.37365010588559183 0.66371725152329397 0.27216780343487196 0.16908880812455077
decision_type=2 2 2 2 2 2 2 2 2 2 2 2 2 2
left_child=-1 2 4 -3 11 -6 -7 -8 -4 -10 -11 12 13 -2
right_child=1 3 8 -5 5 6 7 -9 9 10 -12 -13 -14 -15
leaf_value=-0.05457871909152804 -0.020334314565336971 -0.0044435662985015537 -0.15233850453472653 0.060558011142543174 0.063214282016027828 -0.066807075332345631 -0.0093873213956532382 0.063155428430474406 -0.060681932999549854 -0.045434211948451611 0.040366246718839566 0.010573299579828371 -0.018742223140818769 0.068919739647512815
leaf_weight=3.8337248620227902 2.990663188218611 1.3876521242782462 0.28003207879373704 3.6704228664748371 3.2522156280465406 1.4575543529354034 2.0141709633171563 1.559171416563913 2.1331404331722301 0.79580191237619125 0.99979831778910011 12.27133466536179 14.101847025449386 2.200252914975863
leaf_count=2640 140 78 10 474 189 24 19 122 1465 214 30 193 321 81
internal_value=-0.000320757 0.00391449 -0.000541379 0.0427252 0.00361507 0.0226695 -0.00354062 0.0222656 -0.0398932 -0.0318783 0.00233987 -0.00138524 -0.00899157 0.0174974
internal_weight=52.9478 49.1141 44.056 5.05807 39.8472 8.28311 5.0309 3.57334 4.20877 3.92874 1.7956 31.5641 19.2928 5.19092
internal_count=6000 3360 2808 552 1089 354 165 141 1719 1709 244 735 542 221
is_linear=0
shrinkage=0.06


Tree=93
num_leaves=15
num_cat=0
split_feature=4 1 1 3 3 3 2 5 4 4 1 3 1 1
split_gain=3.20816 2.479 1.79142 1.48678 1.23647 1.09909 0.88178 0.823626 1.14435 1.00285 0.952307 2.36488 0.85176 2.24017
threshold=32.278868064361241 0.64929526110382751 0.12945209946641592 0.83836259226989551 1.0000000180025095e-35 0.23428060706362133 1.3541661948795911 1.0000000180025095e-35 1.9099622709631479 4.7649637197871639 0.27040911933041695 0.77692576249887391 0.3666507233756347 0.414581040885942
decision_type=2 2 2 2 2 2 2 2 2 2 2 2 2 2
left_child=1 2 -1 4 -4 -3 7 8 -6 -9 11 -10 -12 -14
right_child=-2 5 3 -5 6 -7 -8 9 10 -11 12 -13 13 -15
leaf_value=-0.051005152729131219 -0.06015656332899403 -0.0015883134507072218 -0.062158825725962631 0.061907846691093206 0.028130811706457662 0.062714210931548206 0.033664103212337038 -0.079591333245066218 -0.042904786771487902 0.0040736096510005024 0.015238726123864819 0.085441330610905933 -0.045830765676096515 0.0066851319722809081
leaf_weight=2.4382233327487475 3.0362836322165085 1.3307074815966178 1.1282554975477967 1.4354375698603679 4.889047776348888 3.4067752629052848 2.8542218100628807 1.0322508653625839 4.28834510262823 1.0308031729655338 9.8673052600352111 0.5876500830054282 4.0075951698236159 10.81645753723569
leaf_count=1136 2904 68 149 83 66 465 226 14 375 74 133 7 59 241
internal_value=-0.000304123 0.00339609 -0.00100837 0.00189842 -0.000228383 0.0446523 0.00154624 -0.000963972 0.00124086 -0.0377882 -0.00320548 -0.0274366 0.00157964 -0.00751223
internal_weight=52.1494 49.1131 44.3756 41.9374 40.5019 4.73748 39.3737 36.5195 34.4564 2.06305 29.5674 4.876 24.6914 14.8241
internal_count=6000 3096 2563 1427 1344 533 1195 969 881 88 815 382 433 300
is_linear=0
shrinkage=0.06


Tree=94
num_leaves=15
num_cat=0
split_feature=1 1 3 3 0 2 3 1 2 0 0 0 3 3
split_gain=2.91869 2.01865 1.40981 1.3032 1.27915 1.22928 1.06169 0.961027 0.831346 0.795535 0.953339 1.69833 1.12882 3.6209
threshold=0.12945209946641592 0.65592328732954164 0.83836259226989551 1.0000000180025095e-35 0.24705499284442581 2.1799019657805832 0.23428060706362133 0.55791070399666443 6.330839783761796 0.86662995840781198 0.79926610420594935 0.74312725953665792 0.27216780343487196 0.16908880812455077
decision_type=2 2 2 2 2 2 2 2 2 2 2 2 2 2
left_child=8 2 3 -2 7 9 -3 -5 -1 10 11 12 13 -6
right_child=1 6 -4 4 5 -7 -8 -9 -10 -11 -12 -13 -14 -15
leaf_value=-0.060301332334354911 -0.061713962063824596 -0.0027595337511860571 0.058585056953067524 -0.061774849941681011 -0.015078470390765427 0.055535072478396182 0.060529746993800176 0.0070586710012089373 0.071619767259486433 0.039980842749597234 -0.035830080681611073 0.052236609155129281 -0.010226669522431238 0.06437549628581142
leaf_weight=3.2910012149950485 1.2932575631421048 1.3619417129084457 1.409592136973514 2.0365883894264694 5.357771264330955 1.5138122674543399 3.1872487005311996 1.1383272877428678 0.18145312182605255 1.7343097880948324 2.7086165281943968 2.1895885913399971 20.535972975427285 3.3596174469566904
leaf_count=2638 367 76 93 982 211 184 453 29 2 58 47 52 630 178
internal_value=-0.000294078 0.00356224 -0.000434288 -0.00242133 -0.000531462 0.00257251 0.0415821 -0.0370954 -0.0534078 0.000338332 -0.00167482 0.00126744 -0.00254756 0.0155425
internal_weight=51.2991 47.8266 43.2775 41.8679 40.5746 37.3997 4.54919 3.17492 3.47245 35.8859 34.1516 31.443 29.2534 8.71739
internal_count=6000 3360 2831 2738 2371 1360 529 1011 2640 1176 1118 1071 1019 389
is_linear=0
shrinkage=0.06


Tree=95
num_leaves=15
num_cat=0
split_feature=4 1 0 2 1 0 4 0 0 0 1 1 2 0
split_gain=2.90603 2.19731 1.98943 1.27666 1.23719 1.1491 1.70045 1.54703 1.70201 1.05182 1.06083 1.96081 1.08469 0.879931
threshold=32.278868064361241 0.414581040885942 0.63200490311008428 0.42244868731778557 0.080665416395330439 0.43993382312985224 9.305631982452816 0.50268236449482606 0.58469626549424725 0.25659936857773713 0.37745271677012154 0.34141116148336031 1.030461717784749 0.36180315583136019
decision_type=2 2 2 2 2 2 2 2 2 2 2 2 2 2
left_child=1 4 3 5 -1 6 -3 -7 -9 -6 11 12 13 -11
right_child=-2 2 -4 -5 9 7 -8 8 -10 10 -12 -13 -14 -15
leaf_value=-0.060381757442444915 -0.060152433737114951 0.06393948704712446 0.043834211031522137 0.046218147082833817 -0.06143829481752671 -0.065755360907392577 -0.013433454774895322 0.045931561727184746 -0.038780703038815846 0.046888777865096383 -0.028819805678720854 0.043285529110393767 0.047669083102639974 -0.012132118459504387
leaf_weight=1.4962718454189623 2.7593751967651761 1.7223111549392358 7.2149826081003985 2.0997411776334038 1.1145555260009157 1.9918459937907753 2.5168295633047819 1.5999096834566446 1.8309749795589594 0.96468641603134031 4.395839544478803 3.7011731291422612 1.3233573249308381 15.858225488860624
leaf_count=829 2904 30 681 152 437 32 64 49 47 134 58 60 39 484
internal_value=-0.000281404 0.00317258 0.0190302 0.00381456 -0.00725656 -0.00540068 0.0180022 -0.0236956 0.000722803 -0.004351 -0.0019265 0.0034846 -0.00463333 -0.00874765
internal_weight=50.5901 47.8307 18.9766 11.7616 28.8541 9.66187 4.23914 5.42273 3.43088 27.3578 26.2433 21.8474 18.1463 16.8229
internal_count=6000 3096 1055 374 2041 222 94 128 96 1212 775 717 657 618
is_linear=0
shrinkage=0.06


Tree=96
num_leaves=15
num_cat=0
split_feature=4 1 1 3 3 3 0 4 0 0 1 3 4 3
split_gain=2.73086 2.0236 1.47863 1.29294 1.10528 1.05088 0.898202 0.817442 1.17428 1.53096 1.98256 1.29331 1.83059 2.82231
threshold=32.278868064361241 0.64929526110382751 0.12945209946641592 0.83836259226989551 1.0000000180025095e-35 0.23428060706362133 0.86662995840781198 22.387281066057895 0.79926610420594935 0.66371725152329397 0.34141116148336031 0.35310485356192617 4.0076863768286719 0.54422723510763715
decision_type=2 2 2 2 2 2 2 2 2 2 2 2 2 2
left_child=1 2 -1 4 -4 -3 7 8 9 11 -11 -6 -13 -14
right_child=-2 5 3 -5 6 -7 -8 -9 -10 10 -12 12 13 -15
leaf_value=-0.049988793717219343 -0.060143670395031226 -0.0025759403735120499 -0.061991956356054055 0.060807170213906379 0.011429622044394922 0.062354607780618077 0.042490810490510622 -0.039504302033452822 -0.038139682785813964 0.0055620174428494549 0.066797304092202234 0.015422828605572729 -0.072632875226437757 -0.0023092013850955963
leaf_weight=2.0986222302308297 2.5990488278330295 1.290098470635711 1.017745679244398 1.2881671364884812 11.292711807647722 2.947514615021646 1.8206826366949815 1.8541218253667455 2.5123153482563785 5.6136110988445562 2.8798246823716909 4.2760748718865207 3.6306468096445297 4.7324662924511358
leaf_count=1136 2904 68 149 83 270 465 84 287 66 38 130 94 117 109
internal_value=-0.00026568 0.00302767 -0.000869346 0.00164989 -0.000272996 0.0425872 0.00135379 -0.000681922 0.00137836 0.00444022 0.0263247 -0.0033266 -0.0165108 -0.0328386
internal_weight=49.8537 47.2546 43.017 40.9184 39.6302 4.23761 38.6125 36.7918 34.9377 32.4253 8.49344 23.9319 12.6392 8.36311
internal_count=6000 3096 2563 1427 1344 533 1195 1111 824 758 168 590 320 226
is_linear=0
shrinkage=0.06


Tree=97
num_leaves=15
num_cat=0
split_feature=4 1 0 4 1 0 1 1 2 0 1 0 1 4
split_gain=2.56658 1.93136 1.80436 1.17286 1.11672 0.96935 0.963892 1.73926 0.981954 0.765325 2.44681 1.79399 0.853715 1.6807
threshold=32.278868064361241 0.414581040885942 0.63200490311008428 2.8481481807614224 0.080665416395330439 0.25659936857773713 0.37745271677012154 0.34141116148336031 1.030461717784749 0.36180315583136019 0.30430499356340585 0.46741457409268289 0.2900201930567034 6.4879515215367514
decision_type=2 2 2 2 2 2 2 2 2 2 2 2 2 2
left_child=1 4 3 -3 -1 -6 7 8 9 10 -7 -11 13 -13
right_child=-2 2 -4 -5 5 6 -8 -9 -10 11 -12 12 -14 -15
leaf_value=-0.060342950826029633 -0.060135404610630112 0.047616275794034296 0.042626143521190235 -0.0047488921750593075 -0.061327211944994735 -0.061638112714536425 -0.027753579190934775 0.041175104221734059 0.046087874931578107 -0.076620594908956022 0.12803251531857246 0.025468320348970685 -0.022685524293342561 -0.032027155363419421
leaf_weight=1.3416642956435705 2.4480182690313077 1.8321237287018473 6.7884137693326911 9.6507803868735191 1.0306122107431317 0.44444684445626492 4.3526785578578702 3.6145309662679201 1.2859528163680796 1.3901838042074803 0.54521827585995197 5.7159530578064714 5.9200626400997853 2.6924640785437077
leaf_count=829 2904 89 681 285 437 127 58 60 39 146 7 97 52 189
internal_value=-0.000252249 0.00289322 0.0181034 0.00360609 -0.00691519 -0.00425952 -0.00199406 0.0031947 -0.00443447 -0.00832291 0.0428537 -0.011545 -0.00523126 0.00705766
internal_weight=49.0531 46.6051 18.2713 11.4829 28.3338 26.9921 25.9615 21.6088 17.9943 16.7083 0.989665 15.7187 14.3285 8.40842
internal_count=6000 3096 1055 374 2041 1212 775 717 657 618 134 484 338 286
is_linear=0
shrinkage=0.06


Tree=98
num_leaves=15
num_cat=0
split_feature=4 1 0 2 1 4 0 1 4 1 0 4 4 0
split_gain=2.41137 1.79635 2.02577 1.2822 1.57274 0.814831 1.45765 0.80487 0.64254 0.769211 0.742819 0.629485 0.596142 3.8273
threshold=32.278868064361241 0.62025489969500913 0.47890375695411425 2.1799019657805832 0.12945209946641592 20.812404338645603 0.83898500475210402 0.61043685273926984 1.114990165321063 0.18983069382395951 0.78644129973690979 32.029796195050807 4.6189508858867034 0.55336654201289492
decision_type=2 2 2 2 2 2 2 2 2 2 2 2 2 2
left_child=1 3 -3 4 -1 8 7 11 -6 10 -10 -7 13 -11
right_child=-2 2 -4 -5 5 6 -8 -9 9 12 -12 -13 -14 -15
leaf_value=-0.060352338634110908 -0.060127610161090632 -0.015613216750982198 0.061490771315502769 0.04890506756558665 0.031248100511798566 -0.056177333010259047 0.069400302985158063 -0.16244153351092627 -0.065223623602028824 0.044603992999717824 0.020275089066677594 0.063533279745620105 0.0081598206824441844 -0.02852328464171763
leaf_weight=1.6956296453136008 2.3057465953170313 1.8651694026775647 3.5836037835106254 1.7330355281010259 2.3571463571861377 1.4665751316351809 0.39014460425823916 0.23293414711952198 1.2327987909666251 3.5328014607075628 0.52017556235659856 0.17724437051219855 17.766062830807641 9.5186620864551497
leaf_count=1128 2904 64 550 205 41 372 8 1 143 53 8 10 391 122
internal_value=-0.000248779 0.00274795 0.0350973 -0.00159105 -0.00384127 -0.00126504 -0.036124 -0.0580607 0.000997398 -0.00119186 -0.0398528 -0.0432696 0.00100727 -0.00872902
internal_weight=48.3777 46.072 5.44877 40.6232 38.8902 37.1945 2.2669 1.87675 34.9276 32.5705 1.75297 1.64382 30.8175 13.0515
internal_count=6000 3096 614 2482 2277 1149 391 383 758 717 151 382 566 175
is_linear=0
shrinkage=0.06


Tree=99
num_leaves=15
num_cat=0
split_feature=1 1 3 0 3 3 1 2 1 2 3 3 0 3
split_gain=2.11898 1.48063 1.21694 1.13427 1.16805 1.03843 0.892226 0.885721 1.24214 0.714599 0.520371 0.992832 1.0233 2.09179
threshold=0.12945209946641592 0.65592328732954164 1.0000000180025095e-35 0.24705499284442581 0.83836259226989551 0.23428060706362133 0.55791070399666443 0.50812819503718398 0.40753032868596178 6.330839783761796 0.097988461839770433 0.16908880812455077 0.84587243272932011 0.22977993997769344
decision_type=2 2 2 2 2 2 2 2 2 2 2 2 2 2
left_child=9 2 -2 6 7 -3 -4 10 -9 -1 -5 -12 13 -13
right_child=1 5 3 4 -6 -7 -8 8 -10 -11 11 12 -14 -15
leaf_value=-0.060239693673828851 -0.061678249731730576 -0.0064982181468081256 -0.061753180896988932 0.02603475309528781 0.063021574686348683 0.060149338423972437 0.0071504328181377424 -0.0038871629069187372 0.066484158329094004 0.06992380506593332 -0.03629510368442386 0.055420295164711024 -0.043739017081657998 -0.0021961027831899414
leaf_weight=2.4945810220669951 1.137722335057332 1.2469517211429768 1.755163457070011 2.3750512062688349 1.1707539875060309 2.5890190487261862 1.1008829111233351 1.8585868427762755 1.7562624793499706 0.1616812590509652 2.9341443885932703 2.5175942419446136 1.7649331046268333 22.922480848035775
leaf_count=2638 367 76 988 97 87 453 29 71 191 2 111 107 55 728
internal_value=-0.00023816 0.00282712 -0.000485258 0.0012485 0.00403889 0.0384843 -0.0351938 0.00212757 0.0303025 -0.0523169 -0.00100485 -0.00313565 0.0004407 0.00350572
internal_weight=47.7858 45.1295 41.2936 40.1559 37.2998 3.83597 2.85605 36.1291 3.61485 2.65626 32.5142 30.1392 27.205 25.4401
internal_count=6000 3360 2831 2464 1447 529 1017 1360 262 2640 1098 1001 890 835
is_linear=0
shrinkage=0.06


Tree=100
num_leaves=15
num_cat=0
split_feature=4 1 3 4 0 1 3 1 4 3 3 1 4 4
split_gain=2.18398 1.5873 2.29241 1.97412 1.34371 1.06488 1.04374 0.870207 1.01163 0.797384 1.81353 1.39872 2.41233 1.78564
threshold=32.278868064361241 0.48492186723226655 0.42781159638174632 6.0698155640957774 0.25659936857773713 0.71960068441903913 0.83836259226989551 0.56619230960298073 13.709232086553724 0.72868423352234413 0.68606275104721115 0.25771436354999749 3.4625904132490302 2.9951031276850881
decision_type=2 2 2 2 2 2 2 2 2 2 2 2 2 2
left_child=1 4 3 5 -1 -3 9 -5 -9 10 11 13 -13 -6
right_child=-2 2 -4 7 6 -7 -8 8 -10 -11 -12 12 -14 -15
leaf_value=-0.061185672931848997 -0.060121634025022831 0.062357317565749866 0.056926027488623861 -0.058844799099956074 0.014368069933413967 -0.022204450799491481 0.059869903893709456 0.034014911901815666 -0.032978461149227624 -0.034479890324602226 0.073709789739538289 -0.026517147443070186 0.01753447245546998 -0.053118041343781341
leaf_weight=1.4251701710163605 2.0943665719823903 2.1557732285000371 4.2125196624547243 1.5331292959162963 2.203346558788339 0.7135654583107679 0.96322675887495179 1.4237504610791805 1.8868075339123604 2.7353584432858034 1.1361993413884182 6.5144375672098276 14.296560089394914 3.927251487999456
leaf_count=797 2904 91 605 43 110 67 40 66 39 52 23 71 241 851
internal_value=-0.000225576 0.00255422 0.0213302 0.00188927 -0.00418984 0.041328 -0.00163358 -0.0214737 -0.00416705 -0.00355619 -0.000543587 -0.00367505 0.00374506 -0.0288634
internal_weight=47.2215 45.1271 11.9255 7.71303 33.2016 2.86934 31.7764 4.84369 3.31056 30.8132 28.0778 26.9416 20.811 6.1306
internal_count=6000 3096 911 306 2185 158 1388 148 105 1348 1296 1273 312 961
is_linear=0
shrinkage=0.06


Tree=101
num_leaves=15
num_cat=0
split_feature=4 1 1 2 0 0 0 4 0 1 4 0 1 0
split_gain=2.05321 1.47825 1.09269 0.978081 0.891271 0.81577 1.20267 1.21773 1.02076 1.1691 1.61053 1.16599 1.10453 1.12164
threshold=32.278868064361241 0.64929526110382751 0.080665416395330439 2.1799019657805832 0.47890375695411425 0.86662995840781198 0.83898500475210402 20.812404338645603 0.66371725152329397 0.33196933062923856 2.9951031276850881 0.62773278573506508 0.21920711340312485 0.59865792380995653
decision_type=2 2 2 2 2 2 2 2 2 2 2 2 2 2
left_child=1 2 -1 5 -3 6 7 8 11 -10 -11 12 -4 -14
right_child=-2 4 3 -5 -6 -7 -8 -9 9 10 -12 -13 13 -15
leaf_value=-0.060293932700354921 -0.060114620608182734 -0.0035009854462583066 -0.049034281940327142 0.045753715033213273 0.060080962495862998 0.040104645782672449 -0.063204129638410184 -0.046251114366429293 -0.00033641336789973491 -0.0083493196585832999 0.067514591455659564 -0.033360806534088856 -0.00084754980638038885 0.042527640662428909
leaf_weight=1.082093850855016 1.9726233136898361 1.1797644034959369 1.4557184579607625 1.6702910778112698 2.4252500366419554 1.6508440901525308 1.1572849444346491 2.0228949391748747 5.7076471034088154 1.555503216339275 2.8589653857052326 4.3191669980296856 14.997801362595057 2.5046237092465153
leaf_count=829 2904 55 329 222 478 68 27 516 77 39 88 61 284 23
internal_value=-0.000212117 0.00243805 -0.000802135 0.000811261 0.0392734 -0.00115228 -0.00301421 -0.00104774 0.00169008 0.0175966 0.0407828 -0.00522683 0.00118283 0.00535951
internal_weight=46.5605 44.5878 40.9828 39.9007 3.60501 38.2305 36.5796 35.4223 33.3994 10.1221 4.41447 23.2773 18.9581 17.5024
internal_count=6000 3096 2563 1734 533 1512 1444 1417 901 204 127 697 636 307
is_linear=0
shrinkage=0.06


Tree=102
num_leaves=15
num_cat=0
split_feature=4 1 3 4 0 1 3 1 4 1 1 0 3 1
split_gain=1.93045 1.37737 2.16557 1.80128 1.2516 1.0473 0.978817 0.857507 0.780482 0.759704 1.56318 0.79038 1.73844 2.18297
threshold=32.278868064361241 0.48492186723226655 0.42781159638174632 6.0698155640957774 0.25659936857773713 0.71960068441903913 0.83836259226989551 0.53601624807887072 13.709232086553724 0.47153392554097173 0.45744229104418804 0.66371725152329397 0.27216780343487196 0.38315142540784325
decision_type=2 2 2 2 2 2 2 2 2 2 2 2 2 2
left_child=1 4 3 5 -1 -3 9 -5 -9 10 11 12 -6 -14
right_child=-2 2 -4 7 6 -7 -8 8 -10 -11 -12 -13 13 -15
leaf_value=-0.061158086490309932 -0.06010800718244376 0.061577276346564354 0.056254297185359535 -0.064597345519354962 0.01942336584052929 -0.023185590895215911 0.05958729379489637 0.025621306948225633 -0.031012769625573151 -0.044235135711846708 0.075969114058157663 0.0082588495778842461 -0.010171684809836892 -0.071322095629545126
leaf_weight=1.3213138600112859 1.8579448815726198 2.0547490949975313 3.9400640445528552 1.2106513652252031 4.521499207796313 0.70474585727788497 0.91538506280630727 1.5622913788538428 1.9942082283087073 1.5550224543549109 0.91542680351994832 11.611274223221697 9.0808312834124063 2.7344448221847406
leaf_count=797 2904 91 605 29 469 67 40 74 45 29 23 297 501 29
internal_value=-0.000196828 0.00232599 0.0202158 0.00135028 -0.00395592 0.0399297 -0.00154377 -0.0209817 -0.00613468 -0.00338339 -0.0011825 -0.00370957 -0.0122161 -0.0243239
internal_weight=45.9799 44.1219 11.4667 7.52665 32.6552 2.75949 31.3339 4.76715 3.5565 30.4185 28.8635 27.948 16.3368 11.8153
internal_count=6000 3096 911 306 2185 158 1388 148 119 1348 1319 1296 999 530
is_linear=0
shrinkage=0.06


Tree=103
num_leaves=15
num_cat=0
split_feature=4 1 3 1 3 3 0 0 4 0 1 0 0 4
split_gain=1.81512 1.30391 1.02873 1.03102 1.02457 0.953968 0.754087 1.17355 1.23709 0.973672 1.49466 1.07672 1.03631 1.97781
threshold=32.278868064361241 0.64929526110382751 1.0000000180025095e-35 0.080665416395330439 0.23428060706362133 0.83836259226989551 0.86662995840781198 0.83898500475210402 22.387281066057895 0.66371725152329397 0.38315142540784325 0.62773278573506508 0.53138136493111554 4.7649637197871639
decision_type=2 2 2 2 2 2 2 2 2 2 2 2 2 2
left_child=1 2 -1 -4 -3 6 7 8 9 11 -11 12 13 -5
right_child=-2 4 3 5 -6 -7 -8 -9 -10 10 -12 -13 -14 -15
leaf_value=-0.061834096208537609 -0.060101772131055671 -0.0070196075828652792 -0.060298411452259018 0.026685346675572558 0.062132751391094164 0.059998717357583768 0.040088681100157363 -0.060744652352250919 -0.051838977135563229 0.0069662014782052618 0.064327449382816426 -0.03043672087221129 0.022276612566826635 -0.024018915443718911
leaf_weight=0.96988413837971066 1.7499226211220946 1.1861603818833821 0.97238312769331869 4.1335452281637179 2.2053864377085119 1.0032933518523339 1.6725014814874146 1.150553737534209 1.5329034448077425 7.6297532771714014 2.0814774653408676 4.307378366822376 6.4753826826345167 8.3923880547226855
leaf_count=263 2904 68 750 98 465 83 85 31 388 71 149 69 130 446
internal_value=-0.000181795 0.00221693 -0.00078846 0.000716111 0.0379474 0.00226199 0.000712142 -0.00113243 0.000852565 0.0032987 0.0192608 -0.0033517 0.00278816 -0.00728656
internal_weight=45.4629 43.713 40.3214 39.3516 3.39155 38.3792 37.3759 35.7034 34.5528 33.0199 9.71123 23.3087 19.0013 12.5259
internal_count=6000 3096 2563 2300 533 1550 1467 1382 1351 963 220 743 674 544
is_linear=0
shrinkage=0.06


Tree=104
num_leaves=15
num_cat=0
split_feature=4 2 1 1 0 0 4 1 1 1 1 4 4 0
split_gain=1.70684 1.3651 1.33697 0.826887 2.11019 0.652553 0.618751 0.614575 1.05293 0.643132 1.46659 0.843008 1.25842 1.03051
threshold=32.278868064361241 2.1672471829615545 0.12945209946641592 0.62025489969500913 0.47890375695411425 0.26551659008999362 1.114990165321063 0.18983069382395951 0.1336604448602349 0.21090803808500383 0.19560360314836525 3.1378162979648043 2.474746022830518 0.53138136493111554
decision_type=2 2 2 2 2 2 2 2 2 2 2 2 2 2
left_child=1 2 -1 6 -5 -3 -4 8 -8 10 -9 12 -11 -13
right_child=-2 5 3 4 -6 -7 7 9 -10 11 -12 13 -14 -15
leaf_value=-0.060293731939101286 -0.060095893975052009 -0.03779934339952503 0.028795697345915479 -0.030458649006726304 0.061527957359392239 0.060449029455249798 0.057878098142426122 0.092220901872280991 -0.061558115808341946 0.0005124711599517191 -0.028798459796174271 -0.013198220981898229 -0.051371820679882253 0.012419702772973169
leaf_weight=1.2974843914853398 1.648171367967733 0.27847851044498328 2.3089248389005652 1.4142193365842097 2.4585532455239445 1.9304164632922036 0.32950234453892235 0.79762649809709063 1.3728258039336649 3.9133840033318874 0.65779903784277849 9.4665644230553898 2.9526407311204821 14.031765234074554
leaf_count=1127 2904 12 41 39 374 395 18 31 254 60 58 380 35 272
internal_value=-0.000169494 0.00211629 -0.000359022 0.00159959 0.0279372 0.0480627 -0.0012471 -0.00331637 -0.0384401 -0.00143729 0.0375246 -0.00330481 -0.0217997 0.00209924
internal_weight=44.8584 43.2102 41.0013 39.7038 3.87277 2.20889 35.831 33.5221 1.70233 31.8198 1.45543 30.3644 6.86602 23.4983
internal_count=6000 3096 2689 1562 413 407 1149 1108 272 836 89 747 95 652
is_linear=0
shrinkage=0.06


Tree=105
num_leaves=15
num_cat=0
split_feature=4 2 1 1 0 0 4 0 4 1 4 4 4 0
split_gain=1.60488 1.27421 1.25747 0.758459 1.97285 0.612595 0.608949 1.34307 0.526502 0.482511 1.76955 0.876714 2.50121 2.67836
threshold=32.278868064361241 2.1672471829615545 0.12945209946641592 0.62025489969500913 0.47890375695411425 0.26551659008999362 20.812404338645603 0.83898500475210402 31.10742788559568 0.48492186723226655 6.0698155640957774 9.5249494983990228 10.580230721468595 0.53438247723468013
decision_type=2 2 2 2 2 2 2 2 2 2 2 2 2 2
left_child=1 2 -1 6 -5 -3 9 8 -8 11 -11 -4 -13 -14
right_child=-2 5 3 4 -6 -7 7 -9 -10 10 -12 12 13 -15
leaf_value=-0.060276966110600516 -0.060090353439168361 -0.036268412125696509 -0.0079981197173677188 -0.028400729281997925 0.061246760381216236 0.060087290161527397 -0.06859142805334574 0.0700446655679621 0.040778475693549691 0.060805407004272706 -0.010402129388302908 0.10494587915063708 -0.049081982043660072 0.037231508056706435
leaf_weight=1.222254362393868 1.5523281333444163 0.27299235842656289 22.093527993187312 1.425337866181507 2.3256912062643096 1.8286160834832115 1.4555272751895239 0.36908259766641993 0.17781280976487313 2.060443758731707 3.2193988126236945 0.98970100632868607 2.2277740095742047 3.0885411346098408
leaf_count=1127 2904 12 295 39 374 395 342 8 41 92 78 25 196 72
internal_value=-0.000161318 0.00201447 -0.000340511 0.00151727 0.027182 0.047571 -0.00118072 -0.0333264 -0.0566849 0.000730517 0.0173864 -0.00236603 0.0173664 0.00106229
internal_weight=44.309 42.7567 40.6551 39.4328 3.75103 2.10161 35.6818 2.00242 1.63334 33.6794 5.27984 28.3995 6.30602 5.31632
internal_count=6000 3096 2689 1562 413 407 1149 391 383 758 170 588 293 268
is_linear=0
shrinkage=0.06


Tree=106
num_leaves=15
num_cat=0
split_feature=4 2 1 3 1 3 0 0 1 1 3 3 4 1
split_gain=1.50943 1.18825 1.18451 0.948685 0.709818 2.50911 1.22643 1.84804 0.90368 1.64102 1.04448 0.803912 1.94034 2.57286
threshold=32.278868064361241 2.1799019657805832 0.12945209946641592 0.038332863274977945 0.414581040885942 0.42977292799977268 0.63200490311008428 0.43993382312985224 0.37745271677012154 0.34141116148336031 0.69477485822324725 0.20186784084470591 2.8481481807614224 0.30430499356340585
decision_type=2 2 2 2 2 2 2 2 2 2 2 2 2 2
left_child=1 2 -1 -4 8 6 7 -6 9 10 11 -5 -13 -14
right_child=-2 -3 3 4 5 -7 -8 -9 -10 -11 -12 12 13 -15
leaf_value=-0.060260928496647895 -0.060085130356033946 0.047106879911544115 -0.057384494215449472 0.016417473272816445 0.019083332349885157 0.0533677668232517 0.030285622710939888 -0.042088026402202966 -0.028931649159536107 0.04083759727162805 0.02876024322109743 -0.058480733543971458 -0.027096634844754452 0.046972000574918772
leaf_weight=1.1527162531565398 1.4620508079533454 1.9964514017337922 0.96225152633269218 2.7841866489907359 3.131734208611304 4.0674558538012198 2.9430970043176785 4.1129231646191329 4.1255982546717851 3.2601172057911745 2.6471633628243572 3.2630406087264401 5.2598352071654517 2.4863803182379343
leaf_count=1128 2904 404 166 123 58 434 135 59 60 56 48 42 344 39
internal_value=-0.000150281 0.00192655 -0.000317431 0.00145232 0.00293902 0.0135293 -0.00237612 -0.0156448 -0.00339713 0.00195014 -0.00576111 -0.0123863 -0.0196706 -0.00332208
internal_weight=43.655 42.193 40.1965 39.0438 38.0815 14.2552 10.1878 7.24466 23.8263 19.7007 16.4406 13.7934 11.0093 7.74622
internal_count=6000 3096 2692 1564 1398 686 252 117 712 652 596 548 425 383
is_linear=0
shrinkage=0.06


Tree=107
num_leaves=15
num_cat=0
split_feature=4 1 3 0 0 0 1 1 0 1 3 1 1 3
split_gain=1.44661 1.38361 1.36742 1.16863 0.942551 0.8449 0.759531 0.930472 0.690945 0.615187 0.588762 0.549349 1.55027 1.02555
threshold=22.387281066057895 0.48492186723226655 0.42781159638174632 0.63200490311008428 0.25659936857773713 0.83898500475210402 0.47153392554097173 0.42921993223291766 0.43993382312985224 0.62664115606000326 0.86307351809613209 0.37745271677012154 0.34141116148336031 0.68606275104721115
decision_type=2 2 2 2 2 2 2 2 2 2 2 2 2 2
left_child=1 4 3 8 -1 9 7 11 -3 10 -2 12 13 -6
right_child=5 2 -4 -5 6 -7 -8 -9 -10 -11 -12 -13 -14 -15
leaf_value=-0.061375561042661862 -0.063699874040490712 0.013172029625021033 0.057625402471347793 0.053056255076317824 -0.011386074158591372 0.055014076880423604 -0.04350569056775639 0.035459668398349437 -0.032868298142572042 0.006693896815894401 0.054307910054489462 -0.020835910302567848 0.040629901263676979 0.02937296460180203
leaf_weight=0.96285252034431579 2.6200372577295643 2.7085435427725297 2.9093726347200572 1.5585035501280797 14.574441900447725 0.33840274775866408 1.4408667485695321 2.5837434005225068 2.0704907028703019 0.68333848979091261 0.16158910514786828 4.7044060947373501 3.1474195804912588 2.6221750129479906
leaf_count=423 3594 39 593 185 768 32 27 64 62 38 8 67 48 52
internal_value=-0.000143722 0.00327718 0.0235717 0.00793871 -0.00297073 -0.0354763 -0.00103646 0.00117808 -0.00677469 -0.044314 -0.0568446 -0.00235807 0.0019148 -0.00517105
internal_weight=43.0862 39.2828 9.24691 6.33754 30.0359 3.80337 29.0731 27.6322 4.77903 3.46496 2.78163 25.0484 20.344 17.1966
internal_count=6000 2328 879 286 1449 3672 1026 999 101 3640 3602 935 868 820
is_linear=0
shrinkage=0.06


Tree=108
num_leaves=15
num_cat=0
split_feature=4 2 3 3 3 0 3 3 3 0 0 0 0 0
split_gain=1.34227 1.09011 0.943495 0.748994 0.844097 0.934838 1.04112 1.65561 2.11899 1.37937 0.903056 1.458 0.813616 1.87014
threshold=32.278868064361241 2.1672471829615545 1.0000000180025095e-35 0.83836259226989551 0.82045453163569571 0.66371725152329397 0.11736340630542946 0.30715645387232499 0.21293481441733575 0.71764052866000716 0.62773278573506508 0.62391022425081788 0.61557454871876283 0.59865792380995653
decision_type=2 2 2 2 2 2 2 2 2 2 2 2 2 2
left_child=1 2 -1 4 5 10 -7 8 -8 -9 11 12 13 -4
right_child=-2 -3 3 -5 -6 6 7 9 -10 -11 -12 -13 -14 -15
leaf_value=-0.061764307328490982 -0.060080340310899913 0.046129801902038421 -0.006219170121066043 0.054912594409369631 -0.060828553179051302 0.076712420280867638 0.022017775888431616 -0.0031014335083760082 -0.06778675852211366 0.046277891988649393 -0.031181493728572634 0.09417209393714096 -0.062906169476872165 0.067264140848152118
leaf_weight=0.88133977618417603 1.3035223751503497 1.9014923220966 16.961818375595627 0.90657481958623876 0.8109319080831473 0.88890516548417409 1.8685693489969701 3.6457771343993937 1.9155231473268939 4.6138329233508557 4.2150383276166385 0.56777864886680518 0.79269929241854598 1.3457254022359837
leaf_count=264 2904 407 1653 95 26 31 47 82 60 269 91 14 23 34
internal_value=-0.000133335 0.001758 -0.000382653 0.00102128 -0.000277174 0.00105658 0.0140495 0.00942451 -0.0234416 0.0244819 -0.00597902 -0.0005779 -0.00339446 -0.000817661
internal_weight=42.6195 41.316 39.4145 38.5332 37.6266 36.8157 12.9326 12.0437 3.78409 8.25961 23.8831 19.668 19.1002 18.3075
internal_count=6000 3096 2689 2425 2330 2304 489 458 107 351 1815 1724 1710 1687
is_linear=0
shrinkage=0.06


Tree=109
num_leaves=15
num_cat=0
split_feature=4 2 3 0 0 4 4 4 3 0 4 0 0 4
split_gain=1.27825 1.04856 0.809283 0.7464 0.593971 1.69781 1.60004 3.02972 1.10865 1.03849 0.923304 0.842055 0.900923 1.99785
threshold=22.387281066057895 2.5312633273631793 1.0000000180025095e-35 0.83898500475210402 0.66371725152329397 9.5249494983990228 2.474746022830518 2.7395935434564898 0.30715645387232499 0.8336945308651772 4.0076863768286719 0.62773278573506508 0.53138136493111554 2.0423478707627805
decision_type=2 2 2 2 2 2 2 2 2 2 2 2 2 2
left_child=1 2 -1 -2 11 6 -6 -8 -9 -10 -11 12 -4 -14
right_child=3 -3 4 -5 5 -7 7 8 9 10 -12 -13 13 -15
leaf_value=-0.061853143299976911 -0.043147907296874843 0.054614345184639694 -0.0068794818717871952 0.052960027774530793 0.039022743431240334 0.05942994512143733 -0.10855552842341583 -0.02499800455084816 0.046623681932919402 -0.091702100734324082 0.027533418045432672 -0.027174826217921669 -0.039692875043824342 0.038789362343016491
leaf_weight=0.71971111191669379 3.240973265812499 1.3692834123503406 13.224116182595031 0.31959473231108848 3.0374785157619026 2.3105153988581142 1.0227831554366273 2.8023693470750004 2.4458870056550954 0.43460764340125013 0.50599112489726394 4.3048674475285216 1.5252071843133297 4.9812611875240691
leaf_count=159 3640 356 933 32 146 118 15 68 134 26 59 96 33 185
internal_value=-0.000119606 0.0030468 0.00115451 -0.0345213 0.00239367 0.0129682 0.00249405 -0.0128915 0.00291812 0.0260192 -0.0275599 -0.003132 0.00211372 0.020392
internal_weight=42.2446 38.6841 37.3148 3.56057 36.5951 12.5596 10.2491 7.21164 6.18886 3.38649 0.940599 24.0355 19.7306 6.50647
internal_count=6000 2328 1972 3672 1813 566 448 302 287 219 85 1247 1151 218
is_linear=0
shrinkage=0.06


Tree=110
num_leaves=15
num_cat=0
split_feature=4 2 3 0 0 3 0 3 3 0 0 4 0 3
split_gain=1.2123 0.947101 0.85051 0.722705 2.21554 0.899965 1.98741 1.38409 0.938221 0.813253 1.1522 1.05284 0.907971 1.09233
threshold=32.278868064361241 4.0823532354097045 1.0000000180025095e-35 0.86662995840781198 0.84587243272932011 0.77692576249887391 0.39911338455049811 0.76216246761986572 0.68606275104721115 0.81288350302984647 0.79926610420594935 20.812404338645603 0.66371725152329397 0.35310485356192617
decision_type=2 2 2 2 2 2 2 2 2 2 2 2 2 2
left_child=1 2 -1 4 5 7 -7 8 9 10 11 12 13 -4
right_child=-2 -3 3 -5 -6 6 -8 -9 -10 -11 -12 -13 -14 -15
leaf_value=-0.061565817300186856 -0.060075327720572676 0.05963552308048576 0.0075574425940672296 0.039997377265351075 -0.091668797356787776 -0.0645938314372725 0.06462576810606524 -0.079845999146859456 0.043904979218990128 0.045489107236214646 -0.083542236892482344 -0.047470139229406724 0.019860766642834038 -0.020264451621261267
leaf_weight=0.78702073774184 1.1794162948499423 0.98874756332952429 11.273846409982086 1.6743149101966981 0.9314819717546915 0.54709797972463947 1.9763018359080886 0.77401115326210757 1.7633001279318694 1.2941863967571396 0.62742578878532995 1.6812178237305477 7.1405794974416485 9.247232206136685
leaf_count=264 2904 217 547 154 48 21 163 20 102 61 19 722 257 501
internal_value=-0.00010719 0.00163029 0.000186302 0.00143467 -0.000298338 0.00204466 0.0366097 -0.000535714 0.00132293 -0.00107867 -0.00308957 -0.00136929 0.00143262 -0.00497969
internal_weight=41.8862 40.7068 39.718 38.931 37.2567 36.3252 2.5234 33.8018 33.0278 31.2645 29.9703 29.3429 27.6617 20.5211
internal_count=6000 3096 2879 2615 2461 2413 184 2229 2209 2107 2046 2027 1305 1048
is_linear=0
shrinkage=0.06


Tree=111
num_leaves=15
num_cat=0
split_feature=1 3 1 3 0 0 0 4 0 1 3 3 4 4
split_gain=1.24039 0.903426 0.882542 2.19299 1.12128 1.45962 1.41973 1.58281 1.10201 0.790952 0.818396 1.54737 0.959898 1.01281
threshold=0.12945209946641592 1.0000000180025095e-35 0.414581040885942 0.42977292799977268 0.63200490311008428 0.43669307699269838 0.41636676475883289 5.925288155565446 0.13880971197528266 0.40033855830315818 0.77692576249887391 0.76216246761986572 19.056228285029661 9.5249494983990228
decision_type=2 2 2 2 2 2 2 2 2 2 2 2 2 2
left_child=-1 -2 9 4 5 6 7 -4 -9 10 11 12 13 -3
right_child=1 2 3 -5 -6 -7 -8 8 -10 -11 -12 -13 -14 -15
leaf_value=-0.051330950198805493 -0.061388041147752787 -0.006075630039642608 0.073181930756036087 0.051834613241919153 0.031443729936064521 -0.035258081462713017 0.082495445257400934 0.04470296142235574 -0.060093611432264306 -0.051141415299320162 0.036398543841329699 -0.094145758273999916 -0.060912661707591097 0.027227793345912004
leaf_weight=1.6341336843033776 0.79318095734924909 15.212146533187495 0.68077477626502414 4.1481006985413833 3.0241193185793236 4.2458393091801554 0.89088958606589574 0.48459841054864217 1.4190745939267797 1.2067165104090225 1.9008694706426457 0.67412236900417966 0.94155061899800685 4.1936920401640227
leaf_count=2640 370 210 12 705 212 94 14 61 91 41 66 16 1291 177
internal_value=-9.76899e-05 0.00200505 0.00329359 0.0147787 0.000473682 -0.0116562 0.0171783 -0.00533728 -0.0334166 -0.00379545 -0.00130299 -0.00471215 -0.00174916 0.00112139
internal_weight=41.4498 39.8157 39.0225 14.8934 10.7453 7.72118 3.47534 2.58445 1.90367 24.1291 22.9224 21.0215 20.3474 19.4058
internal_count=6000 3360 2990 1189 484 272 178 164 152 1801 1760 1694 1678 387
is_linear=0
shrinkage=0.06


Tree=112
num_leaves=15
num_cat=0
split_feature=1 3 1 3 2 0 0 0 3 3 0 1 3 3
split_gain=1.14749 0.846405 0.797641 2.02813 1.1196 1.21336 1.66601 1.35737 0.783514 0.774266 0.75371 0.74843 0.743109 1.25004
threshold=0.12945209946641592 1.0000000180025095e-35 0.414581040885942 0.42977292799977268 0.50812819503718398 0.63200490311008428 0.43669307699269838 0.41636676475883289 0.21293481441733575 0.3409001944939371 0.25659936857773713 0.40033855830315818 0.77692576249887391 0.72868423352234413
decision_type=2 2 2 2 2 2 2 2 2 2 2 2 2 2
left_child=-1 -2 10 4 5 6 7 9 -7 -4 -3 12 13 -12
right_child=1 2 3 -5 -6 8 -8 -9 -10 -11 11 -13 -14 -15
leaf_value=-0.050501374731706183 -0.061309164483389342 -0.06108582051050717 -0.04525203304344165 0.050611868894573406 0.046900498676135396 0.067943218884499751 -0.047674226875453939 0.083183263351725309 0.00070311329817491575 0.032296215440198797 0.0011388829033009535 -0.047825555808088102 0.037661823961467999 -0.065031273258810904
leaf_weight=1.5634928516083153 0.74792160117067297 0.7935128649405695 1.0931230740097801 3.998067133332369 1.5891758352809109 1.0123113156296315 3.7346271931892261 0.74538198893424112 1.6258436220232395 0.80470492044696573 19.157735475659148 1.1970945624343574 1.8153072599088762 1.086050220648757
leaf_count=2640 370 914 120 705 144 42 59 10 80 29 790 23 50 24
internal_value=-9.01212e-05 0.00191028 0.00313356 0.0141946 0.0004655 -0.00771922 -0.0218756 0.0145755 0.0265044 -0.0123705 -0.00358279 -0.00162076 0.000886663 -0.00241105
internal_weight=40.9643 39.4009 38.6529 14.6032 10.6052 9.01599 6.37784 2.64321 2.63815 1.89783 24.0497 23.2562 22.0591 20.2438
internal_count=6000 3360 2990 1189 484 340 218 159 122 149 1801 887 864 814
is_linear=0
shrinkage=0.06


Tree=113
num_leaves=15
num_cat=0
split_feature=1 3 2 4 1 3 4 1 3 4 3 3 4 4
split_gain=1.06424 0.793835 0.75079 0.685244 0.721139 1.06148 0.969498 0.934771 0.867654 0.922876 2.04255 1.78142 0.844458 0.669181
threshold=0.12701734460406025 1.0000000180025095e-35 2.429026307238165 20.812404338645603 0.48492186723226655 0.42781159638174632 6.0698155640957774 0.64229312503130875 0.11536116210258204 9.5249494983990228 0.32672784263453819 0.5312385115515067 13.398371459495229 6.7524034627805385
decision_type=2 2 2 2 2 2 2 2 2 2 2 2 2 2
left_child=-1 -2 3 4 8 6 7 -6 -3 13 12 -12 -11 -10
right_child=1 2 -4 -5 5 -7 -8 -9 9 10 11 -13 -14 -15
leaf_value=-0.050832459153491209 -0.061232098576387818 0.038709564236058765 0.047042516465914334 -0.028604588143225279 0.066563644103976707 0.055879866484020331 -0.01455538473241069 -0.016177680324556978 -0.0054387047705619111 0.13367310265781263 -0.06192569861408672 0.021589485781924267 0.038181287243383794 -0.036107449513561242
leaf_weight=1.4347540882736201 0.7066877625475162 1.8422517165017804 1.341218211891827 2.5599908962176405 1.3872918600682163 2.12622794683557 3.2956207552924752 0.76128137449268241 16.201768492290292 0.6145488008041855 1.2917386348417492 3.1904571822378784 0.72869791119592264 3.0421877208282231
leaf_count=2616 376 38 381 1512 39 395 84 70 198 19 77 67 69 59
internal_value=-8.03275e-05 0.00178247 0.00294266 0.00134589 0.00356945 0.0199291 0.00588855 0.0372468 -0.00103263 -0.00395313 0.0169703 -0.00247903 0.0818697 -0.010287
internal_weight=40.5247 39.09 38.3833 37.0421 34.4821 7.57042 5.44419 2.14857 26.9117 25.0694 5.82544 4.4822 1.34325 19.244
internal_count=6000 3384 3008 2627 1115 588 193 109 527 489 232 144 88 257
is_linear=0
shrinkage=0.06


Tree=114
num_leaves=15
num_cat=0
split_feature=4 2 1 1 3 3 0 0 3 0 4 1 1 4
split_gain=1.01465 0.825673 0.974436 0.653987 0.581775 0.62347 0.597776 0.988375 0.76751 2.11505 0.656797 0.91396 0.616681 1.33122
threshold=32.278868064361241 4.0823532354097045 0.12945209946641592 0.76371328776908365 0.05028528783859091 0.082987401299097027 0.86662995840781198 0.83898500475210402 0.77692576249887391 0.39911338455049811 20.812404338645603 0.62664115606000326 0.34141116148336031 2.8481481807614224
decision_type=2 2 2 2 2 2 2 2 2 2 2 2 2 2
left_child=1 2 -1 4 -4 -6 7 8 10 -10 12 -12 -7 -14
right_child=-2 -3 3 -5 5 6 -8 -9 9 -11 11 -13 13 -15
leaf_value=-0.060258009205674909 -0.06007035901514151 0.059332180050845645 -0.04305801481524215 0.047148800843001312 0.039661505231143493 -0.0098569246484793895 0.037263667629868359 -0.057831565659104793 -0.071701496212952048 0.0683434871999343 -0.068156658665901773 0.041978427616722457 0.049342928017068292 0.00018078133942586131
leaf_weight=0.93837633545626786 0.98980175175529339 0.8672850425937203 1.0827077045250906 1.1035591870313499 1.4836240536824323 12.876293142326185 1.4752881354652334 1.0945827633840952 0.51006506884004865 1.625322939828038 1.1162402371701308 0.35833333432674397 2.3671210893662638 12.214737415197304
leaf_count=1132 2904 217 179 222 39 324 115 42 14 121 291 4 122 274
internal_value=-7.6233e-05 0.00144197 0.000129232 0.00164811 0.00026118 0.0015966 -8.22785e-05 -0.00179532 0.000178933 0.0348919 -0.00238307 -0.0413929 -0.000288139 0.00816143
internal_weight=40.1033 39.1135 38.2463 37.3079 36.2043 35.1216 33.638 32.1627 31.0681 2.13539 28.9327 1.47457 27.4582 14.5819
internal_count=6000 3096 2879 1747 1525 1346 1307 1192 1150 135 1015 295 720 396
is_linear=0
shrinkage=0.06


Tree=115
num_leaves=15
num_cat=0
split_feature=1 3 0 1 5 1 1 3 1 3 0 0 1 3
split_gain=0.924138 0.70924 0.691315 1.93113 1.62175 1.32749 1.24225 1.20022 1.14592 0.856843 1.4024 1.48261 1.48575 1.26787
threshold=0.12701734460406025 1.0000000180025095e-35 0.53138136493111554 0.30430499356340585 1.0000000180025095e-35 0.62025489969500913 0.35486482448452922 0.11736340630542946 0.34141116148336031 0.5312385115515067 0.62773278573506508 0.66371725152329397 0.33196933062923856 0.26160314670076396
decision_type=2 2 2 2 2 2 2 2 2 2 2 2 2 2
left_child=-1 -2 3 -3 5 7 8 -4 -5 10 -9 -12 -13 -14
right_child=1 2 4 6 -6 -7 -8 9 -10 -11 11 12 13 -15
leaf_value=-0.049891641697433577 -0.061116802899753707 -0.05880814244002338 0.054559418067037936 0.01675673789626549 -0.065929359004957541 0.06226326052004505 -0.0082618878398358023 0.030508664763923936 0.11314586691452486 0.018147539293062603 -0.062964415151902126 -0.03754464960707786 -0.030296482564531959 0.04643767923497636
leaf_weight=1.2963792736700259 0.63797750287630961 2.255309269836288 1.8178686375031343 1.8288271093042561 1.000785262644057 1.7538073254981998 9.0724042744113813 2.6716733688372214 0.58638668779167336 8.2971408263838367 2.1068070268665888 2.7838110709853936 1.1560780175495895 2.352753919607494
leaf_count=2616 376 1230 35 119 33 505 501 75 46 273 37 37 26 91
internal_value=-6.8715e-05 0.00161674 0.00267881 -0.00804729 0.00883602 0.0120978 0.00191835 0.00794501 0.0401589 0.00356987 -0.00735522 -0.0193989 -0.0048129 0.0211556
internal_weight=39.618 38.3216 37.6837 13.7429 23.9407 22.9399 11.4876 21.1861 2.41521 19.3683 11.0711 8.39945 6.29264 3.50883
internal_count=6000 3384 3008 1896 1112 1079 666 574 165 539 266 191 154 117
is_linear=0
shrinkage=0.06


Tree=116
num_leaves=15
num_cat=0
split_feature=4 2 3 3 0 4 4 3 4 0 4 0 3 0
split_gain=0.922272 0.768875 0.619795 0.795429 0.672003 1.04878 1.33744 1.32489 1.18494 1.2926 0.906065 1.72736 1.26011 1.0965
threshold=32.278868064361241 4.0823532354097045 0.83836259226989551 0.82045453163569571 0.66371725152329397 1.114990165321063 3.7406429647254495 0.41844511694005632 2.474746022830518 0.6986355898912916 10.580230721468595 0.40175821070506418 0.67201005481529597 0.46317190696790389
decision_type=2 2 2 2 2 2 2 2 2 2 2 2 2 2
left_child=1 2 3 4 10 -6 8 -8 9 -7 11 -1 13 -13
right_child=-2 -3 -4 -5 5 6 7 -9 -10 -11 -12 12 -14 -15
leaf_value=0.040491839630296636 -0.060068174770468219 0.059062519416254539 0.054091824093168789 -0.060767080387819972 0.081773453967284623 -0.04796279977215584 0.004162585955442057 0.058951814460269029 -0.042163585190107759 0.051455546838075246 -0.023412613846173821 -0.055805092917258943 0.045976207483521672 -0.0060741008518089678
leaf_weight=3.3586418740451398 0.9010501453303722 0.81322543736314301 0.74985893262782966 0.78480101726017792 0.72165405008126882 0.71508514648303245 4.2947655882890103 2.5218585458351299 2.8048117277794518 1.3781215625931507 7.1938580799032925 1.9133893084945146 1.3989989954861801 9.6248080105433456
leaf_count=216 2904 217 124 32 45 16 242 186 77 98 1385 75 67 316
internal_value=-6.78649e-05 0.00134467 9.16879e-05 -0.00101133 0.000294036 0.0115719 0.00724726 0.0244323 -0.0166693 0.0174921 -0.00567686 0.00215266 -0.00780063 -0.014321
internal_weight=39.1749 38.2739 37.4607 36.7108 35.926 12.4363 11.7146 6.81662 4.89802 2.09321 23.4897 16.2958 12.9372 11.5382
internal_count=6000 3096 2879 2755 2723 664 619 428 191 114 2059 674 458 391
is_linear=0
shrinkage=0.06


Tree=117
num_leaves=15
num_cat=0
split_feature=4 1 0 2 0 0 0 0 4 0 1 0 0 4
split_gain=0.867772 0.75335 1.03845 0.780677 0.912223 0.884608 1.03207 1.16467 0.68365 0.65961 0.610876 0.590934 2.0305 0.718438
threshold=32.278868064361241 0.414581040885942 0.63200490311008428 0.42244868731778557 0.29003657805130578 0.43993382312985224 0.50268236449482606 0.58469626549424725 9.5249494983990228 0.25659936857773713 0.40033855830315818 0.86006835913639301 0.86662995840781198 22.055011477407167
decision_type=2 2 2 2 2 2 2 2 2 2 2 2 2 2
left_child=1 9 3 5 -5 8 -7 -8 -3 -1 -11 13 -13 -4
right_child=-2 2 11 4 -6 6 7 -9 -10 10 -12 12 -14 -15
leaf_value=-0.061058559114250163 -0.060064233427297532 0.050751320737706981 0.059247658228460759 -0.039440416574545813 0.068124474049196554 -0.05854873346887484 0.044582424066258106 -0.034102018960081339 -0.0045062504656301558 -0.0011323737125298074 -0.045607726915280089 -0.14888069643455445 0.060731750726846695 -0.0094339551242890712
leaf_weight=0.73544772151217586 0.84863107246928748 1.3213176070712491 2.9642045414657328 0.37980206543579687 1.123278383456636 1.8150181089295072 1.1868811036692934 1.5770607970771378 2.0668639493524097 22.277276773034831 1.1701740972930554 0.25580461410572741 0.47584792610723525 0.67272511450573791
leaf_count=774 2904 32 490 9 143 32 49 47 62 1250 17 15 163 13
internal_value=-5.733e-05 0.001282 0.0124465 0.0012834 0.0409447 -0.0061991 -0.023397 -0.000313654 0.017043 -0.00510694 -0.00335197 0.0366459 -0.0125542 0.0465436
internal_weight=38.8703 38.0217 13.8388 9.47022 1.50308 7.96714 4.57896 2.76394 3.38818 24.1829 23.4475 4.36858 0.731653 3.63693
internal_count=6000 3096 1055 374 152 222 128 96 94 2041 1267 681 178 503
is_linear=0
shrinkage=0.06


Tree=118
num_leaves=15
num_cat=0
split_feature=1 3 3 3 0 1 0 0 1 1 3 1 1 1
split_gain=0.829372 0.661401 0.630458 0.706208 0.715472 0.938535 0.963247 1.13583 0.852358 0.757336 1.32845 1.05779 1.03307 0.870002
threshold=0.12945209946641592 1.0000000180025095e-35 0.83836259226989551 0.82045453163569571 0.66371725152329397 0.21920711340312485 0.62773278573506508 0.59865792380995653 0.33196933062923856 0.30430499356340585 0.053758304427897828 0.35486482448452922 0.34141116148336031 0.42275372857874255
decision_type=2 2 2 2 2 2 2 2 2 2 2 2 2 2
left_child=-1 -2 3 4 5 -3 7 9 -6 10 -7 12 -11 -13
right_child=1 2 -4 -5 8 6 -8 -9 -10 11 -12 13 -14 -15
leaf_value=-0.048026912495604784 -0.061156003319992616 -0.048142382892969945 0.05676053879539078 -0.053570917807445328 -0.00094558518682051227 0.095046802270966443 -0.028309145195059615 0.043247016014953059 0.031155817814501989 0.016024842950568288 -0.052804900227328623 -0.036334292761245363 0.097694103373453925 0.0050088996670082089
leaf_weight=1.2544989995221829 0.59543464360467524 1.5737922137195735 0.75751777732511882 0.82064523128792544 6.1168852363189199 0.2494093210989442 3.6366154731949782 2.4803785725380285 5.8021046009962447 2.2968809130106815 1.7810213406046385 2.3731410038162712 0.73634262074483547 8.0413543878967157
leaf_count=2640 370 822 161 41 73 17 93 58 537 121 451 156 47 413
internal_value=-4.24946e-05 0.00157302 0.0025917 0.00144897 0.00273578 -0.0034094 -0.000149393 0.00555298 0.0146812 -0.000487505 -0.0346434 0.0046696 0.0358508 -0.00441193
internal_weight=38.516 37.2615 36.6661 35.9086 35.0879 23.1689 21.5951 17.9585 11.919 15.4781 2.03043 13.4477 3.03322 10.4145
internal_count=6000 3360 2990 2829 2788 2178 1356 1263 610 1205 468 737 168 569
is_linear=0
shrinkage=0.06


Tree=119
num_leaves=15
num_cat=0
split_feature=4 1 0 1 1 1 4 4 3 3 4 0 3 3
split_gain=0.815864 0.882679 0.622337 0.5763 0.435195 1.9037 1.5019 1.06737 2.46642 2.74844 3.08821 1.73558 1.38923 2.0246
threshold=22.387281066057895 0.76371328776908365 0.83898500475210402 0.62664115606000326 0.34141116148336031 0.35486482448452922 2.474746022830518 4.6189508858867034 0.21293481441733575 0.23803976455685946 3.8667780516297214 0.64470199218755131 0.17440780630199523 0.36844935892228065
decision_type=2 2 2 2 2 2 2 2 2 2 2 2 2 2
left_child=1 4 3 -2 -1 -6 -7 8 -8 -10 -11 12 -9 -14
right_child=2 -3 -4 -5 5 6 7 11 9 10 -12 -13 13 -15
leaf_value=-0.0062655829847814088 -0.057612328211841944 0.06073866827375534 0.055438222719275322 0.010447381614209248 0.082490131113710993 0.046643690593727312 0.048176555966340802 -0.049935179928223744 -0.16027143787532155 0.046275646637820474 -0.086398946176336366 0.058821569713676136 0.044245065915818102 -0.022718198352780172
leaf_weight=16.324340815321193 1.8586562538403084 0.90922733239130948 0.26588397272280406 0.59008483414072532 1.1344486509915466 2.3612894462421563 1.0934346357826132 1.9706937168957646 0.71100962162017856 1.1453053675359117 1.4080888738972133 1.8172794044367027 2.9628164933528751 3.6009486466646194
leaf_count=1209 3602 272 32 38 25 199 20 47 5 96 58 255 37 105
internal_value=-4.39215e-05 0.00238441 -0.0317453 -0.0412117 0.000847837 0.0072263 0.00222462 -0.00490585 -0.0298162 -0.0559404 -0.0268888 0.00558082 -0.00575596 0.00750833
internal_weight=38.1535 35.4389 2.71463 2.44874 34.5297 18.2053 17.0709 14.7096 4.35784 3.2644 2.55339 10.3517 8.53446 6.56377
internal_count=6000 2328 3672 3640 2056 847 822 623 179 159 154 444 189 142
is_linear=0
shrinkage=0.06


Tree=120
num_leaves=15
num_cat=0
split_feature=1 2 3 3 3 0 1 0 0 1 3 3 1 0
split_gain=0.768115 0.726726 0.605082 0.540067 0.603187 0.563843 0.961222 0.864537 1.00236 1.02786 1.22542 1.42197 1.4582 0.969768
threshold=0.080665416395330439 2.1672471829615545 1.0000000180025095e-35 0.83836259226989551 0.82045453163569571 0.66371725152329397 0.21920711340312485 0.62773278573506508 0.53138136493111554 0.72707537565175084 0.11258720978372055 0.35310485356192617 0.30937444473293463 0.42899323029145303
decision_type=2 2 2 2 2 2 2 2 2 2 2 2 2 2
left_child=-1 2 -2 4 5 6 -4 8 9 10 -8 12 -12 -14
right_child=1 -3 3 -5 -6 -7 7 -9 -10 -11 11 -13 13 -15
leaf_value=-0.06017185519179407 -0.061118315134863828 0.044298614288759752 -0.04944551616313219 0.055411574052869887 -0.051229905833626951 0.01169836229484174 -0.065074073738817684 -0.028269961542317458 0.025155634070610229 -0.090691707678788633 -0.067189009670920299 -0.018945218573425349 0.060303632435924695 0.0051117896015471804
leaf_weight=0.74927903930074435 0.5821450432704286 1.3562211374082824 1.6066549216775481 0.63446829532040183 0.82210790948010881 11.321302235082838 1.0088631264516195 3.5422769386204882 5.5910021240706547 0.49128030496649522 0.54151446727337127 4.9032731934566982 2.6914700429624645 1.9960726903227621
leaf_count=1896 449 417 1439 101 27 443 116 72 132 32 199 426 220 31
internal_value=-2.68651e-05 0.00118821 -0.000448045 0.000556752 -0.000451587 0.000787376 -0.004734 -0.00127466 0.00427735 -0.00575753 -0.00201229 0.00426669 0.0260324 0.0368016
internal_weight=37.8379 37.0887 35.7324 35.1503 34.5158 33.6937 22.3724 20.7658 17.2235 11.6325 11.1412 10.1323 5.22906 4.68754
internal_count=6000 4104 3687 3238 3137 3110 2667 1228 1156 1024 992 876 450 251
is_linear=0
shrinkage=0.06


Tree=121
num_leaves=15
num_cat=0
split_feature=4 1 3 3 4 1 1 4 2 4 5 4 4 4
split_gain=0.739223 0.846304 1.31606 1.09732 0.538569 0.595803 0.52793 0.88676 0.428043 0.438709 0.42149 1.81265 1.71012 0.477392
threshold=22.387281066057895 0.55791070399666443 0.22788199898482811 0.15072366457149514 23.104539718892578 0.35486482448452922 0.61043685273926984 12.986674451588826 0.88552444038301392 8.0863326631581831 1.0000000180025095e-35 9.5249494983990228 12.202114842228701 1.9099622709631479
decision_type=2 2 2 2 2 2 2 2 2 2 2 2 2 2
left_child=1 8 3 -3 -2 -6 -4 -8 10 -10 13 -12 -13 -1
right_child=4 2 6 -5 5 -7 7 -9 9 -11 11 12 -14 -15
leaf_value=0.017825740079206651 -0.094683036807253207 0.026952965672364916 0.086365379946066217 -0.066782758434969253 -0.0601762220559574 0.0047514719474409895 0.06142589636963823 -0.026808475834896695 0.059517919788722458 0.0014147083736786355 -0.069962171356824393 0.18480998582441166 -0.034000021762843835 -0.0047340952031855177
leaf_weight=3.9692877592751854 0.40323893923778031 1.0345720010809589 1.0061770355678166 0.79514851246494789 0.80647763576416798 1.3784422351018291 1.246590669325087 0.61103744473075483 0.81182686798274417 1.1040124336286679 1.2741629983065639 0.23071666203031771 0.29048139264341444 22.622482355698594
leaf_count=85 48 56 96 36 3252 372 489 53 136 67 66 18 70 1156
internal_value=-3.00619e-05 0.00225826 0.0259663 -0.0137821 -0.0309722 -0.019214 0.051362 0.0324026 -0.0014138 0.0260356 -0.00326635 -0.0314036 0.0628597 -0.00136664
internal_weight=37.5847 34.9965 4.69353 1.82972 2.58816 2.18492 2.86381 1.85763 30.303 1.91584 28.3871 1.79536 0.521198 26.5918
internal_count=6000 2328 730 92 3672 3624 638 542 1598 203 1395 154 88 1241
is_linear=0
shrinkage=0.06


Tree=122
num_leaves=15
num_cat=0
split_feature=1 2 4 1 3 4 1 3 1 4 4 1 1 3
split_gain=0.705857 0.670421 0.663706 0.613119 0.989218 0.789376 0.544197 0.716254 1.05681 1.39392 0.614064 1.21302 1.59576 1.94044
threshold=0.080665416395330439 4.0823532354097045 20.812404338645603 0.48492186723226655 0.42781159638174632 2.8481481807614224 0.47153392554097173 0.27443444803745348 0.33196933062923856 6.4879515215367514 2.7395935434564898 0.38315142540784325 0.30430499356340585 0.59876259763115502
decision_type=2 2 2 2 2 2 2 2 2 2 2 2 2 2
left_child=-1 2 3 6 5 -5 7 8 9 -2 -9 12 13 -12
right_child=1 -3 -4 4 -6 -7 -8 10 -10 -11 11 -13 -14 -15
leaf_value=-0.060163684712914861 0.015707181056270014 0.059928498128737739 -0.029903983185330923 0.055871733578914957 0.055410869271406128 -0.0059652910498835194 -0.038812349077234271 -0.024882250013601292 0.041704050592851219 -0.069131906787545425 -0.047741384213103352 -0.030039323735650388 0.038213041295633306 0.023875902356491983
leaf_weight=0.68967918994894617 2.8230848310922805 0.68446647003292937 2.4894895639299639 0.89516851160442357 1.8616466693929394 4.3768307768623345 1.3716946828644712 4.7257717402535517 3.1988530613889452 0.92582444529398333 2.619065236169261 3.4980783082428379 4.351882628921885 2.8375601495499723
leaf_count=1896 62 218 2373 68 480 162 21 87 70 180 206 60 51 66
internal_value=-2.70868e-05 0.00110427 -1.49291e-05 0.00220718 0.0178115 0.00453444 -0.00201703 3.45333e-06 0.0163713 -0.00524454 -0.00630298 0.000295363 0.0111138 -0.0104989
internal_weight=37.3491 36.6594 35.975 33.4855 7.13365 5.272 26.3518 24.9801 6.94776 3.74891 18.0324 13.3066 9.80851 5.45663
internal_count=6000 4104 3886 1513 710 230 803 782 312 242 470 383 323 272
is_linear=0
shrinkage=0.06


Tree=123
num_leaves=15
num_cat=0
split_feature=1 2 3 0 2 5 1 3 3 0 1 0 1 3
split_gain=0.664077 0.627461 0.570609 0.55398 1.08174 1.39305 0.775039 0.877193 0.988874 0.665589 2.32141 1.78 1.61305 0.80689
threshold=0.080665416395330439 4.0823532354097045 1.0000000180025095e-35 0.34946794998679082 0.82442219524263127 1.0000000180025095e-35 0.3498465601997866 0.38547326598735437 0.11258720978372055 0.42622347060646526 0.30430499356340585 0.45963545698848235 0.62025489969500913 0.097988461839770433
decision_type=2 2 2 2 2 2 2 2 2 2 2 2 2 2
left_child=-1 2 -2 6 5 9 -4 8 -8 10 -5 -11 13 -13
right_child=1 -3 3 4 -6 -7 7 -9 -10 11 -12 12 -14 -15
leaf_value=-0.060154319055128767 -0.06106816163609162 0.059522393102547665 -0.062988374917976153 -0.075744307594529159 0.056874510996484204 -0.058798270872137952 -0.072264203554270948 -0.037627488942013981 0.04188343800593388 -0.05945961041010249 0.061876077072530351 0.046174979540828442 0.06314539967794737 -0.0017235916080077906
leaf_weight=0.64961346783093077 0.5426817832631049 0.64887307735625555 1.0779399352759345 0.5590204030595588 1.3252503725670965 1.3191823211527651 0.32947341169347089 1.6062478156673021 1.6001721417123915 1.6243727920664266 2.0945762812916655 1.3487576042243805 1.6256963162450109 20.66241554908629
leaf_count=1896 449 218 1520 180 290 95 44 103 156 81 72 33 325 538
internal_value=-2.47337e-05 0.00104941 -1.29053e-05 0.000929109 0.00385496 0.00145146 -0.01845 -0.00487218 0.0223935 0.0042987 0.0328843 0.0012959 0.00547114 0.00121144
internal_weight=37.0143 36.3647 35.7158 35.1731 30.5593 29.234 4.61383 3.53589 1.92965 27.9148 2.6536 25.2612 23.6369 22.0112
internal_count=6000 4104 3886 3437 1614 1324 1823 303 200 1229 252 977 896 571
is_linear=0
shrinkage=0.06


Tree=124
num_leaves=15
num_cat=0
split_feature=4 2 1 1 3 0 0 3 0 1 4 1 1 4
split_gain=0.654235 0.572881 0.693206 0.499096 0.461109 0.422163 0.791892 0.671034 1.46266 0.629219 0.624085 0.710289 0.419373 1.11367
threshold=32.278868064361241 4.0823532354097045 0.12945209946641592 0.76371328776908365 0.05028528783859091 0.86662995840781198 0.83898500475210402 0.77692576249887391 0.46741457409268289 0.27305210725312756 20.812404338645603 0.62664115606000326 0.34141116148336031 2.8481481807614224
decision_type=2 2 2 2 2 2 2 2 2 2 2 2 2 2
left_child=1 2 -1 4 -4 6 7 10 -9 -7 12 -12 -6 -14
right_child=-2 -3 3 -5 5 9 -8 8 -10 -11 11 -13 13 -15
leaf_value=-0.06022790785745491 -0.060066033288718255 0.058226340130786612 -0.042720703994455746 0.046802865244907239 -0.0065274925876530948 -0.028040417266408522 -0.049730395013876168 -0.046731147521010763 0.06947536767470143 0.063183203971389393 -0.066061943784084032 0.035940732043465706 0.046971621424319765 0.0011573653819621091
leaf_weight=0.67389723921951272 0.64190854616754123 0.61989085091045026 0.88262284320080553 0.84348138893255864 12.899743719026459 0.39354445785283931 1.118281174218281 0.5467397581669492 1.3595146953011861 0.88280966674210504 0.99557986587751546 0.32631330564618111 2.2668238242040379 12.137967163987922
leaf_count=1132 2904 217 179 222 335 5 43 21 114 111 303 4 126 284
internal_value=-2.63948e-05 0.00104573 4.23797e-05 0.00121444 7.71145e-05 0.00122432 -0.000139967 0.00167632 0.0361458 0.0350558 -0.000619027 -0.0408823 0.00133024 0.00836697
internal_weight=36.5891 35.9472 35.3273 34.6534 33.8099 32.9273 31.651 30.5327 1.90625 1.27635 28.6264 1.32189 27.3045 14.4048
internal_count=6000 3096 2879 1747 1525 1346 1230 1187 135 116 1052 307 745 410
is_linear=0
shrinkage=0.06


Tree=125
num_leaves=15
num_cat=0
split_feature=4 2 3 3 0 4 0 4 3 3 4 3 0 0
split_gain=0.61571 0.534601 0.48477 0.522289 0.499688 0.73041 1.2579 1.10223 1.79818 2.2643 2.02424 1.32175 1.07601 1.06402
threshold=32.278868064361241 4.0823532354097045 0.83836259226989551 0.82045453163569571 0.66371725152329397 10.580230721468595 0.40175821070506418 4.9457205273616411 0.22254790374972042 0.39291628202087342 4.0076863768286719 0.62131144478786882 0.59865792380995653 0.24705499284442581
decision_type=2 2 2 2 2 2 2 2 2 2 2 2 2 2
left_child=1 2 3 4 5 6 13 8 -8 -10 11 -11 -9 -1
right_child=-2 -3 -4 -5 -6 -7 7 12 9 10 -12 -13 -14 -15
leaf_value=-0.021807837833895324 -0.060062216417072052 0.057679979809356512 0.05343366773960375 -0.048405055015002939 0.01040066993269831 -0.02160929974531171 0.027600560354615521 -0.0093300159872054516 -0.099848853529890341 -0.021303873824388777 -0.086650959644456862 0.065290143745700163 0.046524464080400757 0.056545818111109293
leaf_weight=0.85030658473261 0.60456395454093481 0.58915622573112969 0.60177431028569017 0.813047040021046 11.50710837599763 6.6689680156850946 1.9389975356607445 2.8694642169575673 1.5873711209278552 1.5744217289029627 1.0000746102305127 1.0630034573841838 2.1887891701917397 2.3435091577121057
leaf_count=101 2904 217 124 32 664 1385 65 123 57 76 35 47 55 115
internal_value=-1.9393e-05 0.00100038 4.64736e-05 -0.000887315 0.000262785 -0.00501945 0.00215735 -0.00660399 -0.0217445 -0.0400569 -0.0139643 0.0135975 0.0148391 0.0356853
internal_weight=36.2006 35.596 35.0068 34.4051 33.592 22.0849 15.4159 12.2221 7.16387 5.22487 3.6375 2.63743 5.05825 3.19382
internal_count=6000 3096 2879 2755 2723 2059 674 458 280 215 158 123 178 216
is_linear=0
shrinkage=0.06


Tree=126
num_leaves=15
num_cat=0
split_feature=1 3 1 1 1 4 4 3 3 1 3 3 3 1
split_gain=0.585234 0.520368 0.510964 0.683232 0.680552 2.37689 0.815735 3.6232 3.41056 3.17359 1.10197 1.43757 1.29349 1.23352
threshold=0.12945209946641592 1.0000000180025095e-35 0.1336604448602349 0.17799017026764055 0.19560360314836525 3.4625904132490302 3.1378162979648043 0.21293481441733575 0.23428060706362133 0.35486482448452922 0.18350687515486877 0.22977993997769344 0.22476662508750828 0.28214766701996868
decision_type=2 2 2 2 2 2 2 2 2 2 2 2 2 2
left_child=-1 -2 -3 -4 5 -5 7 -6 -9 -10 13 12 -12 -8
right_child=1 2 3 4 6 -7 10 8 9 -11 11 -13 -14 -15
leaf_value=-0.047226614525007815 -0.061011161583290563 0.063040197398314457 -0.053423220955638902 0.10082654590563028 0.057858185139259243 -0.05578989242133317 0.063125908333177327 -0.16445396869512818 -0.057820619813197319 0.036557127929320143 0.032305682277288549 0.0074277800040809328 0.15019535471234635 -0.032984492724872264
leaf_weight=0.92117033279646321 0.47710119006660434 0.48802752263145421 0.80464276721613615 0.93147931247949489 1.8433973898063438 0.5577191167321871 0.54968573370570339 0.68302774906624097 3.4025368039729074 2.0587706972728483 1.164656245920926 17.76144434123853 0.4703737251475103 3.8327192718134029
leaf_count=2640 370 44 453 10 49 179 138 7 47 281 130 1400 15 237
internal_value=-1.93515e-05 0.0012222 0.00208161 0.00120818 0.00253002 0.0421722 0.000671621 -0.0159175 -0.0380514 -0.0222427 0.0062442 0.0123837 0.0662208 -0.0209294
internal_weight=35.9468 35.0256 34.5485 34.0605 33.2558 1.4892 31.7666 7.98773 6.14434 5.46131 23.7789 19.3965 1.63503 4.38241
internal_count=6000 3360 2990 2946 2493 189 2304 384 335 328 1920 1545 145 375
is_linear=0
shrinkage=0.06


Tree=127
num_leaves=15
num_cat=0
split_feature=1 3 2 0 0 0 0 0 0 3 1 1 3 1
split_gain=0.569777 1.65184 0.725933 0.810707 0.729015 1.09949 1.05713 0.684342 0.658223 0.64479 0.595271 0.546317 0.920504 0.884142
threshold=0.414581040885942 0.42977292799977268 0.50812819503718398 0.26551659008999362 0.63200490311008428 0.43669307699269838 0.41636676475883289 0.25659936857773713 0.18980775822945142 0.3409001944939371 0.47153392554097173 0.37745271677012154 0.4361395535010934 0.34141116148336031
decision_type=2 2 2 2 2 2 2 2 2 2 2 2 2 2
left_child=7 2 4 -4 5 6 9 -1 -3 -2 -6 13 -13 -9
right_child=1 8 3 -5 10 -7 -8 11 -10 -11 -12 12 -14 -15
leaf_value=-0.060869243134807384 -0.045738548082195088 -0.06275742560366708 -0.051334261506723496 0.066488838564492184 0.063512261517928298 -0.040927680962957499 0.073578036132404101 -0.0052693516434762638 0.056089327118876341 0.028853580799082429 -0.00063109605616995773 0.0082130502628418259 -0.050787576701272243 0.029956488754977466
leaf_weight=0.77970628961338917 0.97627648805791822 0.17833905160659869 0.26841077383141854 0.96998473355779424 0.75882568063389078 3.5270501112099737 0.70297888100321859 15.402482775163667 2.8294036042352673 0.72850043345533777 1.6608343244297428 1.7298032157923438 2.1169723444181727 3.0776258065961875
leaf_count=2254 129 24 7 137 20 79 14 2309 681 29 122 49 40 106
internal_value=-1.76653e-05 0.0102459 -0.00191838 0.0409518 -0.00827309 -0.0195902 0.0116665 -0.00561464 0.0490425 -0.0138632 0.0194848 -0.00368503 -0.0242564 0.000597062
internal_weight=35.7072 12.6006 9.59286 1.2384 8.35447 5.93481 2.40776 23.1066 3.00774 1.70478 2.41966 22.3269 3.84678 18.4801
internal_count=6000 1242 537 144 393 251 172 4758 705 158 142 2504 89 2415
is_linear=0
shrinkage=0.06


Tree=128
num_leaves=15
num_cat=0
split_feature=0 2 5 1 3 3 1 0 1 0 1 1 1 0
split_gain=0.55858 1.42872 1.26844 0.79012 0.761272 0.957111 1.55414 0.550103 1.98196 1.4633 1.89886 1.50245 0.611317 0.608674
threshold=0.34946794998679082 0.88552444038301392 1.0000000180025095e-35 0.3498465601997866 0.38547326598735437 0.3409001944939371 0.35486482448452922 0.42622347060646526 0.30430499356340585 0.45963545698848235 0.50517859793918796 0.62025489969500913 0.60001124412521367 0.50660448637744737
decision_type=2 2 2 2 2 2 2 2 2 2 2 2 2 2
left_child=3 2 7 -1 5 6 -5 8 -2 10 -9 12 13 -11
right_child=1 -3 -4 4 -6 -7 -8 9 -10 11 -12 -13 -14 -15
leaf_value=-0.062505522432076618 -0.072975704989662979 0.055608794427296639 -0.05748479754039551 0.12104567870515991 -0.036374181830239841 0.098142269489574566 -0.033881696527253174 -0.016661687370826659 0.055768996723226681 -0.028933576185624397 -0.16358872710591008 0.061721292572835242 -0.055174842460257605 0.004845590059202559
leaf_weight=1.1531181362952327 0.54469774276368399 1.746583777523482 1.33080406479712 0.29113920839154195 1.5465528527856802 0.43785337575536676 1.1692090452488626 1.2139215701754462 2.0526346270999056 2.13446485055466 0.42841378845332645 1.4986378197791044 0.70903809316223387 19.147531297690875
leaf_count=2798 345 514 216 8 107 24 183 152 81 202 8 330 20 1012
internal_value=-8.30234e-06 0.00290322 -0.000264513 -0.0195161 -0.00512557 0.0203341 -0.00299493 0.00248164 0.0287694 -0.000235137 -0.0549886 0.00359308 -0.000368226 0.00145773
internal_weight=35.4046 30.8067 29.0601 4.59787 3.44475 1.8982 1.46035 27.7293 2.59733 25.132 1.64234 23.4897 21.991 21.282
internal_count=6000 2880 2366 3120 322 215 191 2150 426 1724 160 1564 1234 1214
is_linear=0
shrinkage=0.06


Tree=129
num_leaves=15
num_cat=0
split_feature=4 0 2 0 3 3 3 4 3 3 3 3 3 4
split_gain=0.546297 0.555029 0.414117 1.87259 0.437287 0.398396 0.333723 0.52653 2.31584 3.22354 1.56399 1.20347 1.50269 0.730736
threshold=22.387281066057895 0.83898500475210402 0.88552444038301392 0.26551659008999362 0.05028528783859091 0.49942863008870875 0.097988461839770433 3.1378162979648043 0.21293481441733575 0.60712979501767994 0.23428060706362133 0.17844495467757834 0.22977993997769344 3.5981484196627176
decision_type=2 2 2 2 2 2 2 2 2 2 2 2 2 2
left_child=2 5 4 -4 -1 -2 -6 8 -8 10 -10 -9 -13 -14
right_child=1 -3 3 -5 6 -7 7 11 9 -11 -12 12 13 -15
leaf_value=-0.04453364503205802 -0.056732580543929184 0.05604893317279306 -0.061042952301253908 0.060757111116308785 0.026730880098700956 0.0033134281359575753 0.065526171628120161 -0.034450211734098415 -0.1352230389144515 0.023003435032217436 -0.042015383946289918 0.067435520075597152 0.055499824661530806 0.0017452698743667388
leaf_weight=0.77030599354475526 1.3977900039535591 0.24563103659602337 0.63056770533148609 1.6266123373061416 1.7427128521230795 0.55601915754232312 1.1507658989867211 2.4577095162385403 0.80735420249402512 2.8159853075048886 3.2853002409974579 1.5180079062120082 0.96877686111838812 15.108518876266315
leaf_count=191 3064 32 24 494 78 576 36 142 12 101 169 95 59 927
internal_value=-7.50449e-06 -0.0289576 0.0019289 0.0267309 0.00010092 -0.0396446 0.00125256 -0.000326866 -0.0132793 -0.0264059 -0.0604024 0.00487879 0.0103723 0.00498438
internal_weight=35.0821 2.19944 32.8826 2.25718 30.6254 1.95381 29.8551 28.1124 8.05941 6.90864 4.09265 20.053 17.5953 16.0773
internal_count=6000 3672 2328 518 1810 3640 1619 1541 318 282 181 1223 1081 986
is_linear=0
shrinkage=0.06


Tree=130
num_leaves=15
num_cat=0
split_feature=1 3 3 3 0 3 4 0 0 0 1 1 3 3
split_gain=0.552863 1.48857 0.64832 1.92113 0.777061 0.680092 2.17258 0.62202 0.604613 0.591578 0.528925 0.502037 0.574894 1.05885
threshold=0.414581040885942 0.42977292799977268 0.36383641388814592 0.3167255268787656 0.6358752389094694 0.21697881953077844 5.925288155565446 0.85278157278745881 0.25659936857773713 0.18980775822945142 0.61043685273926984 0.40033855830315818 0.77692576249887391 0.75240725035199651
decision_type=2 2 2 2 2 2 2 2 2 2 2 2 2 2
left_child=8 2 3 4 5 6 -2 -6 -1 -3 -8 12 13 -10
right_child=1 9 -4 -5 7 -7 10 -9 11 -11 -12 -13 -14 -15
leaf_value=-0.060856306381871068 0.054003399286360027 -0.062512325762931351 -0.031149128949702096 0.075297812397451883 0.049621875072687394 -0.054966904951580846 -0.074721809547948354 -0.030161208484408484 -0.0017766609172756612 0.05531933980189345 -0.0016693085013787586 -0.042188305053703745 0.033855807747093597 -0.078180031887036941
leaf_weight=0.68946761482220864 1.2913920967839643 0.16278091534331851 2.0372467972774757 1.2358989271160679 1.2445033514959503 1.3931772947835268 1.0752136042719938 0.49042249604826782 18.642261353721562 2.6581724028219469 0.53400815321947437 1.1614440896446456 1.5212987730046723 0.67670273096882638
leaf_count=2254 33 24 91 69 119 63 110 31 2396 681 21 26 61 21
internal_value=-3.26406e-06 0.0103412 -0.00123712 0.00715123 -0.00681896 -0.0205116 -0.00396253 0.0270691 -0.00552984 0.04852 -0.0504799 -0.00379608 -0.00165645 -0.00445291
internal_weight=34.814 12.1228 9.30186 7.26462 6.02872 4.29379 2.90061 1.73493 22.6912 2.82095 1.60922 22.0017 20.8403 19.319
internal_count=6000 1242 537 446 377 227 164 150 4758 705 131 2504 2478 2417
is_linear=0
shrinkage=0.06


Tree=131
num_leaves=15
num_cat=0
split_feature=1 3 4 3 3 3 3 1 1 4 4 3 3 4
split_gain=0.519513 0.481709 0.539395 0.527826 0.418199 0.759286 0.87502 0.634749 1.1107 1.12232 1.30071 0.864048 1.3554 1.30503
threshold=0.080665416395330439 0.83836259226989551 26.666356666639853 0.82045453163569571 0.77692576249887391 0.76216246761986572 0.68606275104721115 0.34141116148336031 0.35486482448452922 2.474746022830518 3.1378162979648043 0.36578546728725542 0.22254790374972042 6.0698155640957774
decision_type=2 2 2 2 2 2 2 2 2 2 2 2 2 2
left_child=-1 2 3 4 5 6 7 -2 -9 -10 -11 12 13 -12
right_child=1 -3 -4 -5 -6 -7 -8 8 9 10 11 -13 -14 -15
leaf_value=-0.060157879311236943 -0.0097548955864955184 0.056063652594722173 -0.049304228447401711 -0.046790120882574414 0.044590250879322876 -0.060125963020411725 0.045518467898190321 0.06641574048660398 0.045769914934209815 -0.052982435134220913 0.047822758817841718 -0.014906162561928196 0.046226652142058233 -0.033782059890906144
leaf_weight=0.50910634422325429 12.693920964367875 0.56057007136405346 0.7807945218301019 0.80608568550087412 0.82285777406650495 0.7089778386434763 1.6251181809202524 1.099332710757152 1.9971166384348169 1.6119478089967731 1.0242275760974719 4.7270404096052516 3.252780487498967 2.2670233028184157
leaf_count=1896 773 163 2095 39 82 26 125 26 186 47 34 300 106 102
internal_value=3.23978e-06 0.000904664 -2.06216e-05 0.00115844 0.00237271 0.00125237 0.00268861 0.000261143 0.00821778 0.00391816 -0.00256967 0.00464018 0.0187594 -0.00838688
internal_weight=34.4869 33.9778 33.4172 32.6364 31.8303 31.0075 30.2985 28.6734 15.9795 14.8801 12.883 11.2711 6.54403 3.29125
internal_count=6000 4104 3941 1846 1807 1725 1699 1574 801 775 589 542 242 136
is_linear=0
shrinkage=0.06


Tree=132
num_leaves=15
num_cat=0
split_feature=0 2 4 0 0 1 1 3 0 1 0 4 1 3
split_gain=0.499025 1.21796 1.07496 0.735749 0.938866 1.04316 0.510266 0.503901 0.547099 1.84206 1.1478 1.61939 1.25 1.00733
threshold=0.34946794998679082 0.88552444038301392 13.709232086553724 0.2591720320032932 0.24705499284442581 0.55791070399666443 0.38817497300387532 0.038332863274977945 0.42622347060646526 0.30430499356340585 0.45963545698848235 3.3322968170970078 0.62025489969500913 0.51519686757794692
decision_type=2 2 2 2 2 2 2 2 2 2 2 2 2 2
left_child=2 7 3 4 5 -1 -5 -2 9 -9 11 -10 -12 -13
right_child=1 -3 -4 6 -6 -7 -8 8 10 -11 12 13 -14 -15
leaf_value=-0.06375042357618288 -0.061024279929762865 0.054472716151266261 -0.063309605849661416 -0.0692590874572417 0.099036738089536655 0.046944196015132257 0.0063089792736189835 -0.071953267962921924 -0.13401626049050724 0.0543917948273238 -0.0018319704364707517 -0.048865500582693878 0.055845088093375114 0.07548868051564124
leaf_weight=0.53583896363852479 0.47982337387657636 1.5553875778568897 1.3553503469011046 0.67475001109414712 0.4697506732190958 0.71601241827011108 0.61475746135693043 0.5262799435731752 0.55188356281724082 1.9721319955424403 22.29102540755412 0.69813495728158137 1.4401026665000234 0.35311772856948664
leaf_count=150 566 514 2861 75 11 6 17 344 11 74 911 97 331 32
internal_value=9.53664e-06 0.00277931 -0.0189365 0.00103655 0.0267049 -0.000437219 -0.0332329 -6.05447e-05 0.000990444 0.0277777 -0.00165126 -0.0507878 0.00166811 -0.0070947
internal_weight=34.2343 29.8679 4.36646 3.01111 1.7216 1.25185 1.28951 28.3125 27.8327 2.49841 25.3343 1.60314 23.7311 1.05125
internal_count=6000 2880 3120 259 167 156 92 2366 1800 418 1382 140 1242 129
is_linear=0
shrinkage=0.06


Tree=133
num_leaves=15
num_cat=0
split_feature=0 4 4 4 4 4 3 4 4 3 0 3 3 3
split_gain=0.476297 1.16831 1.12647 1.07997 0.758257 0.899033 0.846191 2.2749 1.50271 1.1417 0.731413 1.06565 0.912582 1.06105
threshold=0.53138136493111554 4.6189508858867034 4.7649637197871639 1.114990165321063 1.5413637164721987 1.9099622709631479 0.45408967229585528 3.8667780516297214 2.7395935434564898 0.25778160083254326 0.62773278573506508 0.41844511694005632 0.37546754997940179 0.30715645387232499
decision_type=2 2 2 2 2 2 2 2 2 2 2 2 2 2
left_child=2 3 -1 -2 -5 -6 9 8 -8 -7 -3 12 13 -12
right_child=1 10 -4 4 5 6 7 -9 -10 -11 11 -13 -14 -15
leaf_value=0.017126342349048015 0.04211166021253316 0.041546693166452667 -0.021923022447095764 -0.067230589248116146 0.040451837746426328 -0.023754057185936307 -0.058492044328891997 -0.11165005529163728 0.031286281084800222 0.044423306847079555 -0.01632697846994589 0.034911732344215664 -0.072370677433544806 0.065276585861842762
leaf_weight=3.9066142161464077 1.3307506029232197 3.5746374851878482 8.3305512129081745 0.92433382655144569 1.1062066716112875 2.2652408041903986 1.2010161890357274 1.0679285897931547 1.5213703328627159 1.4504410477820782 2.6272187511785892 3.0941771164070815 0.7336650476354406 0.73383405390632095
leaf_count=211 88 380 4041 54 59 76 76 59 100 78 376 321 27 54
internal_value=3.17924e-06 0.00535498 -0.00945683 -0.00852252 -0.0155881 -0.0100454 -0.0174875 -0.0374339 -0.00832059 0.00285943 0.0193662 0.00833715 -0.011744 0.0014899
internal_weight=33.868 21.6308 12.2372 10.8673 9.53654 8.6122 7.506 3.79032 2.72239 3.71568 10.7635 7.18889 4.09472 3.36105
internal_count=6000 1748 4252 590 502 448 389 235 176 154 1158 778 457 430
is_linear=0
shrinkage=0.06


Tree=134
num_leaves=15
num_cat=0
split_feature=1 3 2 0 1 1 3 1 3 3 3 3 3 0
split_gain=0.474694 0.443816 0.425118 0.409237 1.18144 0.924452 0.841761 0.800879 0.586183 0.959756 0.817387 0.786214 0.654383 0.613573
threshold=0.080665416395330439 1.0000000180025095e-35 4.0823532354097045 0.53138136493111554 0.30430499356340585 0.62025489969500913 0.11736340630542946 0.35486482448452922 0.30993193327054985 0.35310485356192617 0.21507471603354145 0.11258720978372055 0.54090573768349981 0.35833023175566298
decision_type=2 2 2 2 2 2 2 2 2 2 2 2 2 2
left_child=-1 -2 3 4 -3 6 -5 -6 10 -10 11 -9 -11 -14
right_child=1 2 -4 5 7 -7 -8 8 9 12 -12 -13 13 -15
leaf_value=-0.060145872858746188 -0.060876680965596161 -0.055457799477727145 0.058483361790053451 0.045386123015153199 0.029911053256648192 0.061904984460578828 -0.0006387717421492534 -0.054574805145321044 0.043632839738933421 -0.041582815797209724 -0.077417650787878753 0.020278793859592352 -0.019399301675245704 0.058195692557728378
leaf_weight=0.46575434014084649 0.41407896068267191 1.6357665966061166 0.4667606083676209 1.5535834698603199 2.3821852448381815 1.0086524740618177 18.065479821467306 0.84366443540784608 1.4655366450315339 1.6262673967430603 0.92574708293250285 1.2589469198937875 0.86996156821987802 0.6343750465894118
leaf_count=1896 449 1810 218 38 163 417 541 55 44 110 64 84 43 68
internal_value=6.13956e-06 0.000851244 0.00163202 0.000809714 -0.00818405 0.00588587 0.00300582 -0.000456335 -0.00994427 0.00355994 -0.0304396 -0.00975591 -0.0151995 0.0133223
internal_weight=33.6168 33.151 32.7369 32.2702 11.6425 20.6277 19.6191 10.0067 7.6245 4.59614 3.02836 2.10261 3.1306 1.50434
internal_count=6000 4104 3655 3437 2441 996 579 631 468 265 203 139 221 111
is_linear=0
shrinkage=0.06


Tree=135
num_leaves=15
num_cat=0
split_feature=1 0 0 4 0 0 0 4 0 0 0 4 4 4
split_gain=0.475165 0.745391 1.17372 0.837936 0.712774 0.686539 0.884696 0.863298 0.518237 0.49718 1.02293 0.587329 0.449834 0.606746
threshold=0.414581040885942 0.63200490311008428 0.61557454871876283 2.8481481807614224 0.53138136493111554 0.43259359222670729 0.41098543009615346 13.709232086553724 0.25659936857773713 0.86006835913639301 0.86662995840781198 22.055011477407167 0.41903068188831366 1.114990165321063
decision_type=2 2 2 2 2 2 2 2 2 2 2 2 2 2
left_child=8 2 3 -2 5 6 7 -5 -1 11 -11 -3 -10 -14
right_child=1 9 -4 4 -6 -7 -8 -9 12 10 -12 -13 13 -15
leaf_value=-0.060891792740041972 0.066213054191282233 0.058936238714441314 -0.071641876548141456 0.017659216400970356 0.041522279633606787 -0.036054441402256901 0.068025598212017549 -0.056101358888496294 -0.079272940455631047 -0.099004799153899689 0.060613324792067512 -0.0087143241842196073 0.038920248837967054 -0.0051125355414172501
leaf_weight=0.58438076976745179 0.77909803189686311 2.1621632049500477 0.74532608593290195 1.61504121584585 1.2287458175997015 2.0792866719930316 0.69678202809154743 0.88384863408282388 0.27927163592539983 0.28032699509640213 0.29838913763524033 0.58754162522382092 1.1941073059861107 19.917507222584391
leaf_count=2254 79 490 31 44 96 81 25 192 5 16 163 25 28 2471
internal_value=4.28023e-06 0.00996952 7.18693e-05 0.00741109 0.000367033 -0.00921965 0.0082406 -0.00842964 -0.00514563 0.0338426 -0.0167048 0.044481 -0.0036227 -0.00262197
internal_weight=33.3318 11.3565 8.02813 7.2828 6.5037 5.27496 3.19567 2.49889 21.9753 3.32842 0.578716 2.7497 21.3909 21.1116
internal_count=6000 1242 548 517 438 342 261 236 4758 694 179 515 2504 2499
is_linear=0
shrinkage=0.06


Tree=136
num_leaves=15
num_cat=0
split_feature=1 3 4 3 0 1 4 4 1 0 0 1 0 0
split_gain=0.440166 0.435246 0.448742 0.433817 0.462585 1.24022 1.22968 0.914856 0.550288 2.53098 0.913054 2.29609 1.07719 0.854831
threshold=0.080665416395330439 0.83836259226989551 26.666356666639853 0.82045453163569571 0.74312725953665792 0.27576240385925016 2.9951031276850881 2.474746022830518 0.19560360314836525 0.68551348276978064 0.62773278573506508 0.33196933062923856 0.70795013454738964 0.59865792380995653
decision_type=2 2 2 2 2 2 2 2 2 2 2 2 2 2
left_child=-1 2 3 4 8 -6 7 -7 9 -2 13 -12 -13 -10
right_child=1 -3 -4 -5 5 6 -8 -9 10 -11 11 12 -14 -15
leaf_value=-0.060138245183584897 -0.035961798040728882 0.056050137417254495 -0.047921981677458189 -0.042594383368253698 -0.025039854456368464 0.062565568468189489 0.065142589800371145 -0.053508970479618896 -0.0010977533055043186 0.098303752742509534 -0.063046870871710778 -0.0090329018639224608 0.062285414890446561 0.038210021790663767
leaf_weight=0.43224735701369255 1.0454417579894753 0.50550326774828036 0.69007882980076729 0.80115335181471792 1.5600178696186038 0.375880816660356 2.2406707196787465 0.69906668999465182 13.368051859128174 0.97849977973964986 2.8760920134955077 4.1898840887006372 0.93201209054677736 2.3404079171014009
leaf_count=1896 438 163 2095 39 42 98 275 18 576 16 45 160 79 60
internal_value=1.14266e-05 0.000808891 -6.11096e-05 0.00099049 0.00213138 0.0190768 0.0398339 -0.0129208 -0.00107959 0.0289506 -0.00364342 -0.0201456 0.00394462 0.00475872
internal_weight=33.035 32.6028 32.0973 31.4072 30.606 4.87564 3.31562 1.07495 25.7304 2.02394 23.7064 7.99799 5.1219 15.7085
internal_count=6000 4104 3941 1846 1807 433 391 116 1374 454 920 284 239 636
is_linear=0
shrinkage=0.06


Tree=137
num_leaves=15
num_cat=0
split_feature=3 2 4 0 4 4 4 3 4 4 3 3 3 4
split_gain=0.429066 0.393741 0.387149 0.585387 0.536969 0.686698 0.731623 0.422677 1.4381 0.957283 2.66315 1.86921 0.985867 0.870822
threshold=1.0000000180025095e-35 2.1799019657805832 20.812404338645603 0.83898500475210402 18.742063048236233 16.366415233553059 14.337850208413155 0.21293481441733575 6.0698155640957774 3.1378162979648043 0.60712979501767994 0.22977993997769344 0.23428060706362133 4.0076863768286719
decision_type=2 2 2 2 2 2 2 2 2 2 2 2 2 2
left_child=-1 2 4 -4 5 6 7 8 -2 10 12 -11 -9 -13
right_child=1 -3 3 -5 -6 -7 -8 9 -10 11 -12 13 -14 -15
leaf_value=-0.0608681136865519 0.035700457305289056 0.040800621164733153 -0.039357841118864825 0.062373556805594671 0.049171290936953521 -0.057504132465522273 0.054832861437073638 -0.11258878142567649 -0.027917120212634216 0.10218712388164215 0.022936236632928448 0.032901075129884605 -0.038958000636429881 -0.0069920462284145503
leaf_weight=0.41141012041407421 3.7896034053410572 0.86202241712453442 1.6421828110178456 0.23245062079513434 0.822619557598954 0.72848764856462267 0.89641451660281646 0.82773947599344255 1.9310269285269894 0.6715855767542952 2.6992154886538628 2.3687969668535507 3.1303842592751607 11.696691643555821
leaf_count=604 112 429 3285 7 117 144 140 12 108 14 120 109 181 618
internal_value=1.92615e-05 0.000794812 -0.000302165 -0.0267434 0.00137453 6.45434e-06 0.00150212 -0.000260978 0.014226 -0.00413464 -0.0230179 0.00439569 -0.054356 -0.000273566
internal_weight=32.7106 32.2992 31.4372 1.87463 29.5626 28.7399 28.0115 27.115 5.72063 21.3944 6.65734 14.7371 3.95812 14.0655
internal_count=6000 5396 4967 3292 1675 1558 1414 1274 220 1054 313 741 193 727
is_linear=0
shrinkage=0.06


Tree=138
num_leaves=15
num_cat=0
split_feature=1 3 3 3 0 0 3 4 3 0 0 5 1 1
split_gain=0.441681 1.29903 0.517654 1.4258 0.681635 0.574112 0.559636 0.908795 0.790425 0.483517 0.478446 1.19035 0.903693 0.501427
threshold=0.414581040885942 0.42977292799977268 0.36383641388814592 0.3167255268787656 0.6358752389094694 0.58469626549424725 0.21507471603354145 5.925288155565446 0.12731146848476296 0.18980775822945142 0.34946794998679082 1.0000000180025095e-35 0.3498465601997866 0.40033855830315818
decision_type=2 2 2 2 2 2 2 2 2 2 2 2 2 2
left_child=10 2 3 4 5 6 7 -2 -9 -3 11 -1 -13 -12
right_child=1 9 -4 -5 -6 -7 -8 8 -10 -11 13 12 -14 -15
leaf_value=-0.064663412850720178 0.049452157793953185 -0.062209081692980145 -0.028979633730949705 0.068174992825761338 0.027772437420373896 -0.066636649417303975 -0.042345553817634871 -0.07410758655821377 0.032684499926353153 0.054858851463094528 -5.6860087334471678e-06 -0.062007817908486654 0.11843746362066128 -0.041146703248423705
leaf_weight=1.270849757456747 1.0524809720227488 0.13441098165640086 1.8851627477270083 1.1257125855918273 1.5497560216608688 0.74475531752250379 1.1199452434666453 0.60219018624775322 0.42602527246344835 2.306733358927886 18.692333539635005 0.15938348080453568 0.26778799843305023 1.1310290424953553
leaf_count=2575 26 24 91 69 150 28 61 71 41 681 1819 323 19 22
internal_value=1.97522e-05 0.00983177 -0.00124066 0.00665748 -0.00594473 -0.0191889 -0.00814827 0.0102586 -0.0298599 0.048413 -0.00497128 -0.0355381 0.0511109 -0.002353
internal_weight=32.4686 10.9472 8.50603 6.62087 5.49515 3.9454 3.20064 2.0807 1.02822 2.44114 21.5214 1.69802 0.427171 19.8234
internal_count=6000 1242 537 446 377 227 199 138 112 705 4758 2917 342 1841
is_linear=0
shrinkage=0.06


Tree=139
num_leaves=15
num_cat=0
split_feature=1 1 1 0 2 4 0 0 0 3 0 1 0 4
split_gain=0.406126 1.80988 0.769248 0.479774 0.92072 0.717581 0.584963 0.804902 0.856534 0.41112 0.398679 1.49906 0.590559 0.654732
threshold=0.76371328776908365 0.74954796034524473 0.65592328732954164 0.34946794998679082 0.88552444038301392 13.709232086553724 0.2591720320032932 0.24705499284442581 0.10947532690216992 0.041545518139125957 0.42344426468383189 0.30430499356340585 0.44917073183338724 1.114990165321063
decision_type=2 2 2 2 2 2 2 2 2 2 2 2 2 2
left_child=1 2 3 5 9 6 7 8 -1 -5 11 -11 -12 -14
right_child=-2 -3 -4 4 -6 -7 -8 -9 -10 10 12 -13 13 -15
leaf_value=0.073109492342857157 0.047198138400917411 -0.16403554760389941 0.059525237819683795 -0.060945349979486946 0.05286051435692804 -0.062805242044273277 -0.03763437156224566 0.092074363161778638 -0.044465569382135646 -0.07133137290677366 -0.050350054332264686 0.050181090767048714 0.040608186292072641 -0.0028695773693435374
leaf_weight=0.32565874594002842 0.6437127233366472 0.243068160925758 0.77066116363857773 0.40302776559838704 1.2039901009120502 1.0748030937284054 1.0807010531207195 0.40833126255893137 0.70798775221192045 0.46314141264156505 0.88154372678400506 1.733521532238228 1.3259633937268542 20.911756210516614
leaf_count=51 276 23 230 569 300 2850 87 9 103 330 120 56 37 959
internal_value=1.92491e-05 -0.000943823 0.000323069 -0.00117183 0.00157805 -0.0217514 -0.00426015 0.0207524 -0.00742259 -0.000822657 0.000134492 0.0245616 -0.00218643 -0.000277139
internal_weight=32.1779 31.5342 31.2911 30.5204 26.9229 3.59748 2.52268 1.44198 1.03365 25.719 25.3159 2.19666 23.1193 22.2377
internal_count=6000 5724 5701 5471 2371 3100 250 163 154 2071 1502 386 1116 996
is_linear=0
shrinkage=0.06


Tree=140
num_leaves=15
num_cat=0
split_feature=1 0 0 4 0 0 0 4 4 4 1 4 0 0
split_gain=0.398407 0.640486 0.961571 0.767067 0.625494 0.526257 0.739509 0.732175 0.443311 1.54567 1.52759 1.4832 1.35161 1.15039
threshold=0.414581040885942 0.63200490311008428 0.61557454871876283 2.8481481807614224 0.53138136493111554 0.43259359222670729 0.41098543009615346 13.709232086553724 6.7524034627805385 4.6189508858867034 0.19560360314836525 8.9910342085045922 0.6358752389094694 0.56566755904561072
decision_type=2 2 2 2 2 2 2 2 2 2 2 2 2 2
left_child=8 2 3 -2 5 6 7 -5 9 10 -1 -10 -12 -13
right_child=1 -3 -4 4 -6 -7 -8 -9 11 -11 12 13 -14 -15
leaf_value=0.037781063218012577 0.065724120429730915 0.032824060758493964 -0.066220556878896941 0.015816170935017724 0.040229053334511967 -0.032307528877916748 0.065205885416512413 -0.05543412506589037 -0.065158841009595597 0.038060787677221201 0.0040429063020097269 -0.030147235443626491 -0.043894941446940797 0.022975913191271152
leaf_weight=1.9960819237894671 0.7187021129357144 3.0324542511079926 0.71115956660651125 1.5322711351036566 1.1438152315240584 2.049149586866406 0.62517433062021144 0.78531580341950746 1.729628837587369 3.2257391814418943 4.1252713235153333 2.7663324237510096 4.3501824295963161 3.1255969022458885
leaf_count=190 79 694 31 44 96 81 25 192 111 140 59 3699 62 497
internal_value=1.84578e-05 0.00952612 0.00018779 0.00707778 0.000208298 -0.00896181 0.00729465 -0.00832704 -0.004708 0.00174599 -0.00944072 -0.016307 -0.0205621 -0.00196605
internal_weight=31.9169 10.598 7.56559 6.85443 6.13573 4.99191 2.94276 2.31759 21.3188 13.6973 10.4715 7.62156 8.47545 5.89193
internal_count=6000 1242 548 517 438 342 261 236 4758 451 311 4307 121 4196
is_linear=0
shrinkage=0.06


Tree=141
num_leaves=15
num_cat=0
split_feature=1 3 1 1 1 4 4 0 0 0 1 3 1 0
split_gain=0.399331 0.406084 0.372919 0.503055 0.51797 1.88953 0.533398 1.83321 1.43537 1.43361 1.24865 1.82964 0.88547 0.998674
threshold=0.12945209946641592 0.83836259226989551 0.1336604448602349 0.17799017026764055 0.19560360314836525 3.4625904132490302 4.6189508858867034 0.55336654201289492 0.53138136493111554 0.47570425161271285 0.34141116148336031 0.66530056927578241 0.27040911933041695 0.62773278573506508
decision_type=2 2 2 2 2 2 2 2 2 2 2 2 2 2
left_child=-1 2 -2 -4 5 -5 7 9 -8 -6 -9 -12 -10 -14
right_child=1 -3 3 4 6 -7 8 10 12 -11 11 -13 13 -15
leaf_value=-0.046279761689033791 0.055802725594853483 0.056543738566421177 -0.053365827775591825 0.090664251149042585 -0.0034075060675510158 -0.056531547480144981 -0.01389755005004425 -0.05245311259449649 -0.023515388275371217 0.076798508935624357 0.010986827113623572 -0.10252810122856565 0.062133660421377218 0.01525852910869808
leaf_weight=0.65675035564345563 0.42737105646666051 0.46671594266081129 0.63765723694814624 0.85739091085270291 2.2691002379287988 0.49533036843786249 7.4485979497985708 3.7237121216021478 1.3362331831085592 1.2410635131527668 3.6590629177953815 0.59417245426448051 2.3398671230534092 5.4409753042127704
leaf_count=2640 48 161 525 10 66 206 1234 39 96 64 254 106 130 421
internal_value=1.76001e-05 0.00100042 0.000149667 -0.000642011 0.000501303 0.0367651 -0.00124736 -0.0111828 0.00564218 0.0249504 -0.0270828 -0.00487109 0.021606 0.0293549
internal_weight=31.594 30.9373 30.4705 30.0432 29.4055 1.35272 28.0528 11.4871 16.5657 3.51016 7.97695 4.25324 9.11708 7.78084
internal_count=6000 3360 3199 3151 2626 216 2410 529 1881 130 399 360 647 551
is_linear=0
shrinkage=0.06


Tree=142
num_leaves=15
num_cat=0
split_feature=4 1 0 3 0 0 1 1 1 1 3 3 4 3
split_gain=0.390282 0.514782 0.724855 0.709382 0.501403 0.420875 0.37575 0.435219 0.437366 0.697483 0.762404 0.539382 0.700357 1.80746
threshold=22.387281066057895 0.48492186723226655 0.45963545698848235 0.16908880812455077 0.25659936857773713 0.83898500475210402 0.47153392554097173 0.414581040885942 0.37745271677012154 0.34141116148336031 0.68606275104721115 0.63006188866891011 6.7524034627805385 0.5312385115515067
decision_type=2 2 2 2 2 2 2 2 2 2 2 2 2 2
left_child=1 4 -3 -4 -1 -2 7 8 9 10 11 12 -6 -14
right_child=5 2 3 -5 6 -7 -8 -9 -10 -11 -12 -13 13 -15
leaf_value=-0.061144678819199799 -0.038540371303827523 -0.0039681933536424288 0.0012291104355422694 0.061695919703829191 0.0054632089994519151 0.053137381329766024 -0.033897578290607105 0.026638029959362309 -0.020907492573179573 0.030647316449112002 0.031983146016026885 -0.040558933646367749 -0.062963613044013086 0.047342558626583819
leaf_weight=0.50950620125878288 1.5237102033461258 2.8388603289495213 1.1334649408527186 1.8200068547157568 7.6218031717944665 0.20446198299759988 1.1845868988893915 2.1198840179131357 3.5945073587063225 2.6093659045000086 1.9114408527384501 1.6607707651855879 1.8275097898294919 0.75599834221065965
leaf_count=423 3640 88 64 727 301 32 27 81 50 48 52 34 392 41
internal_value=2.14921e-05 0.0016403 0.0176811 0.0384903 -0.0022644 -0.0276939 -0.000976068 0.000788463 -0.00195399 0.00220351 -0.00318355 -0.00884836 -0.00368791 -0.0306853
internal_weight=31.3159 29.5877 5.79233 2.95347 23.7954 1.72817 23.2859 22.1013 19.9814 16.3869 13.7775 11.8661 10.2053 2.58351
internal_count=6000 2328 879 791 1449 3672 1026 999 918 868 820 768 734 433
is_linear=0
shrinkage=0.06


Tree=143
num_leaves=15
num_cat=0
split_feature=3 1 2 3 4 0 1 1 0 3 3 3 1 4
split_gain=0.38671 0.367733 0.372617 0.346451 0.37831 0.532343 0.489272 0.370766 0.653776 0.595974 0.451346 0.508794 0.552401 1.48952
threshold=1.0000000180025095e-35 0.080665416395330439 2.1799019657805832 0.83836259226989551 20.812404338645603 0.83898500475210402 0.62664115606000326 0.48492186723226655 0.45963545698848235 0.16908880812455077 0.76216246761986572 0.68111074581107045 0.25771436354999749 2.9951031276850881
decision_type=2 2 2 2 2 2 2 2 2 2 2 2 2 2
left_child=-1 -2 3 4 7 6 -6 10 -9 -10 11 12 13 -3
right_child=1 2 -4 -5 5 -7 -8 8 9 -11 -12 -13 -14 -15
leaf_value=-0.06084408197228669 -0.060149620081721901 0.02190858711940244 0.043339234278920176 0.055569546111305795 -0.062748895625164655 0.059502047463968248 0.023865586759147472 -0.005070132409211928 0.0027166602347089225 0.061678544470719139 -0.030953524764443414 0.035754651238693598 0.0024684848722845163 -0.06048046004495284
leaf_weight=0.37130039070325693 0.35274339984607905 1.3939497850951981 0.74626227845146687 0.40430883533554052 1.0364580008827022 0.21053151114028867 0.30354745493968938 2.6725421223090953 1.0489369351416828 1.4992053909518288 1.7945718504779495 1.3695103655336414 15.978373057310817 1.8231861381573251
leaf_count=604 1741 54 414 101 1955 7 32 55 44 406 24 28 212 323
internal_value=2.0535e-05 0.000758244 0.00146775 0.000409786 -0.000355781 -0.0291932 -0.0431284 0.00126543 0.0156624 0.037407 -0.00209607 0.000422128 -0.00209868 -0.0247822
internal_weight=31.0054 30.6341 30.2814 29.5351 29.1308 1.55054 1.34001 27.5803 5.22068 2.54814 22.3596 20.565 19.1955 3.21714
internal_count=6000 5396 3655 3241 3140 1994 1987 1146 505 450 641 617 589 377
is_linear=0
shrinkage=0.06


Tree=144
num_leaves=15
num_cat=0
split_feature=3 1 3 3 0 1 3 0 3 3 3 1 1 3
split_gain=0.363645 0.345622 0.344846 0.346242 0.445701 0.92676 0.679836 0.382037 0.333669 1.0699 0.858671 0.759896 1.28941 1.23524
threshold=1.0000000180025095e-35 0.080665416395330439 0.83836259226989551 0.82045453163569571 0.74312725953665792 0.27576240385925016 0.26160314670076396 0.73802291774839335 0.35310485356192617 0.3409001944939371 0.41844511694005632 0.40753032868596178 0.38817497300387532 0.45408967229585528
decision_type=2 2 2 2 2 2 2 2 2 2 2 2 2 2
left_child=-1 -2 3 4 7 -6 -7 8 9 -3 -10 12 13 -12
right_child=1 2 -4 -5 5 6 -8 -9 10 -11 11 -13 -14 -15
leaf_value=-0.06079578256452494 -0.060141018929676535 0.0019215495692868603 0.055264261082918466 -0.038194511618826137 -0.020697392704217773 0.0065112416734432032 0.06316105068198255 -0.056266435933403733 -0.044842253011922267 0.074394378124505556 0.069515850175384558 0.033637031693840455 -0.080553975134360717 -0.0088827434278691726
leaf_weight=0.34994692484179069 0.33224729538051434 10.646291697536086 0.42175384894653589 0.80466766314930183 1.4416458862542629 1.3900222088850571 1.6896127439977133 0.45023992635833465 1.8633522573400103 0.78756855829124184 0.8068271185620669 1.9053535788189027 0.80465162876498642 7.0050727764137264
leaf_count=604 1741 1567 163 41 35 66 323 14 307 56 123 343 17 600
internal_value=1.76068e-05 0.000718824 0.00139246 0.000624747 0.0017097 0.0190057 0.0375916 -0.00151247 -0.000477486 0.00691351 -0.00730072 -0.000652395 -0.00823472 -0.000785595
internal_weight=30.6993 30.3493 30.0171 29.5953 28.7906 4.52128 3.07963 24.2694 23.8191 11.4339 12.3853 10.5219 8.61655 7.8119
internal_count=6000 5396 3655 3492 3451 424 389 3027 3013 1623 1390 1083 740 723
is_linear=0
shrinkage=0.06


Tree=145
num_leaves=15
num_cat=0
split_feature=3 1 2 0 0 0 1 4 4 1 1 0 3 3
split_gain=0.342017 0.324888 0.338884 0.310597 0.841222 0.479525 0.605242 0.630513 0.452758 0.437548 1.3412 1.24191 0.751348 0.664503
threshold=1.0000000180025095e-35 0.080665416395330439 2.1799019657805832 0.892898982436933 0.84587243272932011 0.74312725953665792 0.27883187828747974 3.7406429647254495 20.812404338645603 0.27883187828747974 0.30430499356340585 0.58469626549424725 0.71585532279473063 0.56214877710281208
decision_type=2 2 2 2 2 2 2 2 2 2 2 2 2 2
left_child=-1 -2 3 4 5 8 -7 -8 9 11 -11 12 -3 -12
right_child=1 2 -4 -5 -6 6 7 -9 -10 10 13 -13 -14 -15
leaf_value=-0.060750201048645112 -0.060132906014333833 -0.063494563259875278 0.042093653336900114 0.037048732425625307 -0.052599341711479897 -0.017059883293743749 -0.019276854123100311 0.062436676032568215 -0.036022884991800508 -0.052322256744402246 0.0085919882583420978 0.038024014963156216 0.036710188344734086 -0.019052320388587844
leaf_weight=0.32980738828701106 0.31293965543227642 0.87208665708023747 0.716264817652699 0.80587166435725421 1.0824525841890125 0.85369344823993687 0.44137466736719932 1.4792787148908244 1.284327802248298 1.8219637662114134 12.833319161843976 3.1123148184851743 0.38978129904717207 4.1401972180901785
leaf_count=604 1741 327 414 77 76 19 69 103 1990 34 265 60 15 206
internal_value=1.88157e-05 0.000683652 0.0013216 0.000318617 -0.000726913 0.00133526 0.0249749 0.0436585 -0.0013467 0.000575451 -0.0034022 0.017667 -0.0325421 0.00184896
internal_weight=30.4757 30.1459 29.8329 29.1167 28.3108 27.2283 2.77435 1.92065 24.454 23.1697 18.7955 4.37418 1.26187 16.9735
internal_count=6000 5396 3655 3241 3164 3088 191 172 2897 907 505 402 342 471
is_linear=0
shrinkage=0.06


Tree=146
num_leaves=15
num_cat=0
split_feature=1 1 1 4 1 4 4 4 4 1 1 3 3 3
split_gain=0.323772 1.49069 0.672089 0.401463 0.280327 0.481426 0.261391 0.366067 0.234723 0.808419 0.491316 1.41404 1.5935 1.08901
threshold=0.76371328776908365 0.74954796034524473 0.65592328732954164 22.759855025898059 0.55791070399666443 12.607227119662628 23.104539718892578 23.753791319922197 14.337850208413155 0.33710715819359333 0.2900201930567034 0.59876259763115502 0.12731146848476296 0.56214877710281208
decision_type=2 2 2 2 2 2 2 2 2 2 2 2 2 2
left_child=1 2 3 4 8 -6 -5 -8 10 -10 11 12 -1 -12
right_child=-2 -3 -4 6 5 -7 7 -9 9 -11 13 -13 -14 -15
leaf_value=0.069123532900516649 0.045567581498492923 -0.14476162741052886 0.059202708998436382 -0.089671657460560078 0.056929728600903194 -0.0018661445629591946 0.038003000000155121 -0.040767899589311929 -0.054622791072532491 0.040985654319422284 0.00060489400609964859 0.039239566671892399 -0.034593666336399397 -0.034709462666329835
leaf_weight=0.65398402942448841 0.55152276399894518 0.25680270904558611 0.68409501219866697 0.23982461385457909 0.83779429923742954 1.2484131703677119 0.28533962640722144 0.83073598857663455 0.41035924181050987 1.4204454408754825 12.46900603247923 3.2751580535768881 2.8892581638938282 4.2033899405942057
leaf_count=126 276 23 230 24 189 35 47 3556 488 74 234 92 451 155
internal_value=1.69436e-05 -0.000828791 0.000426391 -0.000971502 0.000605122 0.0217455 -0.032841 -0.0206291 -0.0011366 0.0195558 -0.00274931 0.0108195 -0.0154504 -0.00829845
internal_weight=30.2561 29.7046 29.4478 28.7637 27.4078 2.08621 1.3559 1.11608 25.3216 1.8308 23.4908 6.8184 3.54324 16.6724
internal_count=6000 5724 5701 5471 1844 224 3627 3603 1620 562 1058 669 577 389
is_linear=0
shrinkage=0.06


Tree=147
num_leaves=15
num_cat=0
split_feature=3 2 1 0 0 1 3 0 3 3 0 0 0 1
split_gain=0.322909 0.308583 0.452185 0.298384 0.933841 0.587687 0.491875 1.15543 0.599744 0.582434 0.410639 0.37735 0.678096 0.437642
threshold=1.0000000180025095e-35 4.0823532354097045 0.12945209946641592 0.86662995840781198 0.84587243272932011 0.25072267475115312 0.77692576249887391 0.43993382312985224 0.76216246761986572 0.68606275104721115 0.82798598835911474 0.79926610420594935 0.75660049437690347 0.34141116148336031
decision_type=2 2 2 2 2 2 2 2 2 2 2 2 2 2
left_child=-1 2 -2 4 6 -5 8 -8 9 10 11 12 13 -4
right_child=1 -3 3 5 -6 -7 7 -9 -10 -11 -12 -13 -14 -15
leaf_value=-0.060711268129167287 -0.060182916511641253 0.055489578996479515 -0.012603932943227241 -0.043690488950522015 -0.061221813283716453 0.060372686016434494 -0.053547178267359566 0.066788615261525144 -0.057082796317915366 0.041230456324782762 0.047591926014735775 -0.047774713090375516 0.051846295648079299 0.0046249354318374011
leaf_weight=0.31189140383503655 0.44299486980890534 0.36497247790975862 9.442844467739663 0.26517017744481453 0.87618507785373267 0.74218830022437032 0.38916573816822975 1.0968426275794625 0.65107804326180385 1.2461925222523849 0.61351213305897445 0.63447982916841184 0.84582388438866374 12.120569873568455
leaf_count=604 2399 222 1410 4 40 149 38 156 25 108 40 32 61 712
internal_value=2.16156e-05 0.000658709 -2.27272e-05 0.000898674 -0.000258956 0.0329798 0.0017164 0.0352743 -0.000235005 0.00125123 -0.000854756 -0.00214459 -0.000852652 -0.00291977
internal_weight=30.0439 29.732 29.367 28.9241 27.9167 1.00736 27.0405 1.48601 25.5545 24.9034 23.6572 23.0437 22.4092 21.5634
internal_count=6000 5396 5174 2775 2622 153 2582 194 2388 2363 2255 2215 2183 2122
is_linear=0
shrinkage=0.06


Tree=148
num_leaves=15
num_cat=0
split_feature=4 4 0 2 0 4 0 0 0 3 3 3 3 3
split_gain=0.308168 0.295016 0.402881 0.280616 1.33262 0.20458 1.00734 0.983751 0.887681 1.23397 1.13253 1.08147 0.857649 1.15404
threshold=22.387281066057895 23.104539718892578 0.56050711739450465 0.88552444038301392 0.26551659008999362 4.6189508858867034 0.53138136493111554 0.37276513274529061 0.47177274383282403 0.22788199898482811 0.35310485356192617 0.54422723510763715 0.21293481441733575 0.2921166982411178
decision_type=2 2 2 2 2 2 2 2 2 2 2 2 2 2
left_child=3 -2 -3 5 -5 7 8 -1 9 -7 -11 -12 -9 -14
right_child=1 2 -4 4 -6 6 -8 12 -10 10 11 -13 13 -15
leaf_value=0.047024043061544396 -0.078280293392269384 -0.054846095188195852 0.015601581534281705 -0.056968794443588766 0.060516532365161191 -0.059086635666803514 0.018956387646908546 0.02049358710641528 -0.048985255280465968 0.05381628703600419 -0.070282680541559658 0.02587361871361106 -0.068663630759940614 -0.01012872942889379
leaf_weight=1.1591141827375491 0.31196680310676939 0.49038094939896815 0.72329228163289372 0.49580184746810019 1.1625410382839616 0.95014410783551095 7.9737067536261748 2.4427495417985474 1.7876146882917963 1.6507648848782994 0.74327275407995308 0.97137535612637294 1.4476535783760462 7.4656948990304954
leaf_count=56 48 3215 409 24 494 260 473 90 90 152 191 98 47 353
internal_value=2.68873e-05 -0.0262394 -0.0128626 0.00144537 0.0253914 -4.79576e-05 0.00491422 -0.00562933 -0.0134317 0.00129555 0.018343 -0.0158086 -0.0110036 -0.0196356
internal_weight=29.7761 1.52564 1.21367 28.2504 1.65834 26.5921 14.0769 12.5152 6.10317 4.31556 3.36541 1.71465 11.3561 8.91335
internal_count=6000 3672 3624 2328 518 1810 1264 546 791 701 441 289 490 400
is_linear=0
shrinkage=0.06


Tree=149
num_leaves=15
num_cat=0
split_feature=3 0 2 4 4 4 4 0 4 3 0 0 0 0
split_gain=0.305215 0.279262 0.27657 0.298079 0.422551 0.545942 0.537664 0.358134 0.356406 0.349504 0.332243 0.646958 0.420948 0.967495
threshold=1.0000000180025095e-35 0.92053406113215253 4.266394195645586 20.812404338645603 18.742063048236233 16.366415233553059 14.337850208413155 0.83898500475210402 19.405622188907028 0.49942863008870875 0.84587243272932011 0.86662995840781198 0.68551348276978064 0.70202300620388602
decision_type=2 2 2 2 2 2 2 2 2 2 2 2 2 2
left_child=-1 2 3 4 5 6 10 9 -6 -5 12 -12 -2 -14
right_child=1 -3 -4 7 8 -7 -8 -9 -10 -11 11 -13 13 -15
leaf_value=-0.060684366879423045 -0.0032165238933370872 0.061661267838383625 0.055525651825150173 -0.056734016347434149 0.081737112486953686 -0.0548784399739159 0.050285945285479486 0.054701670506470373 -0.0045985496790759322 0.0075406460267353889 -0.061454513150567554 0.018583311310993913 0.070567934538801752 0.0042925981245529807
leaf_weight=0.29518655015272344 17.852154251439089 0.26746567849477187 0.32017233714577642 0.94871538649022003 0.42191762969014135 0.6438365561007221 0.77469514088443148 0.17607705667614926 0.29075737848324934 0.44856139566763886 0.86748056317446642 0.6258850431186147 0.95723578995966718 4.6203350580035476
leaf_count=604 890 66 196 2720 38 149 146 7 81 592 46 90 46 329
internal_value=2.03755e-05 0.000633726 6.98577e-05 -0.000550361 0.000926091 -0.000307291 0.00105994 -0.0259384 0.0465139 -0.0361002 -0.000470169 -0.0279098 0.00127878 0.0156669
internal_weight=29.5105 29.2153 28.9478 28.6277 27.0543 26.3416 25.6978 1.57335 0.712675 1.39728 24.9231 1.49337 23.4297 5.57757
internal_count=6000 5396 5330 5134 1815 1696 1547 3319 119 3312 1401 136 1265 375
is_linear=0
shrinkage=0.06


Tree=150
num_leaves=15
num_cat=0
split_feature=1 1 1 4 1 4 3 1 3 1 4 3 5 4
split_gain=0.300147 1.18865 0.625086 0.332039 0.252327 1.03445 0.492901 0.308931 0.392925 0.713584 0.844593 1.12601 0.643104 0.583625
threshold=0.76371328776908365 0.74954796034524473 0.65592328732954164 22.759855025898059 0.48492186723226655 6.0698155640957774 0.17440780630199523 0.47153392554097173 0.27443444803745348 0.33196933062923856 6.4879515215367514 0.16908880812455077 1.0000000180025095e-35 14.812988493544951
decision_type=2 2 2 2 2 2 2 2 2 2 2 2 2 2
left_child=1 2 3 4 7 -6 -7 8 9 10 11 -1 13 -10
right_child=-2 -3 -4 -5 5 6 -8 -9 12 -11 -12 -13 -14 -15
leaf_value=-0.025071383472968171 0.04556967130019858 -0.12611476798859977 0.058969368267124456 -0.031392899326061284 0.059977064193719197 -0.039903091234660043 0.012354068269397979 -0.032074715973912843 -0.0054156412918355511 0.035706859987778353 -0.066154579626319571 0.055665948376322445 -0.053890935470499092 0.044218900243867633
leaf_weight=1.4499131749762701 0.51173423907311999 0.26988657179754127 0.64119892921007604 1.2327121773851093 1.2382538749516232 0.98977768834447521 1.8916495500161543 1.1686039009655349 13.687286293010397 2.6733786795521155 0.67052617126682879 1.0888792654950519 0.92582935775135489 0.90951269057040995
leaf_count=77 276 23 230 3627 201 24 148 29 540 84 384 54 92 211
internal_value=2.09306e-05 -0.000787355 0.000396654 -0.000948198 0.00045774 0.014113 -0.0055964 -0.00203431 -0.000394287 0.0128107 -0.00626183 0.00955658 -0.00539867 -0.00232296
internal_weight=29.3491 28.8374 28.5675 27.9263 26.6936 4.11968 2.88143 22.5739 21.4053 5.8827 3.20932 2.53879 15.5226 14.5968
internal_count=6000 5724 5701 5471 1844 373 172 1471 1442 599 515 131 843 751
is_linear=0
shrinkage=0.06


Tree=151
num_leaves=15
num_cat=0
split_feature=3 3 4 1 3 3 3 3 1 4 4 3 3 1
split_gain=0.287802 0.274878 0.299285 0.257426 0.252025 0.311213 0.549786 0.624647 0.568383 1.17809 0.815639 1.37123 1.15892 2.51146
threshold=1.0000000180025095e-35 0.83836259226989551 26.666356666639853 0.76371328776908365 0.82045453163569571 0.77692576249887391 0.76216246761986572 0.68606275104721115 0.25771436354999749 2.9951031276850881 3.4625904132490302 0.21293481441733575 0.3167255268787656 0.35486482448452922
decision_type=2 2 2 2 2 2 2 2 2 2 2 2 2 2
left_child=-1 2 3 4 5 6 7 8 9 -2 11 -10 -13 -14
right_child=1 -3 -4 -5 -6 -7 -8 -9 10 -11 -12 12 13 -15
leaf_value=-0.060683440923940957 0.019245236252900911 0.050106591201728487 -0.046505133006701685 0.044064626410648025 -0.033646796965380629 0.041971500141118168 -0.054736585450531471 0.041453880770271456 0.032312203839079325 -0.051134816375378478 0.010634198890737433 -0.076219668656281978 -0.060284369162881206 0.051484666476001244
leaf_weight=0.27845590139441156 1.4267158301809382 0.3983206450502611 0.49135261026458366 0.48497308485093427 0.78020552780071639 0.64955964812543143 0.64596755250386095 1.3231241573521391 1.5787961949245097 2.1412410413777252 14.53170107043479 1.4758663124957818 1.6428525031078609 1.2936525392724432
leaf_count=604 108 168 2908 242 32 63 20 104 38 1021 505 41 15 131
internal_value=2.3008e-05 0.000608647 -8.39707e-05 0.00073138 -3.31052e-05 0.000948778 -7.37388e-05 0.00131567 -0.000888811 -0.022992 0.00295389 -0.0156749 -0.0328452 -0.0110455
internal_weight=29.1428 28.8643 28.466 27.9747 27.4897 26.7095 26.0599 25.4139 24.0908 3.56796 20.5229 5.99117 4.41237 2.93651
internal_count=6000 5396 5228 2320 2078 2046 1983 1963 1859 1129 730 225 187 146
is_linear=0
shrinkage=0.06


Tree=152
num_leaves=15
num_cat=0
split_feature=3 3 2 1 0 0 3 0 3 3 1 1 3 0
split_gain=0.281889 0.46154 0.265868 0.372068 0.246442 0.547102 0.453652 1.09045 0.459437 0.475388 0.351892 0.92895 0.655227 0.620748
threshold=0.05028528783859091 0.063875490264467497 2.1672471829615545 0.12945209946641592 0.892898982436933 0.84587243272932011 0.77692576249887391 0.45518569476725695 0.76216246761986572 0.68606275104721115 0.34141116148336031 0.35486482448452922 0.081224121870788105 0.55698310264229745
decision_type=2 2 2 2 2 2 2 2 2 2 2 2 2 2
left_child=-1 -2 3 -3 5 6 8 -8 9 10 12 -12 -5 -13
right_child=1 2 -4 4 -6 -7 7 -9 -10 -11 11 13 -14 -15
leaf_value=-0.040637133761911255 0.071019889466275826 -0.060177290158197443 0.039364540838307101 -0.1041873775020016 0.03487347828533565 -0.043933698117512993 -0.053721231170364189 0.066500007293966795 -0.051385361296784754 0.037687748223056407 0.065128434098769672 -0.012636364341088707 -0.0075460621664593863 0.01569050527803945
leaf_weight=0.60116281261980731 0.33378461895154288 0.37502666331420798 0.6056811247508439 0.25929517502301891 0.71027452226553478 1.0241280042246206 0.37133512315267481 1.0113736764615167 0.63752757164547702 1.159672826881432 0.86370719553087738 5.9838105521484959 9.7266431022071611 5.2096150467550615
leaf_count=780 88 2240 422 37 75 71 35 126 24 87 48 386 1295 286
internal_value=1.89238e-05 0.000883419 4.54782e-05 -0.000825825 -1.37113e-07 -0.000943854 0.000801661 0.0342138 -0.00113621 0.000244458 -0.00172541 0.00517368 -0.0100555 0.000547454
internal_weight=28.873 28.2719 27.9381 27.3324 26.9574 26.2471 25.223 1.38271 23.8403 23.2027 22.0431 12.0571 9.98594 11.1934
internal_count=6000 5220 5132 4710 2470 2395 2324 161 2163 2139 2052 720 1332 672
is_linear=0
shrinkage=0.06


Tree=153
num_leaves=15
num_cat=0
split_feature=3 1 3 4 1 3 3 1 4 4 1 1 3 3
split_gain=0.259875 0.252325 0.27682 0.251733 0.331273 0.718951 0.647671 0.344519 0.593572 0.259435 0.378218 0.256196 1.20872 1.55478
threshold=1.0000000180025095e-35 0.080665416395330439 0.83836259226989551 22.387281066057895 0.55791070399666443 0.22788199898482811 0.16625475019426772 0.61043685273926984 12.986674451588826 23.104539718892578 0.42275372857874255 0.2900201930567034 0.59876259763115502 0.12731146848476296
decision_type=2 2 2 2 2 2 2 2 2 2 2 2 2 2
left_child=-1 -2 3 4 11 6 -6 -7 -9 -5 -11 12 13 -3
right_child=1 2 -4 9 5 7 -8 8 -10 10 -12 -13 -14 -15
leaf_value=-0.06061921017502115 -0.060128702738142942 0.073684511161781624 0.054003450895494569 -0.075358441856249639 0.029189851778772046 0.077606701410238677 -0.053018960329631014 0.061388098938903929 -0.035201015230111328 -0.060946113737948608 0.018332045378883274 -0.004588070105170163 0.036967816168286843 -0.03416516504465008
leaf_weight=0.25216543406895908 0.24450193078155535 0.58279703568770402 0.3514603066505505 0.29346626909318618 0.69028710830025308 0.7283172630559418 0.68971722468268126 0.57358725582889747 0.38130790246941615 0.34169841753464425 0.59192528239509556 17.150986565480707 3.0273487673475756 2.760664927027392
leaf_count=604 1741 48 163 26 58 82 33 415 46 1751 186 399 75 373
internal_value=2.25032e-05 0.000560792 0.00108767 0.000418973 0.00164535 0.0202051 -0.0118976 0.0465249 0.0228182 -0.0261506 -0.0106831 -0.000771664 0.00950256 -0.0153659
internal_weight=28.6602 28.4081 28.1636 27.8121 26.585 3.06322 1.38 1.68321 0.954895 1.22709 0.933624 23.5218 6.37081 3.34346
internal_count=6000 5396 3655 3492 1529 634 91 543 461 1963 1937 895 496 421
is_linear=0
shrinkage=0.06


Tree=154
num_leaves=15
num_cat=0
split_feature=0 2 5 1 1 1 0 1 0 1 3 1 0 0
split_gain=0.262268 0.820935 0.81124 0.447383 0.630126 0.467992 0.377646 1.10873 0.668219 0.937332 0.746898 0.510872 0.308723 0.293168
threshold=0.34946794998679082 0.88552444038301392 1.0000000180025095e-35 0.3498465601997866 0.35486482448452922 0.44968578258479835 0.42622347060646526 0.30430499356340585 0.45963545698848235 0.62025489969500913 0.51519686757794692 0.3666507233756347 0.43993382312985224 0.52748473576288035
decision_type=2 2 2 2 2 2 2 2 2 2 2 2 2 2
left_child=3 2 6 -1 -5 -6 7 -2 10 13 12 -9 -8 -10
right_child=1 -3 -4 4 5 -7 8 11 9 -11 -12 -13 -14 -15
leaf_value=-0.061932578646608415 -0.068481670597153432 0.053321225265896305 -0.054255647112915334 0.074958509062486953 -0.06681917779095671 -0.0019795559801539307 -0.026538137842127812 0.080068389243249286 -0.021506522663857615 0.062058328508765241 0.021484528259268491 0.014831522586754934 -0.095755059382325508 0.0023547313208982534
leaf_weight=0.61670163519557109 0.36629164048464291 1.078951023348053 0.9587869697570558 0.31158437378326231 0.50873498825058083 1.8877132305096891 0.37445387611660652 0.83796894937768207 2.0882844909247131 0.90947452720138144 0.48611687165248441 0.89231364826628123 0.60968483386750449 16.499151752297621
leaf_count=2798 345 514 216 11 156 155 68 18 286 330 32 63 60 948
internal_value=2.44239e-05 0.00212188 -0.000177692 -0.0158112 -0.00530798 -0.0157442 0.00207039 0.0263501 -0.000357412 0.00258399 -0.039363 0.0464255 -0.0694188 -0.000326063
internal_weight=28.4262 25.1015 24.0225 3.32473 2.70803 2.39645 23.0637 2.09657 20.9672 19.4969 1.47026 1.73028 0.984139 18.5874
internal_count=6000 2880 2366 3120 322 311 2150 426 1724 1564 160 81 128 1234
is_linear=0
shrinkage=0.06


Tree=155
num_leaves=15
num_cat=0
split_feature=0 3 0 0 0 1 4 4 1 1 0 3 3 3
split_gain=0.24926 0.236294 0.238796 0.57237 0.50688 0.307699 0.671727 0.670833 0.581849 0.552954 0.309255 0.444172 0.602624 0.376357
threshold=0.92053406113215253 1.0000000180025095e-35 0.10736457429953754 0.12314153376823107 0.18980775822945142 0.62025489969500913 2.9951031276850881 2.8481481807614224 0.60001124412521367 0.53601624807887072 0.84587243272932011 0.77692576249887391 0.76216246761986572 0.68606275104721115
decision_type=2 2 2 2 2 2 2 2 2 2 2 2 2 2
left_child=1 -1 -3 -4 -5 8 7 -7 9 10 11 12 13 -6
right_child=-2 2 3 4 5 6 -8 -9 -10 -11 -12 -13 -14 -15
leaf_value=-0.06056075325396916 0.061260082569888769 -0.060852687749963899 0.089388342445798338 -0.065534606014770722 -0.0012791210201225289 0.060280113411877723 0.046599989644572619 -0.090986228363457003 -0.049441668096127996 0.056351103821593161 -0.02794860768949093 0.036306353937521199 -0.061720605552794607 0.035396625633444694
leaf_weight=0.23384828987401007 0.23724725538340763 0.23017636704026045 0.25842865821323613 0.42250241448528214 19.268743563885462 0.16329775212216091 1.3190681759369907 0.29842172737699002 0.86240423258277488 0.62639600559486908 1.4161942818464002 1.2107097252955998 0.57363847090527897 1.0628256467680319
leaf_count=601 69 983 167 638 2538 167 415 7 34 131 61 101 19 69
internal_value=1.91621e-05 -0.00050073 6.07319e-06 0.000515786 -0.000327846 0.000700074 0.024798 -0.0374874 -0.00101502 0.000713702 -0.000767297 0.00097326 -0.00107303 0.000638091
internal_weight=28.1839 27.9467 27.7128 27.4826 27.2242 26.8017 1.78079 0.461719 25.0209 24.1585 23.5321 22.1159 20.9052 20.3316
internal_count=6000 5931 5330 4347 4180 3542 589 174 2953 2919 2788 2727 2626 2607
is_linear=0
shrinkage=0.06


Tree=156
num_leaves=15
num_cat=0
split_feature=0 4 5 1 5 0 1 4 0 1 4 3 4 0
split_gain=0.243773 0.669266 0.634477 0.922415 0.548262 0.301875 1.04715 0.702188 0.614337 0.849106 0.77913 0.774302 0.520398 0.923346
threshold=0.34946794998679082 13.709232086553724 1.0000000180025095e-35 0.44968578258479835 1.0000000180025095e-35 0.42622347060646526 0.30430499356340585 4.2117246628040172 0.45963545698848235 0.62025489969500913 2.9951031276850881 0.506606405845205 1.9099622709631479 0.50660448637744737
decision_type=2 2 2 2 2 2 2 2 2 2 2 2 2 2
left_child=1 2 3 -1 5 6 -2 -8 10 12 -7 -12 -10 -14
right_child=4 -3 -4 -5 -6 8 7 -9 9 -11 11 -13 13 -15
leaf_value=-0.065425995820345487 -0.068190477031650168 -0.062638263454571352 0.070731104745415288 0.018458166880939646 -0.040981783112563556 -0.091014536323547376 0.095470029773832454 0.016591583919183629 0.025164593500561949 0.061431176211334794 -0.041386691263621961 0.075865220669581512 -0.046848529774121066 0.002221844444001891
leaf_weight=0.75720589521188619 0.35889792645139751 0.8114764676120102 0.38721164498565475 1.2525735266681293 1.0226229319559923 0.56465854009002459 0.62397564543061879 1.1646183173616007 2.9164235841890394 0.90035902085219177 0.58982654126884881 0.30896342613050365 1.5222851184662456 14.818878219290125
leaf_count=203 360 2861 29 27 227 14 23 80 117 556 120 37 212 1134
internal_value=2.12436e-05 -0.0155408 0.000403493 -0.0131461 0.00203526 0.00388601 0.0253414 0.0441094 0.001755 0.00448008 -0.0357809 -0.00108078 0.00181742 -0.00234938
internal_weight=28 3.20847 2.39699 2.00978 24.7915 23.7689 2.14749 1.78859 21.6214 20.1579 1.46345 0.89879 19.2576 16.3412
internal_count=6000 3120 259 230 2880 2653 463 103 2190 2019 171 157 1463 1346
is_linear=0
shrinkage=0.06


Tree=157
num_leaves=15
num_cat=0
split_feature=2 1 1 1 1 3 1 0 0 0 0 1 0 0
split_gain=0.237785 0.354701 0.270059 0.457276 0.421441 0.825339 0.58222 0.381864 0.562334 0.640257 0.382043 0.923913 0.8954 0.609936
threshold=4.266394195645586 0.12945209946641592 0.1336604448602349 0.18027429756690996 0.20123352692797883 0.60712979501767994 0.1824852497677166 0.86662995840781198 0.84587243272932011 0.82798598835911474 0.62773278573506508 0.33196933062923856 0.62391022425081788 0.73398246402215428
decision_type=2 2 2 2 2 2 2 2 2 2 2 2 2 2
left_child=1 -1 -3 -4 5 6 -5 8 9 10 12 13 -6 -12
right_child=-2 2 3 4 7 -7 -8 -9 -10 -11 11 -13 -14 -15
leaf_value=-0.06016710785550991 0.055409324365412675 0.053224406476133052 -0.055603860896100712 0.070235472567214685 0.0010220999917395866 0.072463886036600242 -0.064256740982727961 0.039972414750365143 -0.051491470897667327 0.065746526106902292 -0.05546235121390377 0.00361114117116419 0.082639066519089033 -0.0031289788280212498
leaf_weight=0.3545361324249886 0.27619376943766738 0.3419174568734914 0.53022508022695802 0.1666311486751535 13.46583039604776 0.79490689813610516 0.38042994869465474 0.78942129045753873 0.81285922857932646 0.51025376237157516 2.1807205817967756 5.3455607984978997 0.50194118347280969 1.2678511661542868
leaf_count=2633 204 47 550 22 1517 22 194 163 43 54 71 423 14 43
internal_value=1.54229e-05 -0.000542075 0.0002383 -0.000439051 0.000676653 0.0334287 -0.0232913 -0.00109031 -0.0024362 -0.000722778 -0.00221282 -0.0120093 0.00395506 -0.0362222
internal_weight=27.7193 27.4431 27.0885 26.7466 26.2164 1.34197 0.547061 24.8744 24.085 23.2722 22.7619 8.79413 13.9678 3.44857
internal_count=6000 5796 3163 3116 2566 238 216 2328 2165 2122 2068 537 1531 114
is_linear=0
shrinkage=0.06


Tree=158
num_leaves=15
num_cat=0
split_feature=4 1 3 0 0 1 0 5 4 1 1 3 3 3
split_gain=0.242457 0.272684 0.564631 0.488321 0.251117 0.24234 0.241124 0.737637 0.341994 0.728821 0.483277 0.925861 0.900156 1.22021
threshold=22.387281066057895 0.48492186723226655 0.42781159638174632 0.63200490311008428 0.83898500475210402 0.62664115606000326 0.32582441188398686 1.0000000180025095e-35 14.337850208413155 0.29729299809633342 0.2900201930567034 0.60293299318477744 0.59876259763115502 0.12731146848476296
decision_type=2 2 2 2 2 2 2 2 2 2 2 2 2 2
left_child=1 6 3 -3 5 -2 7 -1 10 -10 12 -12 13 -8
right_child=4 2 -4 -5 -6 -7 8 -9 9 -11 11 -13 -14 -15
leaf_value=-0.065586651022696188 -0.05204485673594228 -0.0055775632892017717 0.053901289068379543 0.054404795971904479 0.04743038427108872 0.010291695923746709 0.068174841237644154 0.034873833363024957 -0.062567257011622079 0.05528907651846135 8.4494189828417939e-05 -0.038033241105376647 0.035827864267060208 -0.029633035485766179
leaf_weight=0.7146450042018937 0.82577132898040762 3.2168668114027237 1.0158032751496646 0.57611341603478639 0.15032940266246431 0.30834736092947423 0.56715118406282927 0.41645103909650061 0.23696135449790634 0.93119537337042857 10.261737560358595 2.954475946535239 2.9286732973123435 2.4121817043778719
leaf_count=463 3602 101 593 185 32 38 93 73 174 41 146 80 69 310
internal_value=1.46688e-05 0.00126094 0.0141728 0.00353312 -0.0254378 -0.0350966 -0.00163731 -0.0285987 -0.000134486 0.0313818 -0.00205958 -0.0084367 0.012206 -0.0110142
internal_weight=27.5167 26.2323 4.80878 3.79298 1.28445 1.13412 21.4235 1.1311 20.2924 1.16816 19.1242 13.2162 5.90801 2.97933
internal_count=6000 2328 879 286 3672 3640 1449 536 913 215 698 226 472 403
is_linear=0
shrinkage=0.06


Tree=159
num_leaves=15
num_cat=0
split_feature=2 1 4 0 3 0 0 1 3 4 3 1 3 3
split_gain=0.230533 0.317703 0.223976 0.264122 0.292041 0.219022 0.190464 0.171519 0.507094 0.431861 0.43521 0.239301 1.01874 0.968057
threshold=2.1799019657805832 0.12945209946641592 20.812404338645603 0.83898500475210402 0.49942863008870875 0.56050711739450465 0.26551659008999362 0.48492186723226655 0.42781159638174632 6.0698155640957774 0.22476662508750828 0.2900201930567034 0.56214877710281208 0.59876259763115502
decision_type=2 2 2 2 2 2 2 2 2 2 2 2 2 2
left_child=1 -1 7 4 -4 -6 -2 11 9 10 -9 13 -13 -3
right_child=6 2 3 -5 5 -7 -8 8 -10 -11 -12 12 -14 -15
leaf_value=-0.060168206517179378 -0.032226561508863369 -0.015182008724196032 -0.055882923641227371 0.047849549364375611 -0.060989486948306679 0.039041465729197006 0.05638059078102034 0.059156740252626232 0.052936342845553361 -0.014023716569056004 -0.0094668303798429859 0.0042244422464585213 -0.031509636409056706 0.033867922970330526
leaf_weight=0.32031098516200174 0.10920195890321238 2.9103838917253695 0.76119248912072979 0.15974602969799878 0.11284279379651707 0.26119006521184929 0.43609690462471917 0.75290412793401562 0.87080539573798876 2.2722802547068568 0.59612303521134891 10.951717397576429 3.8930582954199044 2.8838449088216294
leaf_count=2617 27 288 1502 26 244 18 402 45 386 85 60 172 68 60
internal_value=1.55578e-05 -0.000771827 -5.18828e-05 -0.0243858 -0.0345505 0.00886291 0.0386361 0.00120201 0.0118268 0.00194133 0.0288326 -0.0011105 -0.00514686 0.00923063
internal_weight=27.2917 26.7464 26.4261 1.29497 1.13523 0.374033 0.545299 25.1311 4.49211 3.62131 1.34903 20.639 14.8448 5.79423
internal_count=6000 5571 2954 1790 1764 262 429 1164 576 190 105 588 240 348
is_linear=0
shrinkage=0.06


Tree=160
num_leaves=15
num_cat=0
split_feature=3 1 1 0 0 0 0 0 1 0 0 1 0 0
split_gain=0.226017 0.221135 0.936234 0.532681 0.323682 0.498382 0.567036 0.330865 0.903499 0.795291 0.683936 0.714193 0.533063 1.36271
threshold=1.0000000180025095e-35 0.18983069382395951 0.19560360314836525 0.69023508334441097 0.86662995840781198 0.84587243272932011 0.82798598835911474 0.62773278573506508 0.33196933062923856 0.62391022425081788 0.63200490311008428 0.40033855830315818 0.61557454871876283 0.59865792380995653
decision_type=2 2 2 2 2 2 2 2 2 2 2 2 2 2
left_child=-1 3 -3 -2 5 6 7 9 -9 12 -10 -12 13 -4
right_child=1 2 4 -5 -6 -7 -8 8 10 -11 11 -13 -14 -15
leaf_value=-0.060569860698074955 -0.05439655989636389 0.075894748579364346 -0.0010843734485964697 0.013075829470487096 0.038872887839695065 -0.047453744245405723 0.065310114710100925 -0.034297921733947467 -0.064210176400034888 0.080104852162656046 -0.0036309494042488753 0.046036090935807655 -0.05391232212396118 0.070845741750371852
leaf_weight=0.21985295885497436 0.8392299058468804 0.6012301478949692 11.816043635399192 0.84570812945094076 0.75191240625281253 0.80708534732548187 0.47615206283080524 3.3771840726840292 0.4627231967751867 0.48810905909340441 3.276852416805923 1.5284192735198301 0.58425467075721904 1.0308885237391212
leaf_count=604 2930 61 1418 101 182 48 60 59 9 12 42 420 16 38
internal_value=1.81903e-05 0.000513636 0.00192067 -0.0205307 0.000112693 -0.00110941 0.00051398 -0.000853338 -0.0100724 0.00487255 0.00545802 0.0121667 0.0021385 0.00468758
internal_weight=27.1056 26.8858 25.2009 1.68494 24.5996 23.8477 23.0406 22.5645 8.64518 13.9193 5.26799 4.80527 13.4312 12.8469
internal_count=6000 5396 2365 3031 2304 2122 2074 2014 530 1484 471 462 1472 1456
is_linear=0
shrinkage=0.06


Tree=161
num_leaves=15
num_cat=0
split_feature=3 4 1 3 3 0 1 4 4 1 3 3 0 0
split_gain=0.224703 0.275994 0.249709 0.608246 0.445921 0.400041 0.327851 0.519628 0.27974 0.646602 0.330354 0.648633 1.33912 0.616548
threshold=0.83836259226989551 22.387281066057895 0.55791070399666443 0.22788199898482811 0.16625475019426772 0.25659936857773713 0.61043685273926984 12.986674451588826 14.337850208413155 0.33710715819359333 0.27216780343487196 0.16350097688289222 0.61557454871876283 0.53438247723468013
decision_type=2 2 2 2 2 2 2 2 2 2 2 2 2 2
left_child=1 2 5 4 -4 -1 -5 -8 10 -10 11 13 -13 -7
right_child=-2 -3 3 6 -6 8 7 -9 9 -11 -12 12 -14 -15
leaf_value=-0.045979763051955481 0.049183540366038253 -0.029591405629348061 0.024091697486838072 0.075843833395676449 -0.04698193948394068 -0.050087992097853057 0.061140907076317877 -0.037688756233369189 -0.054788696929686034 0.048026553061225913 -0.0066986643960307984 0.065573654168573414 -0.014926746976707216 0.0075222018283411839
leaf_weight=0.70083483984491479 0.33059132984635553 1.1309849357421615 0.62049959436990254 0.65794977537734645 0.6514218695810996 0.92658341168135594 0.44221884863509331 0.33783964699250646 0.27797082915822002 1.0595991754380518 14.333336437710384 1.6790739319330898 1.3357049195037687 2.4034406060745823
leaf_count=433 168 3658 59 82 33 78 415 46 230 39 562 57 41 99
internal_value=2.22008e-05 -0.000589767 0.000700243 0.0179157 -0.0123091 -0.00135344 0.0446495 0.0183382 6.7169e-05 0.0266597 -0.00165298 0.00974557 0.0299078 -0.00850791
internal_weight=26.8881 26.5575 25.4265 2.70993 1.27192 22.7165 1.43801 0.780058 22.0157 1.33757 20.6781 6.3448 3.01478 3.33002
internal_count=6000 5832 2174 635 92 1539 543 461 1106 269 837 275 98 177
is_linear=0
shrinkage=0.06


Tree=162
num_leaves=15
num_cat=0
split_feature=2 1 3 3 4 4 0 1 3 1 0 3 4 0
split_gain=0.220909 0.287105 0.214764 0.223017 0.220681 0.179702 0.249344 0.265104 0.331916 0.198975 0.459276 0.318765 0.211727 1.11107
threshold=2.1799019657805832 0.12945209946641592 0.05028528783859091 0.07227124046989146 2.2805651410207797 20.812404338645603 0.83898500475210402 0.62664115606000326 0.7682845960942718 0.48492186723226655 0.63200490311008428 0.33606581202853564 9.5249494983990228 0.6539701790405581
decision_type=2 2 2 2 2 2 2 2 2 2 2 2 2 2
left_child=1 -1 4 -4 -3 9 7 8 -7 12 11 -11 -5 -14
right_child=-2 2 3 5 -6 6 -8 -9 -10 10 -12 -13 13 -15
leaf_value=-0.06016346479289806 0.038969943371855782 0.050927349433518315 0.047497442082199248 -0.0046184848391258504 -0.057120829486921654 -0.066587729154009068 0.051224069935826372 0.022140447492659476 0.040381691964500928 -0.012096632403342269 0.061010968159978911 0.02426060450677861 -0.0079274329633020838 0.061344590136996349
leaf_weight=0.28946773234566237 0.51423635952596569 0.081512958131500279 0.36116605157986015 15.497385248410874 0.4120412688516808 0.66921947318405617 0.14348550233989943 0.23945130093488842 0.12373467730503762 1.8744440859882154 0.61404201099503541 1.6170968918449942 3.1393932335267882 1.1348573646973816
leaf_count=2617 429 7 69 256 433 1323 6 30 32 47 377 139 208 27
internal_value=2.45737e-05 -0.000739899 -7.59608e-05 0.00068532 -0.0392761 1.0476e-05 -0.0228879 -0.0331882 -0.0498959 0.00113816 0.0131578 0.00474211 -0.00135772 0.010465
internal_weight=26.7115 26.1973 25.9078 25.4143 0.493554 25.0531 1.17589 1.03241 0.792954 23.8772 4.10558 3.49154 19.7716 4.27425
internal_count=6000 5571 2954 2514 440 2445 1391 1385 1355 1054 563 186 491 235
is_linear=0
shrinkage=0.06


Tree=163
num_leaves=15
num_cat=0
split_feature=0 2 0 3 5 0 0 4 0 4 3 0 0 0
split_gain=0.209385 0.21111 0.884646 0.230628 0.194565 0.591235 0.625498 0.271182 0.582805 0.44844 0.448363 0.346072 0.938412 1.09451
threshold=0.92053406113215253 1.27045219108188 0.26551659008999362 0.038332863274977945 1.0000000180025095e-35 0.2591720320032932 0.25659936857773713 1.9099622709631479 0.69023508334441097 2.7395935434564898 0.43235330272828471 0.50660448637744737 0.62773278573506508 0.64470199218755131
decision_type=2 2 2 2 2 2 2 2 2 2 2 2 2 2
left_child=1 3 -3 -1 7 6 -6 8 -5 10 -9 -11 -13 -14
right_child=-2 2 -4 4 5 -7 -8 9 -10 11 -12 12 13 -15
leaf_value=-0.060687723346601455 0.060912662477049954 -0.054794951773831174 0.057756923706690166 0.00065736344411845295 -0.034097138363526507 -0.053156876080326515 0.098533656597615663 0.00016824045971213124 0.058242520440819671 -0.011219838590156808 -0.066673778570642717 0.029648207340792106 -0.050508193570982692 0.0049062184746779631
leaf_weight=0.23570153629135404 0.20177928654447796 0.35845953784519113 0.84175368501018966 2.2896105294930815 0.2731992964472727 0.8674150147344335 0.24086913151404588 0.69649466130067839 0.87431941088289011 6.3790000179633379 0.75061370432376862 4.0628270691813659 1.5778178971704599 6.8707323887902021
leaf_count=704 69 60 473 82 258 224 3 42 73 3179 60 317 41 415
internal_value=2.52918e-05 -0.000441515 0.0241418 -0.00161615 -0.0010566 -0.0229396 0.0280476 0.000229747 0.0165704 -0.0023124 -0.0345026 0.000153558 0.00595235 -0.00544276
internal_weight=26.5206 26.3188 1.20021 25.1186 24.8829 1.38148 0.514068 23.5014 3.16393 20.3375 1.44711 18.8904 12.5114 8.44855
internal_count=6000 5931 533 5398 4694 485 261 4209 155 4054 102 3952 773 456
is_linear=0
shrinkage=0.06


Tree=164
num_leaves=15
num_cat=0
split_feature=3 4 2 0 4 1 4 3 1 4 0 1 3 4
split_gain=0.204357 0.245016 0.222688 0.852403 0.360934 0.191992 0.60421 0.558115 0.363596 0.43649 1.49002 1.03349 1.1001 1.1617
threshold=0.83836259226989551 26.666356666639853 0.42244868731778557 0.26551659008999362 12.986674451588826 0.18983069382395951 1.114990165321063 0.77692576249887391 0.21090803808500383 4.6189508858867034 0.55336654201289492 0.34141116148336031 0.21293481441733575 2.474746022830518
decision_type=2 2 2 2 2 2 2 2 2 2 2 2 2 2
left_child=1 2 5 -4 -5 6 -1 -8 -7 10 -10 -12 -13 -14
right_child=-2 -3 3 4 -6 8 7 -9 9 -11 11 12 13 -15
leaf_value=0.049482714612772045 0.048457900233283772 -0.047129630545999918 -0.055059877298560204 0.064072043321678498 -0.0013908798187803914 0.036803201918697126 -0.063471437156158994 0.059618113382864879 0.024773033060467096 0.0059957818032655413 -0.053416714400592785 0.064828111648759471 0.039623675025411399 -0.043678826951030938
leaf_weight=0.31608024686285219 0.30992240166233287 0.4003329198121709 0.41408194818541133 0.94268179351638515 0.44697301132327993 0.92470694770600204 0.89167999008895982 0.15578021069813985 2.8859128116746451 11.987840245777987 2.9400463620549999 0.6543611066299494 0.82893297731789095 2.2079474982456304
leaf_count=22 168 3323 39 397 58 65 1039 10 74 566 28 28 97 86
internal_value=2.43463e-05 -0.000553045 0.000175405 0.0205011 0.0430163 -0.00136546 -0.0232251 -0.0451653 -3.65739e-05 -0.00162067 -0.0112143 -0.0268759 -0.00573633 -0.020941
internal_weight=26.3073 25.9974 25.597 1.80374 1.38965 23.7933 1.36354 1.04746 22.4297 21.505 9.5172 6.63129 3.69124 3.03688
internal_count=6000 5832 2509 494 455 2015 1071 1049 944 879 313 239 211 183
is_linear=0
shrinkage=0.06


Tree=165
num_leaves=15
num_cat=0
split_feature=3 3 3 0 0 0 2 0 1 1 3 0 3 1
split_gain=0.201055 0.351659 0.187854 0.18006 0.563348 0.363786 0.240611 0.590485 0.263712 0.637092 0.197691 1.15144 1.02339 0.517515
threshold=0.05028528783859091 0.063875490264467497 0.83836259226989551 0.10736457429953754 0.10947532690216992 0.18980775822945142 0.42244868731778557 0.26551659008999362 0.40753032868596178 0.36014394337405464 0.16908880812455077 0.77752356275759082 0.1961450394232043 0.40753032868596178
decision_type=2 2 2 2 2 2 2 2 2 2 2 2 2 2
left_child=-1 -2 3 -3 -5 -6 10 -8 9 -9 11 13 -12 -7
right_child=1 2 -4 4 5 6 7 8 -10 -11 12 -13 -14 -15
leaf_value=-0.038667821827579989 0.067598835592436332 -0.060914236039613628 0.047287908916152387 0.093066840025988029 -0.065249837107354686 -0.063916721980840072 -0.051199313193714714 0.052581936811431036 0.064817148519316012 -0.065057243971391204 0.065229533400407561 0.072335477976765303 -0.0025099105944577662 -0.0099744802710274028
leaf_weight=0.47468929677870875 0.28011828155104268 0.17671512666129885 0.29887783974117965 0.23130107509132614 0.31330942405930073 1.0364827898092768 0.32947931678427167 0.49502301534994309 0.68355512171547161 0.24913965734594967 0.83924096816736238 0.45723336748778809 18.540731990179665 1.6749703792884245
leaf_count=780 88 922 168 23 738 384 40 103 383 15 139 23 2150 44
internal_value=2.36441e-05 0.000740909 1.429e-06 -0.000563272 -0.000134108 -0.00100975 -0.000181673 0.021203 0.0379116 0.0131973 -0.00184816 -0.015742 0.000423515 -0.0305945
internal_weight=26.0809 25.6062 25.3261 25.0272 24.8505 24.6192 24.3059 1.7572 1.42772 0.744163 22.5487 3.16869 19.38 2.71145
internal_count=6000 5220 5132 4964 4042 4019 3281 541 501 118 2740 451 2289 428
is_linear=0
shrinkage=0.06


Tree=166
num_leaves=15
num_cat=0
split_feature=4 4 4 4 4 1 1 4 4 4 1 3 3 3
split_gain=0.189929 0.287241 0.432575 0.422954 0.295004 0.268487 0.542462 0.511226 0.689772 0.49517 0.267219 0.754822 1.08333 0.602216
threshold=20.812404338645603 18.742063048236233 16.366415233553059 14.337850208413155 19.405622188907028 0.55791070399666443 0.61043685273926984 12.607227119662628 2.9951031276850881 2.8481481807614224 0.2900201930567034 0.59876259763115502 0.12731146848476296 0.60293299318477744
decision_type=2 2 2 2 2 2 2 2 2 2 2 2 2 2
left_child=1 2 3 5 -3 10 -7 8 9 -8 11 12 -1 -12
right_child=-2 4 -4 -5 -6 6 7 -9 -10 -11 13 -13 -14 -15
leaf_value=0.065216242341790298 -0.022200976626952883 0.076693370609573833 -0.052457513013922007 0.049916779055051069 -0.0063015690966632407 0.075005043885293693 0.060232177109576429 -0.061150383361167737 0.056123685719168787 -0.083822514595068079 0.00025843340772841648 0.031489830233300993 -0.030160050274864181 -0.028571301754799293
leaf_weight=0.5260734268577133 1.313809399931414 0.36059404562001773 0.54953319667583755 0.62939821874715463 0.26934359990445955 0.50221131520811413 0.12266169032955054 0.34485212381696317 0.7528124563395977 0.28663938942190725 11.801122329474309 2.7718701927369693 2.3169580564463104 3.3485187236219636
leaf_count=126 3792 48 168 168 96 95 180 20 367 8 250 92 451 139
internal_value=2.57127e-05 0.00121361 0.000161812 0.00139738 0.0412071 5.64443e-05 0.0209999 0.00300214 0.0220391 -0.0406514 -0.00197004 0.00921026 -0.0125117 -0.00611379
internal_weight=25.8964 24.5826 23.9527 23.4031 0.629938 22.7737 2.00918 1.50697 1.16211 0.409301 20.7645 5.6149 2.84303 15.1496
internal_count=6000 2208 2064 1896 144 1728 670 575 555 188 1058 669 577 389
is_linear=0
shrinkage=0.06


Tree=167
num_leaves=15
num_cat=0
split_feature=1 1 4 3 1 3 1 2 4 3 1 3 3 3
split_gain=0.192973 0.796723 0.49105 0.335232 0.273874 1.37738 0.629066 0.41787 0.375548 1.80631 1.08728 1.92285 0.808694 1.06927
threshold=0.18983069382395951 0.19560360314836525 1.114990165321063 0.77692576249887391 0.25771436354999749 0.68111074581107045 0.27305210725312756 1.030461717784749 3.1378162979648043 0.21293481441733575 0.35486482448452922 0.3167255268787656 0.18350687515486877 0.64958345085645297
decision_type=2 2 2 2 2 2 2 2 2 2 2 2 2 2
left_child=2 -2 -1 -4 5 7 -6 -3 9 -8 -11 -12 -10 -14
right_child=1 4 3 -5 6 -7 8 -9 12 10 11 -13 13 -15
leaf_value=0.047124271253163423 0.071243762877935629 -0.065083520282250729 -0.05100527242053509 0.036755373484044861 0.068446614882420015 0.059389019560141587 0.048553979697794236 0.048196193992585949 -0.022359757152364039 -0.06878733848539012 -0.066435694888355629 0.048772182526459873 0.020213584033556629 -0.022106248422158307
leaf_weight=0.30739648859889968 0.57299998467533697 1.2309435990591762 1.0355662051870238 0.1846289331842853 0.4945101335561074 0.53436128537578031 1.2507982415845642 0.12956982196374145 3.2264814816835523 1.7839825813134669 0.97882831755850963 1.1163382856575479 10.132114653199094 2.7280082057786776
leaf_count=22 72 472 3308 30 115 34 52 15 406 27 35 253 809 350
internal_value=3.02865e-05 0.00133695 -0.0206517 -0.0377261 -0.00035994 -0.0222359 0.00154932 -0.0542952 -9.90192e-06 -0.0141458 -0.0343628 -0.00505109 0.00449796 0.0112363
internal_weight=25.7065 24.1789 1.52759 1.2202 23.6059 1.89487 21.7111 1.36051 21.2166 5.12995 3.87915 2.09517 16.0866 12.8601
internal_count=6000 2640 3360 3338 2568 521 2047 487 1932 367 315 288 1565 1159
is_linear=0
shrinkage=0.06


Tree=168
num_leaves=15
num_cat=0
split_feature=0 4 5 1 5 0 1 4 0 4 3 1 4 4
split_gain=0.193656 0.55023 0.457546 0.695227 0.438566 0.261795 0.867316 0.635778 0.484105 0.638213 0.773682 0.629057 0.500974 0.354474
threshold=0.34946794998679082 13.709232086553724 1.0000000180025095e-35 0.44968578258479835 1.0000000180025095e-35 0.42622347060646526 0.30430499356340585 4.2117246628040172 0.47890375695411425 2.9951031276850881 0.506606405845205 0.62025489969500913 5.3453309554214679 1.114990165321063
decision_type=2 2 2 2 2 2 2 2 2 2 2 2 2 2
left_child=1 2 3 -1 5 6 -2 -8 9 -7 12 13 -11 -10
right_child=4 -3 -4 -5 -6 8 7 -9 11 10 -12 -13 -14 -15
leaf_value=-0.063739503964113861 -0.066954736285012903 -0.062465947373299129 0.062286993233952787 0.015350272718312024 -0.040306920390821635 -0.083665466767207264 0.09227658563355208 0.01453407573596947 0.036621227078635868 0.02738784725268139 0.072795003542058923 0.061542331019740409 -0.061421426236517501 0.00010632012245552249
leaf_weight=0.61728805385064678 0.31559534631288144 0.66627931537459506 0.35419038383042778 1.1373043862986376 0.85449938435613049 0.52501820701582147 0.57974456273950625 1.0920083751661875 1.0171153725823447 0.3433686440112067 0.33880033956666 0.66945569461677124 0.68452235943186679 16.213440633373466
leaf_count=203 360 2861 29 27 227 22 23 80 55 15 52 548 184 1314
internal_value=2.43178e-05 -0.0149352 8.23945e-05 -0.0124745 0.00185847 0.00351283 0.0242723 0.0414943 0.0014283 -0.0274372 -0.0058369 0.00447886 -0.0317545 0.00226179
internal_weight=25.4086 2.77506 2.10878 1.75459 22.6336 21.7791 1.98735 1.67175 19.7917 1.89171 1.36669 17.9 1.02789 17.2306
internal_count=6000 3120 259 230 2880 2653 463 103 2190 273 251 1917 199 1369
is_linear=0
shrinkage=0.06


Tree=169
num_leaves=15
num_cat=0
split_feature=2 4 1 1 4 3 1 3 1 1 4 3 1 3
split_gain=0.195568 0.333258 0.236935 0.742514 0.526091 0.387883 0.38137 0.852176 0.272068 1.05186 0.310773 2.04067 1.26349 1.66821
threshold=1.27045219108188 11.865107193115769 0.18983069382395951 0.19560360314836525 1.114990165321063 0.77692576249887391 0.23916141269496941 0.68111074581107045 0.2900201930567034 0.30430499356340585 3.1378162979648043 0.21293481441733575 0.35486482448452922 0.3167255268787656
decision_type=2 2 2 2 2 2 2 2 2 2 2 2 2 2
left_child=2 -2 4 -4 -1 -6 7 -5 -8 -10 11 -11 -13 -14
right_child=1 -3 3 6 5 -7 8 -9 9 10 -12 12 13 -15
leaf_value=0.04508142948174259 0.049843697020839864 -0.022037725168083638 0.069007132280845138 -0.065383650488339523 -0.062996185626694901 0.034074183244507936 0.019669970166577285 0.055399737502344351 -0.056948810304196573 0.058960411842744337 0.0062873094739641392 -0.082319395287848748 -0.063414660265456599 0.046622767347677993
leaf_weight=0.29333291881631041 0.68642635410287656 0.35088476333476137 0.55336076871936057 0.84639057071217638 0.84761685270859721 0.17959314495419676 2.3578362254656922 0.27980935144114483 1.1737336903579514 1.088871861196824 13.24408226696414 1.2819127966649833 0.9493221871962304 1.0386471461824838
leaf_count=22 417 147 71 354 3234 28 354 19 82 39 1058 10 20 145
internal_value=1.90028e-05 0.0255288 -0.00107742 0.000352866 -0.0257873 -0.0460248 -0.00135376 -0.0353745 0.000459118 -0.00195325 0.00171378 -0.0121829 -0.0358737 -0.0059238
internal_weight=25.1718 1.03731 24.1345 22.814 1.32054 1.02721 22.2606 1.1262 21.1344 18.7766 17.6028 4.35875 3.26988 1.98797
internal_count=6000 564 5436 2152 3284 3262 2081 373 1708 1354 1272 214 175 165
is_linear=0
shrinkage=0.06


Tree=170
num_leaves=15
num_cat=0
split_feature=3 3 3 0 3 0 1 1 1 1 3 2 1 3
split_gain=0.19948 0.301272 0.180253 0.990361 0.830208 0.68783 0.662464 0.590492 0.235194 0.676998 0.420344 0.265952 0.239592 0.983875
threshold=0.05028528783859091 0.063875490264467497 0.16908880812455077 0.77752356275759082 0.20186784084470591 0.42344426468383189 0.37181226520416338 0.1824852497677166 0.18983069382395951 0.19560360314836525 0.70614782613370253 2.5470534805898155 0.23916141269496941 0.68111074581107045
decision_type=2 2 2 2 2 2 2 2 2 2 2 2 2 2
left_child=-1 -2 3 6 5 -4 7 -3 10 -10 11 -6 13 -11
right_child=1 2 4 -5 8 -7 -8 -9 9 12 -12 -13 -14 -15
leaf_value=-0.039242448833542103 0.065867031129552236 0.045305804068295312 -0.063482348526120502 0.069639283151711015 -0.062944561632947718 0.080685632480248556 -0.0036064468209142937 -0.081092534428310645 0.067147922620281381 -0.065242385096593428 0.027606631724640666 0.038633778141221986 0.0010183672049834819 0.056531132251499361
leaf_weight=0.45750304071134706 0.253100892548903 0.15538057361482394 0.14106977936990261 0.45303075332776632 0.72118829565261211 0.76626842286532337 1.8146245653679214 0.92606896537563443 0.54456048783686384 0.77352971028813289 0.36244007251025323 0.10649210570045398 17.055035447658156 0.34556157729093684
leaf_count=780 88 540 244 33 1978 61 103 182 45 205 92 17 1610 22
internal_value=1.05784e-05 0.000746024 6.3963e-05 -0.0128552 0.00214252 0.0582709 -0.0257597 -0.0629319 -0.000415519 0.00122885 -0.0262788 -0.0498752 -0.000746316 -0.0276402
internal_weight=24.8759 24.4184 24.1653 3.3491 20.8161 0.907338 2.89607 1.08145 19.9088 18.7187 1.19012 0.82768 18.1741 1.11909
internal_count=6000 5220 5132 858 4274 305 825 722 3969 1882 2087 1995 1837 227
is_linear=0
shrinkage=0.06


Tree=171
num_leaves=15
num_cat=0
split_feature=0 3 3 4 0 0 1 1 0 4 1 3 3 1
split_gain=0.189022 0.17566 0.282558 0.173669 0.166037 0.567477 0.385414 0.525833 0.358304 0.491826 0.691846 0.489233 0.866002 0.973421
threshold=0.92053406113215253 0.05028528783859091 0.063875490264467497 2.2805651410207797 0.84587243272932011 0.85278157278745881 0.24155954639447394 0.47153392554097173 0.74312725953665792 2.9951031276850881 0.27883187828747974 0.16908880812455077 0.27216780343487196 0.74954796034524473
decision_type=2 2 2 2 2 2 2 2 2 2 2 2 2 2
left_child=1 3 -3 -1 8 -6 -7 -8 11 -10 -11 -4 13 -13
right_child=-2 2 4 -5 5 6 7 -9 9 10 -12 12 -14 -15
leaf_value=0.047843385558707749 0.060655695466917452 0.064659001132919766 -0.024731338348307014 -0.054029487247780034 -0.093395712403931672 -0.059349089178970416 0.06112029995038791 -0.043547445423118211 -0.047187671274770374 -0.017537008619560576 0.06104903575683987 0.044480258152786549 -0.0039080814408040728 -0.062333134195443868
leaf_weight=0.071746219906350883 0.18361524983265454 0.24268004610985627 2.8443793386268323 0.37574201285224262 0.30151212688360729 0.28336953381949548 0.47272623775643297 0.2723381680334569 0.29952444690570645 0.59530685241770687 1.2503456582235228 2.5895221773271291 14.520079423326932 0.34848566041182483
leaf_count=13 69 88 819 764 18 13 21 126 86 38 178 935 2813 19
internal_value=5.84767e-06 -0.000449292 0.000244602 -0.0376961 -0.000412827 -0.0210115 0.000209847 0.0228618 0.000807572 0.0241279 0.0357015 -0.00165648 0.00210302 0.0318108
internal_weight=24.6514 24.4678 24.0203 0.447488 23.7776 1.32995 1.02843 0.745064 22.4476 2.14518 1.84565 20.3025 17.4581 2.93801
internal_count=6000 5931 5154 777 5066 178 160 147 4888 302 216 4586 3767 954
is_linear=0
shrinkage=0.06


Tree=172
num_leaves=15
num_cat=0
split_feature=4 4 4 4 4 1 0 4 0 4 4 0 1 0
split_gain=0.187105 0.262991 0.370195 0.383984 0.262972 0.249262 0.487554 0.272126 1.3751 0.459053 0.579937 0.35948 0.33464 0.849641
threshold=20.812404338645603 18.742063048236233 16.366415233553059 14.337850208413155 19.405622188907028 0.55791070399666443 0.45963545698848235 10.580230721468595 0.56566755904561072 9.5249494983990228 8.3069301152157617 0.40175821070506418 0.2900201930567034 0.58469626549424725
decision_type=2 2 2 2 2 2 2 2 2 2 2 2 2 2
left_child=1 2 3 5 -3 7 -7 9 -9 10 11 -1 13 -13
right_child=-2 4 -4 -5 -6 6 -8 8 -10 -11 -12 12 -14 -15
leaf_value=0.029244597120810453 -0.022410170900026231 0.074971551354047317 -0.049813046141200724 0.048681753022648405 -0.0054786147348601906 -0.0020587947567469868 0.062267538570431005 -0.06420103038323724 0.024507926679519197 0.042996709903199759 -0.046578914409154279 -0.053170507255147895 -0.0076088515403653001 0.024700701355158831
leaf_weight=1.5000467311192807 1.2703042801967956 0.34168002659225649 0.52052696691407518 0.60098549407848523 0.2557608208644524 1.1737916684578511 0.66420198381092621 1.2723790753661881 1.2442347271044125 0.87990357932358065 0.96626305464997209 0.59323085222786121 9.8432932737632637 3.3689485714185139
leaf_count=146 3792 48 168 168 96 54 616 153 50 65 81 131 264 168
internal_value=1.19656e-05 0.00123834 0.000200893 0.0013785 0.0405313 5.66243e-05 0.021187 -0.001918 -0.0203426 0.00078538 -0.00149722 0.00134887 -0.00168217 0.0130416
internal_weight=24.4956 23.2252 22.6278 22.1073 0.597441 21.5063 1.83799 19.6683 2.51661 17.1517 16.2718 15.3055 13.8055 3.96218
internal_count=6000 2208 2064 1896 144 1728 670 1058 203 855 790 709 563 299
is_linear=0
shrinkage=0.06


Tree=173
num_leaves=15
num_cat=0
split_feature=2 4 1 3 4 2 4 3 1 4 3 3 4 3
split_gain=0.185456 0.302344 0.218709 0.186661 0.183606 0.180297 0.159481 0.167338 0.207305 0.140538 0.547129 0.17282 0.472715 1.45159
threshold=1.27045219108188 11.865107193115769 0.12945209946641592 0.05028528783859091 2.2805651410207797 4.266394195645586 20.812404338645603 0.7682845960942718 0.62664115606000326 14.337850208413155 0.27216780343487196 0.21293481441733575 3.1378162979648043 0.60712979501767994
decision_type=2 2 2 2 2 2 2 2 2 2 2 2 2 2
left_child=2 -2 -1 4 -4 -3 9 8 -8 11 -11 -5 13 -13
right_child=1 5 3 6 -6 -7 7 -9 -10 10 -12 12 -14 -15
leaf_value=-0.060171965931607896 0.049856303812131707 -0.048823320108560025 0.04748318062361101 0.01136444475744448 -0.059976246786736853 0.047670983191156556 -0.046114905674544071 0.041204917510328315 0.021686784641353648 -0.041951522065874415 0.039424347876503868 -0.046449465757467043 0.0039265783712892537 0.020482251006017593
leaf_weight=0.22319536130635853 0.63936953145821362 0.23709452503135253 0.069325439559181912 3.8800514353170099 0.32834821886081045 0.098739460023352876 0.73567105113852338 0.13103101068554679 0.20831000876205508 0.39933331661450111 1.1657232908291915 2.7965007059247027 11.374212492875811 2.0012918474531034
leaf_count=2588 417 116 7 103 431 31 1359 34 28 72 117 122 477 98
internal_value=9.2375e-06 0.0256437 -0.00106308 -0.000491706 -0.0412431 -0.0204528 0.000222452 -0.0223334 -0.031153 0.00134415 0.0186608 -7.41245e-06 -0.00273579 -0.0185304
internal_weight=24.2882 0.975204 23.313 23.0898 0.397674 0.335834 22.6921 1.07501 0.943981 21.6171 1.56506 20.0521 16.172 4.79779
internal_count=6000 564 5436 2848 438 147 2410 1421 1387 989 189 800 697 220
is_linear=0
shrinkage=0.06


Tree=174
num_leaves=15
num_cat=0
split_feature=0 2 0 3 3 0 0 3 3 4 4 3 3 4
split_gain=0.17472 0.171794 0.601642 0.171247 0.26475 0.173836 0.333731 0.310267 0.672704 0.51786 1.31439 0.886789 0.767895 1.42175
threshold=0.92053406113215253 1.27045219108188 0.26551659008999362 0.05028528783859091 0.063875490264467497 0.84587243272932011 0.86662995840781198 0.16908880812455077 0.17117160105183835 3.1378162979648043 4.0076863768286719 0.60712979501767994 0.36383641388814592 4.7649637197871639
decision_type=2 2 2 2 2 2 2 2 2 2 2 2 2 2
left_child=1 3 -3 -1 -5 7 -7 -6 -9 11 -11 -10 -12 -14
right_child=-2 2 -4 4 5 6 -8 8 9 10 12 -13 13 -15
leaf_value=-0.04109322686011789 0.060387028855040693 -0.048677025915444025 0.056284628738883312 0.063680558715377922 -0.018541363746420993 -0.04885700598364516 0.014538227054417995 0.10161659763269129 -0.039112860062146058 0.057784186270925526 0.017697659478686272 0.01508608938173021 -0.071045679835452916 2.6878822357196963e-05
leaf_weight=0.38571695768042502 0.1712947493106175 0.28093879308016667 0.65486932523344876 0.22710856867979856 2.8560338445704536 0.74004633529693709 0.50153776484512491 0.24431028597701043 2.5880989817596882 1.6280787563155161 5.1884964322607612 1.8734772302850613 1.240004256404063 5.5413653959876683
leaf_count=766 69 60 473 86 798 36 71 21 176 89 1540 90 45 1680
internal_value=5.59749e-06 -0.00042626 0.0247741 -0.00145096 -0.000775234 -0.00142869 -0.0232485 -0.000148387 0.00272156 0.0013837 0.00720355 -0.016354 0.000323833 -0.0129691
internal_weight=24.1214 23.9501 0.935808 23.0143 22.6286 22.4014 1.24158 21.1599 18.3038 18.0595 13.5979 4.46158 11.9699 6.78137
internal_count=6000 5931 533 5398 4632 4546 107 4439 3641 3620 3354 266 3265 1725
is_linear=0
shrinkage=0.06


Tree=175
num_leaves=15
num_cat=0
split_feature=0 0 1 3 1 1 0 0 3 0 1 1 1 3
split_gain=0.191327 0.833591 0.709416 0.592868 0.396326 0.334962 0.315782 0.358571 0.483817 0.797379 1.00201 0.898188 0.561481 0.557841
threshold=0.53138136493111554 0.53872868151059505 0.30430499356340585 0.11258720978372055 0.62025489969500913 0.35486482448452922 0.56566755904561072 0.62773278573506508 0.5312385115515067 0.66371725152329397 0.33196933062923856 0.43525986647252035 0.47153392554097173 0.20186784084470591
decision_type=2 2 2 2 2 2 2 2 2 2 2 2 2 2
left_child=2 -2 -1 -4 6 -5 -3 -8 9 11 13 -9 -12 -11
right_child=1 4 3 5 -6 -7 7 8 -10 10 12 -13 -14 -15
leaf_value=-0.055482913376831533 0.089015239539691524 -0.040480922610488954 -0.055714808278685399 0.02550219110519358 0.059905687776364624 -0.0040540025451767988 0.019159134415172637 -0.080634917251414834 0.012618424975136894 0.0041701552656645529 0.044221220369086177 0.0029295056797999531 -0.020035167765165562 -0.057038403392906847
leaf_weight=0.97149822891970128 0.40413020845426117 0.6602254261624666 0.6510256757337628 1.9150897061408612 0.40963091377852912 4.9439847567573452 3.3333441417671557 1.1227148349316829 4.1536727236525621 0.96787485425102238 1.7586845521618673 0.78808423217924417 0.67840382584836323 1.2013781451987595
leaf_count=3540 46 115 116 153 510 443 264 86 241 218 71 20 89 88
internal_value=6.48521e-06 0.00397545 -0.00723652 -0.000995421 0.00169556 0.00419824 6.95345e-05 0.00198128 -0.00338473 -0.0135843 -6.71379e-05 -0.0461699 0.0263344 -0.0297284
internal_weight=23.9597 15.4781 8.4816 7.5101 15.074 6.85907 14.6644 14.0042 10.6708 6.51714 4.60634 1.9108 2.43709 2.16925
internal_count=6000 1748 4252 712 1702 596 1192 1077 813 572 466 106 160 306
is_linear=0
shrinkage=0.06


Tree=176
num_leaves=15
num_cat=0
split_feature=0 4 1 0 4 1 1 1 3 0 0 3 0 1
split_gain=0.170775 0.795187 1.22648 0.755429 0.747017 1.03365 0.958656 1.3442 1.01089 0.676516 0.624879 0.796671 0.844726 0.619445
threshold=0.53138136493111554 4.7649637197871639 0.30430499356340585 0.53872868151059505 4.6189508858867034 0.27040911933041695 0.27576240385925016 0.34141116148336031 0.66530056927578241 0.62773278573506508 0.74603608072269745 0.42482842657369552 0.64470199218755131 0.3921973133496825
decision_type=2 2 2 2 2 2 2 2 2 2 2 2 2 2
left_child=1 2 -1 -2 6 -6 -5 -8 -9 -7 11 -11 -13 -4
right_child=3 -3 13 4 5 9 7 8 -10 10 -12 12 -14 -15
leaf_value=-0.065782660337132814 0.085678631770130284 -0.020100352948792834 0.066275474286429242 0.024465016280280971 -0.033449553093144124 0.056073711349383 -0.063396990029720629 0.012073463087762746 -0.07543140784286817 -0.032102758367880797 0.048437570357141913 -0.022027457649336845 0.06853614606347358 0.0047404148226353037
leaf_weight=0.50796933920355725 0.39496207914544257 5.5582800232150475 1.2374308705329897 1.9454474648882731 1.3026741609573944 1.8201403454168028 2.027315021114191 2.9463272097964368 0.56668371793421091 1.5616612739650011 1.2374887502101044 0.65750831249897579 0.8502276200997585 1.1237440708719075
leaf_count=109 46 4041 16 126 518 129 25 261 165 88 284 17 89 86
internal_value=8.04206e-07 -0.00685864 0.018794 0.00377649 0.00160772 0.0150859 -0.0117695 -0.024493 -0.00204195 0.0254051 0.0124441 -0.00206736 0.0290423 0.0369894
internal_weight=23.7379 8.42742 2.86914 15.3104 14.9155 7.4297 7.48577 5.54033 3.51301 6.12703 4.30689 3.0694 1.50774 2.36117
internal_count=6000 4252 211 1748 1702 1125 577 451 426 607 478 194 106 102
is_linear=0
shrinkage=0.06


Tree=177
num_leaves=15
num_cat=0
split_feature=4 4 4 4 1 1 0 4 0 4 4 0 3 3
split_gain=0.172872 0.20964 0.331311 0.337957 0.249712 0.465682 0.670712 0.270624 1.18838 0.399276 0.510232 0.294116 0.689199 0.497819
threshold=20.812404338645603 18.742063048236233 16.366415233553059 14.337850208413155 0.55791070399666443 0.61043685273926984 0.45963545698848235 10.580230721468595 0.56566755904561072 9.5249494983990228 8.3069301152157617 0.72623609691796098 0.30715645387232499 0.47014665178295006
decision_type=2 2 2 2 2 2 2 2 2 2 2 2 2 2
left_child=1 2 3 4 7 -6 -7 9 -9 10 11 -1 -13 -14
right_child=-2 -3 -4 -5 5 6 -8 8 -10 -11 -12 12 13 -15
leaf_value=0.005717389668210184 -0.022213797167825854 0.037249472977868875 -0.048690124288377365 0.047347472667449958 0.074322041072040435 -0.027392931235784707 0.062866963564560382 -0.063097488561678766 0.021582983168951457 0.040771263885627726 -0.044604303091915147 -0.041465836825400774 0.06392851743005 -0.010807798360210461
leaf_weight=11.6677793280651 1.1963570502202845 0.56593639270704343 0.48663695601317059 0.5606078480504938 0.4510057306397347 0.86156568449223392 0.45179971596371615 1.1935361432988423 1.1929045711258366 0.8551088623171389 0.92314520499167052 1.6510818928636575 0.49778263140615286 0.9027310847886838
leaf_count=532 3792 144 168 168 95 50 525 153 50 65 81 50 36 91
internal_value=4.8141e-06 0.00119886 0.000258472 0.00138159 0.000133607 0.02172 0.00365661 -0.00188325 -0.0207685 0.000848567 -0.00133383 0.00137993 -0.0152043 0.0157556
internal_weight=23.458 22.2616 21.6957 21.209 20.6484 1.76437 1.31337 18.8841 2.38644 16.4976 15.6425 14.7194 3.0516 1.40051
internal_count=6000 2208 2064 1896 1728 670 575 1058 203 855 790 709 177 127
is_linear=0
shrinkage=0.06


Tree=178
num_leaves=15
num_cat=0
split_feature=0 1 0 0 5 1 0 4 1 3 3 3 0 4
split_gain=0.16402 0.483042 0.427566 0.389293 0.35282 0.205173 0.195689 0.590825 0.193042 0.852841 0.528272 0.890197 0.433654 0.28514
threshold=0.24705499284442581 0.55791070399666443 0.2591720320032932 0.32582441188398686 1.0000000180025095e-35 0.62025489969500913 0.35235754965780397 7.7900845875843352 0.414581040885942 0.41844511694005632 0.35847492929483588 0.27654960612562135 0.6358752389094694 2.7395935434564898
decision_type=2 2 2 2 2 2 2 2 2 2 2 2 2 2
left_child=1 -1 -2 5 6 -4 7 -5 -8 10 11 12 -10 -14
right_child=2 -3 3 4 -6 -7 8 -9 9 -11 -12 -13 13 -15
leaf_value=-0.063190986046700828 0.063475509565275604 0.013039963533348018 -0.057348456089839593 0.078728553344811728 -0.038793512790977258 0.054951355453442784 -0.0017077114276592433 -0.057683551279886516 -0.020089807673256511 0.061365738183411768 -0.041403784101240848 0.06870178134353673 -0.012094655456979162 0.058479998541110113
leaf_weight=0.54750286515900615 0.38969079789149219 0.65994235401012702 0.57706469104505487 0.38593654946453781 0.75528445265263044 0.065184563485672697 14.20278764815612 0.1624004311124736 2.0012415160472301 1.0094099354755597 0.87830904336442461 0.74929848112151365 0.33933563934988331 0.52486888996645575
leaf_count=2290 96 38 518 17 245 10 1616 157 100 661 53 84 25 90
internal_value=5.8516e-06 -0.0215261 0.00118542 6.42849e-05 0.00147098 -0.0459507 0.0029725 0.0383275 0.00198868 0.0115297 0.000333504 0.0104748 -0.00475122 0.0307684
internal_weight=23.2483 1.20745 22.0408 21.6511 21.0089 0.642249 20.2536 0.548337 19.7053 5.50246 4.49305 3.61474 2.86545 0.864205
internal_count=6000 2328 3672 3576 3048 528 2803 174 2629 1013 352 299 215 115
is_linear=0
shrinkage=0.06


Tree=179
num_leaves=15
num_cat=0
split_feature=2 0 1 3 0 0 0 0 0 1 1 0 3 1
split_gain=0.183395 0.511951 0.198804 0.149175 0.144519 0.320966 0.272547 0.290591 0.621833 0.278602 0.880479 0.554739 0.524758 0.990911
threshold=1.340840861583384 0.26551659008999362 0.12945209946641592 0.05028528783859091 0.892898982436933 0.84587243272932011 0.82798598835911474 0.79926610420594935 0.75660049437690347 0.34141116148336031 0.36014394337405464 0.66371725152329397 0.35847492929483588 0.44968578258479835
decision_type=2 2 2 2 2 2 2 2 2 2 2 2 2 2
left_child=2 -2 -1 -4 5 6 7 8 9 -5 -11 12 -12 -14
right_child=1 -3 3 4 -6 -7 -8 -9 -10 10 11 -13 13 -15
leaf_value=-0.06018898970572871 -0.044809470697108153 0.056593836354190366 -0.038839221530255964 -0.0093792197589205612 0.03274483843108026 -0.036724078084152664 0.04854160241748378 -0.0460532838314167 0.054847073326943323 0.054002444617547544 0.007556299808116027 0.041474488725444368 -0.049783362452585023 0.013412502293651882
leaf_weight=0.20275390402185323 0.2528888982387788 0.61541682645656692 0.35942593827258207 8.201478888831863 0.47841680477722448 0.84999252658599189 0.42344958005560229 0.48343971576105005 0.74357304735167318 1.1889422656986415 4.5845822275223291 0.99455339038831958 2.1014481105048621 1.5535692256053151
leaf_count=2594 60 492 438 1399 67 64 41 37 63 62 266 131 78 208
internal_value=1.09108e-05 0.0270607 -0.00104873 -0.000502763 0.000135058 -0.000603453 0.000910836 -0.000105165 0.00104173 -0.00110642 0.00540309 -0.00085431 -0.00596357 -0.0229219
internal_weight=23.0339 0.868306 22.1656 21.9629 21.6034 21.125 20.275 19.8516 19.3681 18.6246 10.4231 9.23415 8.2396 3.65502
internal_count=6000 552 5448 2854 2416 2349 2285 2244 2207 2144 745 683 552 286
is_linear=0
shrinkage=0.06


Tree=180
num_leaves=15
num_cat=0
split_feature=2 0 4 0 3 4 4 0 3 0 0 3 3 3
split_gain=0.169352 0.474256 0.181909 0.207642 0.203009 0.200809 0.244987 0.152329 0.135513 0.12579 0.390663 0.272005 0.440486 0.606072
threshold=1.340840861583384 0.26551659008999362 20.812404338645603 0.83898500475210402 0.49942863008870875 18.742063048236233 19.405622188907028 0.56050711739450465 0.35592682478174181 0.86662995840781198 0.84587243272932011 0.68606275104721115 0.7424268115560303 0.77692576249887391
decision_type=2 2 2 2 2 2 2 2 2 2 2 2 2 2
left_child=2 -2 5 4 -4 9 -7 -6 -8 10 11 -1 -13 -14
right_child=1 -3 3 -5 7 6 8 -9 -10 -11 -12 12 13 -15
leaf_value=-0.0023784355540438936 -0.043198662281755874 0.055959824485932272 -0.054933878466717413 0.044192204586011391 -0.06065254223390229 0.071547938937779998 0.033539149634144401 0.03436583191060625 -0.056703105834716321 0.026810492184417466 -0.045327354168049887 0.062596451324721386 -0.050143960368440064 0.032115323085351845
leaf_weight=17.097276483450536 0.24677159944439964 0.58594848005668609 0.62330230269799247 0.13453460391610861 0.086745095379228587 0.30750155935038392 0.12613505895751587 0.20260326470815926 0.11408858449067338 0.5799391986511172 0.70730789592016563 0.62843717444775338 0.50799390324391402 0.88279368537041591
leaf_count=1266 60 492 3104 33 545 43 60 30 32 102 38 41 26 128
internal_value=1.47889e-05 0.0265748 -0.000990593 -0.0253954 -0.0356534 0.000229196 0.0360808 0.00587983 -0.00931929 -0.000733218 -0.001539 8.11626e-05 0.0209072 0.0020696
internal_weight=22.8314 0.83272 21.9987 1.04719 0.912651 20.9515 0.547725 0.289348 0.240224 20.4037 19.8238 19.1165 2.01922 1.39079
internal_count=6000 552 5448 3712 3679 1736 135 575 92 1601 1499 1461 195 154
is_linear=0
shrinkage=0.06


Tree=181
num_leaves=15
num_cat=0
split_feature=2 0 1 5 0 0 0 0 0 3 2 0 0 3
split_gain=0.156192 0.438933 0.186539 0.140893 0.387635 0.40716 0.191198 0.286118 0.459084 0.226903 0.231691 0.203167 0.38114 0.229298
threshold=1.340840861583384 0.26551659008999362 0.12945209946641592 1.0000000180025095e-35 0.26551659008999362 0.25659936857773713 0.34946794998679082 0.10947532690216992 0.10736457429953754 0.70614782613370253 0.50812819503718398 0.42622347060646526 0.44466701196208386 0.5312385115515067
decision_type=2 2 2 2 2 2 2 2 2 2 2 2 2 2
left_child=2 -2 -1 6 5 -5 7 8 -4 10 -9 -8 -13 -14
right_child=1 -3 3 4 -6 -7 11 9 -10 -11 -12 12 13 -15
leaf_value=-0.060182027950779905 -0.041579385244751965 0.055279543170666662 -0.060850712012709869 -0.031365061975312365 -0.048837276092858942 0.08391678596471655 0.022101505096209187 -0.050445227928081302 0.084636332966731648 0.033919227598708634 0.049033146479333677 -0.04710691791994602 -0.0031210597097153007 0.011574111645322831
leaf_weight=0.1896452897335682 0.24117498260875336 0.55841384073937661 0.12478386668408958 0.2340497927934837 0.69699769079852558 0.20858493658306543 1.7139185526039025 1.0057077864685195 0.20862333458990179 0.1622016726523724 0.091995569256141496 0.58626234829444257 10.72912959088899 5.9381944521464893
leaf_count=2594 60 492 373 115 151 3 219 756 15 30 19 51 733 389
internal_value=1.76571e-05 0.0260646 -0.00093377 -0.000415986 -0.0209512 0.0229598 0.000722228 -0.0192408 0.0301851 -0.0323203 -0.0421082 0.00239917 0.000441998 0.0021145
internal_weight=22.6897 0.799589 21.8901 21.7004 1.13963 0.442635 20.5608 1.59331 0.333407 1.25991 1.0977 18.9675 17.2536 16.6673
internal_count=6000 552 5448 2854 269 118 2585 1193 388 805 775 1392 1173 1122
is_linear=0
shrinkage=0.06


Tree=182
num_leaves=15
num_cat=0
split_feature=4 4 4 4 4 0 3 2 0 3 4 4 3 3
split_gain=0.153292 0.177096 0.295436 0.291483 0.217648 0.173113 0.178309 0.163485 0.356736 0.147698 0.513984 0.731081 0.952154 0.484772
threshold=20.812404338645603 18.742063048236233 16.366415233553059 14.337850208413155 19.405622188907028 0.83898500475210402 0.49942863008870875 1.2006095092200633 0.26551659008999362 0.27216780343487196 2.3821306198586778 3.4625904132490302 0.18350687515486877 0.2921166982411178
decision_type=2 2 2 2 2 2 2 2 2 2 2 2 2 2
left_child=1 2 3 7 -3 6 -2 9 -9 10 -1 -12 -13 -11
right_child=5 4 -4 -5 -6 -7 -8 8 -10 13 11 12 -14 -15
leaf_value=0.047079946654573504 -0.0476482555174053 0.069812816751166573 -0.047247384736440724 0.0457394106263906 -0.0079288244473592964 0.042780593748636853 0.0080748734712634742 -0.03613737934685015 0.060770719177953306 -0.053192031047006635 -0.040642491931419354 -0.014245430524290188 0.045570546230272964 -0.0016569917646208374
leaf_weight=0.96583906059461 0.67342242637869165 0.29395200585076864 0.46062094728085767 0.51886529175953811 0.23193447870744421 0.13162011223175796 0.29830553609644994 0.1998075386218251 0.43332099561848736 0.69354515527083904 1.2450651122326233 2.1676257717281264 1.7167860906511121 12.50609267137588
leaf_count=65 3162 48 168 168 96 34 596 7 439 33 40 195 89 860
internal_value=1.45819e-05 0.00113731 0.000272333 0.00134284 0.035526 -0.0217953 -0.0305421 0.00018689 0.0301877 -0.000797532 0.00692749 -0.000632897 0.0121913 -0.00436478
internal_weight=22.5368 21.4335 20.9076 20.4469 0.525886 1.10335 0.971728 19.9281 0.633129 19.295 6.09532 5.12948 3.88441 13.1996
internal_count=6000 2208 2064 1896 144 3792 3758 1728 446 1282 389 324 284 893
is_linear=0
shrinkage=0.06


Tree=183
num_leaves=15
num_cat=0
split_feature=1 1 4 1 1 0 4 1 4 1 0 0 4 0
split_gain=0.15145 0.552646 0.373117 0.254217 0.466325 0.350777 0.284007 1.08362 1.15385 0.334456 0.397289 0.894483 0.817097 0.765943
threshold=0.18983069382395951 0.19560360314836525 1.114990165321063 0.25771436354999749 0.27305210725312756 0.86662995840781198 3.1378162979648043 0.34629006966359949 2.8481481807614224 0.65592328732954164 0.53138136493111554 0.62773278573506508 4.7649637197871639 0.64470199218755131
decision_type=2 2 2 2 2 2 2 2 2 2 2 2 2 2
left_child=2 -2 -1 -3 -5 6 7 -6 -9 10 12 -12 -8 -13
right_child=1 3 -4 4 5 -7 9 8 -10 -11 11 13 -14 -15
leaf_value=0.043618123309754606 0.063294543091163669 -0.023681621531969128 -0.03806371922028734 0.06378712902431681 -0.051713974272775354 0.055879173118982821 0.033914498177413273 0.033302158635269363 -0.061606043595313437 0.049046472492817406 0.040188360446337265 -0.047013224474274744 -0.022475409213645284 0.0080595768189252234
leaf_weight=0.25568817283056222 0.5035962559495627 1.5511399457486756 0.94688371622532941 0.42412046482968691 1.6999846372345988 0.39814306401603872 1.1635127231711484 1.9038863257792402 0.60855537575844199 0.54671080569278352 2.4282534418452997 1.1531989987834093 4.5139467069261627 4.2954834002121061
leaf_count=22 72 521 3338 115 24 184 23 263 27 303 127 26 694 261
internal_value=1.63622e-05 0.00119184 -0.0206967 -0.000319971 0.00157372 0.000163581 -0.0010477 -0.0147184 0.0103138 0.00303615 0.00118034 0.00990127 -0.0109191 -0.00359643
internal_weight=22.3931 21.1905 1.20257 20.6869 19.1358 18.7117 18.3135 4.21243 2.51244 14.1011 13.5544 7.87694 5.67746 5.44868
internal_count=6000 2640 3360 2568 2047 1932 1748 314 290 1434 1131 414 717 287
is_linear=0
shrinkage=0.06


Tree=184
num_leaves=15
num_cat=0
split_feature=3 4 3 0 1 4 3 3 4 1 1 4 4 1
split_gain=0.15112 0.18042 0.169746 0.267449 0.460982 0.607385 0.249723 0.702815 0.59891 0.55005 0.518646 0.48594 0.572161 0.478512
threshold=0.83836259226989551 26.666356666639853 0.82045453163569571 0.75660049437690347 0.27576240385925016 2.9951031276850881 0.16908880812455077 0.27216780343487196 5.925288155565446 0.72707537565175084 0.62025489969500913 6.4879515215367514 9.5249494983990228 0.34629006966359949
decision_type=2 2 2 2 2 2 2 2 2 2 2 2 2 2
left_child=1 2 3 6 -5 -6 8 9 13 11 -10 -8 -13 -1
right_child=-2 -3 -4 4 5 -7 7 -9 10 -11 -12 12 -14 -15
leaf_value=-0.028190739406339146 0.044792247260660223 -0.047200648784799064 -0.029859412659601049 -0.017659032138555953 -0.0080449591892173856 0.064819461298658898 0.065101262959313594 -0.0041831058659025436 -0.059680659166945683 -0.038133375426289022 0.044419804008939225 -0.066067185429666803 0.037668571364669119 0.036782829828820016
leaf_weight=0.7395047686095666 0.26807258556982461 0.2942083692119003 0.65980996149300963 0.82791692669525163 0.67011269570139109 1.0686035201069897 1.2927318578986158 12.646743689089361 1.2435070429578443 0.36629326808179019 0.20000490291567974 0.26613050177729736 0.68173840663621377 0.91043624185840599
leaf_count=61 168 3323 40 73 108 248 73 1238 387 21 11 25 183 41
internal_value=1.67961e-05 -0.000532098 0.000104343 0.00104967 0.0191905 0.036737 -0.00148811 0.00166422 -0.0170321 0.0300312 -0.0452571 0.0411747 0.00854297 0.00766163
internal_weight=22.1358 21.8677 21.5735 20.9137 2.56663 1.73872 18.3471 15.2536 3.09345 2.60689 1.44351 2.2406 0.947869 1.64994
internal_count=6000 5832 2509 2469 429 356 2040 1540 500 302 398 281 208 102
is_linear=0
shrinkage=0.06


Tree=185
num_leaves=15
num_cat=0
split_feature=4 4 4 4 1 1 0 4 0 4 0 4 4 1
split_gain=0.143771 0.165975 0.249909 0.271954 0.229174 0.397752 0.564654 0.209748 0.449663 0.907197 0.524737 0.495191 0.799586 0.293533
threshold=20.812404338645603 18.742063048236233 16.366415233553059 14.337850208413155 0.55791070399666443 0.61043685273926984 0.45963545698848235 6.7524034627805385 0.56566755904561072 10.877049570029447 0.6358752389094694 10.580230721468595 9.5249494983990228 0.2900201930567034
decision_type=2 2 2 2 2 2 2 2 2 2 2 2 2 2
left_child=1 2 3 4 7 -6 -7 13 11 10 -10 12 -9 -1
right_child=-2 -3 -4 -5 5 6 -8 8 9 -11 -12 -13 -14 -15
leaf_value=0.017699476037235415 -0.021607870331629558 0.034869955735349907 -0.044822827753717744 0.044598015854438608 0.072837660997204554 -0.024687857340887031 0.062908582927243092 -0.062182701659874877 0.018144063298976814 0.053283877156768689 -0.050375561373344362 -0.061950558384648198 0.038728320776525091 -0.0030920349784550197
leaf_weight=3.2543432963548389 1.053330473331697 0.51144865253263461 0.43317205268885928 0.50759959733113547 0.40978404257839329 0.79942964353540424 0.39621944697319122 0.50004253871065818 0.69103008096317375 0.89327186756236177 0.96318358767530299 1.0623563027802445 0.65028856642311439 9.8229590740847907
leaf_count=352 3792 144 168 168 95 50 525 103 29 44 74 153 45 258
internal_value=2.05682e-05 0.00111087 0.000263813 0.00124275 0.000110865 0.0218241 0.00434024 -0.0018434 -0.0126274 0.00455907 -0.0217522 -0.0324144 -0.00513714 0.00208202
internal_weight=21.9485 20.8951 20.3837 19.9505 19.4429 1.60543 1.19565 17.8375 4.76017 2.54749 1.65421 2.21269 1.15033 13.0773
internal_count=6000 2208 2064 1896 1728 670 575 1058 448 147 103 301 148 610
is_linear=0
shrinkage=0.06


Tree=186
num_leaves=15
num_cat=0
split_feature=2 4 1 1 4 1 3 1 1 4 3 4 1 3
split_gain=0.152768 0.199722 0.173671 0.501021 0.390463 0.314484 1.03537 0.305349 0.773628 0.474301 0.303909 0.254024 0.245841 0.195555
threshold=1.340840861583384 11.865107193115769 0.18983069382395951 0.19560360314836525 1.114990165321063 0.25771436354999749 0.68111074581107045 0.2900201930567034 0.30430499356340585 4.6189508858867034 0.77692576249887391 6.7524034627805385 0.28214766701996868 0.60293299318477744
decision_type=2 2 2 2 2 2 2 2 2 2 2 2 2 2
left_child=2 -2 4 -4 -1 6 -5 9 -9 -7 -6 -11 -13 -10
right_child=1 -3 3 5 10 7 -8 8 13 11 -12 12 -14 -15
leaf_value=0.040504253888338781 0.050120711469568521 -0.016473739666556991 0.060499330588095944 -0.059487994530503234 -0.062592186856262499 -0.014307226256159699 0.056055114145592916 -0.050667176103871954 0.0054364907704150716 0.071282035821447584 0.029993924762741851 -0.059001440666333761 0.062387745588755372 -0.011316608127187218
leaf_weight=0.25414174421167135 0.47150881227207619 0.24708466378024241 0.48642411875698854 1.0361621785536979 0.65868076575952728 0.62407860928215331 0.38217430754775694 1.0735688504523775 12.263118461327393 0.70413904468296096 0.1583048802031044 0.12387295886310312 0.11659353102550085 3.1532771511010642
leaf_count=22 413 139 71 474 3240 11 29 83 943 8 28 165 40 334
internal_value=1.86555e-05 0.0272226 -0.000910699 0.000352151 -0.0244474 -0.00114998 -0.0283546 0.000986684 -0.0014197 0.0262825 -0.0446521 0.0530992 -0.000144201 0.0020098
internal_weight=21.7531 0.718593 21.0345 19.9634 1.07113 19.477 1.41834 18.0586 16.49 1.56868 0.816986 0.944606 0.240466 15.4164
internal_count=6000 552 5448 2158 3290 2087 503 1584 1360 224 3268 213 205 1277
is_linear=0
shrinkage=0.06


Tree=187
num_leaves=15
num_cat=0
split_feature=3 4 3 0 1 4 3 0 4 1 3 3 4 0
split_gain=0.138313 0.155881 0.146685 0.246285 0.502612 0.552218 0.459755 0.365398 0.317016 0.523979 0.347874 0.441776 0.325792 0.379185
threshold=0.83836259226989551 26.666356666639853 0.82045453163569571 0.74312725953665792 0.27576240385925016 2.9951031276850881 0.21293481441733575 0.73802291774839335 10.580230721468595 0.33710715819359333 0.68606275104721115 0.63006188866891011 12.986674451588826 0.41636676475883289
decision_type=2 2 2 2 2 2 2 2 2 2 2 2 2 2
left_child=1 2 3 7 -5 6 -6 8 10 -10 11 -1 -11 -14
right_child=-2 -3 -4 4 5 -7 -8 -9 9 12 -12 -13 13 -15
leaf_value=0.0059018606399222715 0.043444795072230827 -0.045150316875721144 -0.027928700961791428 -0.019994903485351212 0.069086217779628062 0.061898851586872888 -0.038692676727573434 -0.057636010561524391 -0.062815488144366646 -0.034365144680933338 0.040003102387621427 -0.028587462995897088 -0.027488044300202182 0.022973004736644053
leaf_weight=10.763778747075792 0.26080935389290871 0.27800287131867563 0.65250376684343692 0.85021866537499535 0.20288154426089011 1.1194974686623025 0.47859974769562541 0.40896962735132447 0.68261536174759285 0.98526829427646623 0.91309996045492958 1.5266404170361063 0.79556786255852818 1.6437133511717545
leaf_count=736 168 3323 40 81 14 275 102 17 879 36 111 69 78 71
internal_value=1.58896e-05 -0.000515845 7.43803e-05 0.000971354 0.0180272 0.0359769 -0.00660618 -0.00158052 -0.000256194 -0.0148144 0.00427237 0.00161781 -0.00524637 0.00651521
internal_weight=21.5622 21.3014 21.0234 20.3709 2.6512 1.80098 0.681481 17.7197 17.3107 4.10716 13.2035 12.2904 3.42455 2.43928
internal_count=6000 5832 2509 2469 472 391 116 1997 1980 1064 916 805 185 149
is_linear=0
shrinkage=0.06


Tree=188
num_leaves=15
num_cat=0
split_feature=2 0 1 5 0 0 0 3 3 0 3 1 1 3
split_gain=0.144442 0.34398 0.163403 0.143405 0.342319 0.336421 0.149451 0.432634 0.510385 0.213232 0.18167 0.162716 0.840196 0.460025
threshold=1.340840861583384 0.26551659008999362 0.12945209946641592 1.0000000180025095e-35 0.26551659008999362 0.25659936857773713 0.32582441188398686 0.3409001944939371 0.37038446612458459 0.35235754965780397 0.57002855783872108 0.34141116148336031 0.36014394337405464 0.69477485822324725
decision_type=2 2 2 2 2 2 2 2 2 2 2 2 2 2
left_child=2 -2 -1 6 5 -5 7 -4 -9 -8 -10 13 -13 -11
right_child=1 -3 3 4 -6 -7 9 8 10 11 -12 12 -14 -15
leaf_value=-0.060192723638453058 -0.037037408300843996 0.054912815972542071 -0.064684570372864819 -0.029305788591504504 -0.048536169072349249 0.079445338998979737 0.041384584538685341 0.074259731966161535 -0.065139949338180611 -0.009914046183425439 0.0084540205579287462 0.06596717736915729 0.0010675818455457564 0.035044422372110119
leaf_weight=0.1658900482284541 0.21038686454949029 0.4820463060586917 0.4703147288000824 0.22062870744275531 0.66042299201717469 0.19110579313564813 0.4850654220763343 0.27257153987375204 0.24207113178817963 7.4857493458189328 0.24094711203906627 0.78388974509380105 8.5596013136810125 0.92003433793797729
leaf_count=2594 60 492 661 115 151 3 79 58 281 598 126 38 714 30
internal_value=1.84233e-05 0.0269749 -0.00088337 -0.000404184 -0.021767 0.0211708 0.000772794 -0.019506 0.0086152 0.00213615 -0.0284286 0.00106354 0.00651246 -0.00499323
internal_weight=21.3907 0.692433 20.6983 20.5324 1.07216 0.411735 19.4602 1.2259 0.75559 18.2343 0.483018 17.7493 9.34349 8.40578
internal_count=6000 552 5448 2854 269 118 2585 1126 465 1459 407 1380 752 628
is_linear=0
shrinkage=0.06


Tree=189
num_leaves=15
num_cat=0
split_feature=3 2 4 1 1 4 3 1 3 1 1 4 4 1
split_gain=0.140147 0.129022 0.172551 0.155377 0.457616 0.346725 0.281458 0.281238 0.919703 0.292404 0.67015 0.449101 0.21929 0.233182
threshold=1.0000000180025095e-35 1.340840861583384 11.865107193115769 0.18983069382395951 0.19560360314836525 1.114990165321063 0.77692576249887391 0.25771436354999749 0.68111074581107045 0.2900201930567034 0.30430499356340585 4.6189508858867034 6.7524034627805385 0.28214766701996868
decision_type=2 2 2 2 2 2 2 2 2 2 2 2 2 2
left_child=-1 3 -3 5 -5 -2 -7 8 -6 11 -11 -9 -13 -14
right_child=1 2 -4 4 7 6 -8 9 -10 10 -12 12 13 -15
leaf_value=-0.060452033348445511 0.038589707520725935 0.048786449042573038 -0.015215289337892511 0.059214025721605133 -0.058303262622457462 -0.062433098209007047 0.028132252735218969 -0.012601853104675251 0.054641489133687882 -0.047291681535510832 0.0021658789470598554 0.07160287681594181 -0.058551191409352353 0.062662902078536628
leaf_weight=0.13708193303273475 0.24417463796999683 0.43331570433474453 0.23329454426993834 0.47029840733194106 0.9526198188114019 0.59696131292139398 0.1557706224375579 0.61961494456045574 0.35674619618293946 1.0553414816158717 15.07626978756616 0.65706544567365199 0.11182180667128705 0.1168213700175329
leaf_count=604 20 413 139 60 399 2913 28 11 29 71 1151 7 122 33
internal_value=1.86491e-05 0.000411884 0.0263877 -0.000436364 0.000749751 -0.0235382 -0.0436915 -0.000701491 -0.0275307 0.00129031 -0.00106967 0.0265807 0.0539916 0.0033811
internal_weight=21.2172 21.0801 0.66661 20.4135 19.4166 0.996907 0.752732 18.9463 1.30937 17.6369 16.1316 1.50532 0.885709 0.228643
internal_count=6000 5396 552 4844 1883 2961 2941 1823 428 1395 1222 173 162 155
is_linear=0
shrinkage=0.06


Tree=190
num_leaves=15
num_cat=0
split_feature=0 2 1 4 0 1 3 1 3 4 1 0 0 3
split_gain=0.144059 0.127363 0.15424 0.143945 0.151187 0.206016 0.219547 0.133088 0.380141 0.363174 0.310395 0.142126 0.234429 0.263486
threshold=0.92053406113215253 2.5312633273631793 0.12945209946641592 20.812404338645603 0.83898500475210402 0.62664115606000326 0.7682845960942718 0.48492186723226655 0.42781159638174632 6.0698155640957774 0.60001124412521367 0.79926610420594935 0.68551348276978064 0.50813611460907981
decision_type=2 2 2 2 2 2 2 2 2 2 2 2 2 2
left_child=1 2 -1 7 5 6 -5 11 9 10 -9 12 13 -4
right_child=-2 -3 3 4 -6 -7 -8 8 -10 -11 -12 -13 -14 -15
leaf_value=-0.060188757808180851 0.060426851877029945 0.041271319486780429 0.0035431764267822735 -0.06540863000589732 0.040581830870970996 0.02230245279311736 0.034601359856424388 0.059106330845450056 0.053117504055122507 -0.015251095398063444 -0.0078193004943694078 -0.018382319258116675 0.014757223046407636 -0.01514195643400915
leaf_weight=0.1568644597955523 0.14114997001888596 0.26083541970547131 6.9668895057038842 0.51398602392282455 0.11459261125492048 0.18489223260621657 0.09337696606235113 0.57534284615394404 0.63937637054368668 1.7014779395758521 0.44047618665354094 1.6395645518277877 3.1446149472612879 4.4536455212000874
leaf_count=2621 69 364 349 1698 24 36 32 30 380 82 74 51 72 118
internal_value=1.56099e-05 -0.000392657 -0.000919561 -0.000465334 -0.0238345 -0.0331517 -0.0500329 0.000618037 0.011492 0.00169756 0.0300863 -0.00163441 0.000250859 -0.00374343
internal_weight=21.0271 20.8859 20.6251 20.4682 0.906848 0.792255 0.607363 19.5614 3.35667 2.7173 1.01582 16.2047 14.5651 11.4205
internal_count=6000 5931 5567 2946 1790 1766 1730 1156 566 186 104 590 539 467
is_linear=0
shrinkage=0.06


Tree=191
num_leaves=15
num_cat=0
split_feature=0 0 1 4 0 1 4 3 1 1 3 4 4 4
split_gain=0.133368 0.224872 0.264192 0.50418 0.251468 0.222449 0.197001 0.182722 0.566039 0.742542 0.552434 0.414795 0.965417 1.02713
threshold=0.892898982436933 0.84587243272932011 0.42921993223291766 2.5863529062142097 0.82798598835911474 0.25072267475115312 20.812404338645603 0.16908880812455077 0.28684299467251689 0.40753032868596178 0.21507471603354145 3.1378162979648043 4.0076863768286719 4.6189508858867034
decision_type=2 2 2 2 2 2 2 2 2 2 2 2 2 2
left_child=1 4 -3 -4 6 -2 7 8 -1 -10 -9 -12 -13 -14
right_child=5 2 3 -5 -6 -7 -8 10 9 -11 11 12 13 -15
leaf_value=0.05474583050558661 -0.035569235396777615 -0.06123939716610189 -0.071617518159933224 0.066759526720727047 0.048998544979040902 0.061596401173718972 -0.028270483775171378 0.047788642424049489 -0.069257048444947275 -0.00089796948303009008 -0.015924693805356462 0.052566907604272496 -0.051624807610821714 0.0076696743710285625
leaf_weight=0.39357298064398394 0.11896199381590022 0.46609593459834187 0.16913417602336267 0.21564610680434271 0.37969070373946934 0.29556102920832927 0.86631013056830752 0.95810754829199041 0.83377040889899978 1.8223570168993317 3.9153597582353532 1.4413081268339727 1.2153637324026911 7.8111515855384823
leaf_count=265 13 41 18 79 69 125 3754 109 43 82 341 117 78 866
internal_value=1.722e-05 -0.000664499 -0.0308623 0.00593446 0.000643979 0.0337113 -0.000309415 0.0010077 -0.0124059 -0.0223562 0.0036742 0.0007356 0.00696718 -0.000313956
internal_weight=20.9024 20.4879 0.850876 0.38478 19.637 0.414523 19.2573 18.391 3.0497 2.65613 15.3413 14.3832 10.4678 9.02652
internal_count=6000 5862 138 97 5724 138 5655 1901 390 125 1511 1402 1061 944
is_linear=0
shrinkage=0.06


Tree=192
num_leaves=15
num_cat=0
split_feature=3 0 0 4 0 4 4 4 4 0 0 4 4 4
split_gain=0.12989 0.123509 0.575962 0.64145 0.576781 0.96615 0.575166 0.34327 0.410271 0.467413 0.342355 0.335697 0.445915 0.504826
threshold=1.0000000180025095e-35 0.53138136493111554 0.55336654201289492 4.6189508858867034 0.59865792380995653 1.114990165321063 4.7649637197871639 1.5413637164721987 2.474746022830518 0.6539701790405581 0.50000826990622571 5.5703267771815437 5.925288155565446 6.3291760891467144
decision_type=2 2 2 2 2 2 2 2 2 2 2 2 2 2
left_child=-1 6 -3 4 -4 -6 -2 -7 9 -9 -8 -5 -13 -14
right_child=1 2 3 11 5 7 10 8 -10 -11 -12 12 13 -15
leaf_value=-0.060449734037871627 0.016816137031685247 0.068728748427624498 -0.061452884088709518 0.063135216269659844 0.065802557536722858 -0.059375792496831094 -0.011889316336637382 -0.026135260510769635 -0.018177213581929724 0.055172203417883023 -0.058592204553855359 -0.044327306778380433 0.05071358668314338 0.0062498263452288819
leaf_weight=0.1271088712712779 2.5844050454725247 0.4745859351355638 0.7428713171502731 0.48418163805945358 0.61515837388287753 0.5318388479972781 4.0248841953452938 0.41277313239334013 3.6257160536006268 0.66394859585852828 0.65733980659888391 0.47883578735672916 1.1815964128982157 4.1401718153920228
leaf_count=604 198 96 53 77 77 45 3723 24 236 104 106 34 43 580
internal_value=1.70916e-05 0.000389861 0.00381575 0.00142338 -0.0116519 -0.00532722 -0.00590486 -0.0136867 -0.00851938 0.0240021 -0.018446 0.0151384 0.0111321 0.0161222
internal_weight=20.7454 20.6183 13.3517 12.8771 6.59231 5.84944 7.26663 5.23428 4.70244 1.07672 4.68222 6.28479 5.8006 5.32177
internal_count=6000 5396 1369 1273 539 486 4027 409 364 128 3829 734 657 623
is_linear=0
shrinkage=0.06


Tree=193
num_leaves=15
num_cat=0
split_feature=1 1 4 1 3 1 2 4 3 1 3 3 3 4
split_gain=0.127743 0.418568 0.260534 0.191618 0.917911 0.379916 0.247339 0.182463 1.12494 0.879772 1.16978 0.464047 0.616696 1.37838
threshold=0.18983069382395951 0.19560360314836525 5.1062857424888604 0.25771436354999749 0.68111074581107045 0.27305210725312756 1.030461717784749 3.1378162979648043 0.21293481441733575 0.35486482448452922 0.3167255268787656 0.18350687515486877 0.64958345085645297 4.1244635755433867
decision_type=2 2 2 2 2 2 2 2 2 2 2 2 2 2
left_child=2 -2 -1 4 6 -5 -3 8 -7 -10 -11 -9 13 -13
right_child=1 3 -4 5 -6 7 -8 11 9 10 -12 12 -14 -15
leaf_value=0.0023323611954152619 0.057940355195427957 -0.063572044341000181 -0.060342610373093283 0.060579612745127069 0.055249187630179566 0.045111401364905816 0.046531306374973817 -0.019379460248276442 -0.063547201102253731 -0.052453866509180887 0.047023068145343912 0.078566505597906039 -0.018676631866815813 0.0070118983625942384
leaf_weight=0.65318443012256711 0.45562206118848081 0.86290550148715073 0.37633950850249676 0.3820775252206684 0.38988034925387183 0.98041691752587468 0.080284051826311043 2.5695323272730084 1.4150957357196605 0.80070803648050037 0.9083180035395344 1.1175404168334333 2.2781782397005363 7.2992419600941503
leaf_count=207 72 472 3153 115 34 52 15 406 27 35 253 60 350 749
internal_value=2.09541e-05 0.0011063 -0.0205783 -0.000250577 -0.0221897 0.001397 -0.0542001 9.51243e-05 -0.01096 -0.0285564 0.000416417 0.003516 0.00901678 0.0165126
internal_weight=20.5693 19.5398 1.02952 19.0842 1.33307 17.7511 0.94319 17.369 4.10454 3.12412 1.70903 13.2645 10.695 8.41678
internal_count=6000 2640 3360 2568 521 2047 487 1932 367 315 288 1565 1159 809
is_linear=0
shrinkage=0.06


Tree=194
num_leaves=15
num_cat=0
split_feature=3 3 1 4 1 4 3 4 4 4 3 4 4 1
split_gain=0.12621 0.179133 0.142549 0.559128 0.708406 0.530229 0.535587 0.89337 0.669711 1.29606 0.615342 0.576102 0.478735 0.389933
threshold=0.05028528783859091 0.063875490264467497 0.34141116148336031 2.8481481807614224 0.35486482448452922 3.1378162979648043 0.36383641388814592 4.7649637197871639 3.8667780516297214 4.6189508858867034 0.42977292799977268 8.3069301152157617 12.202114842228701 0.3921973133496825
decision_type=2 2 2 2 2 2 2 2 2 2 2 2 2 2
left_child=-1 -2 -3 -4 -5 -6 7 -7 -8 -10 -11 -12 13 -13
right_child=1 2 3 4 5 6 8 -9 9 10 11 12 -14 -15
leaf_value=-0.037010017648307282 0.060796405647608721 -0.0056241235375836182 0.03780145824655877 0.061020216627421062 -0.062407304710723033 0.075542557296207152 0.067996648949982794 0.0012352859684718583 -0.0808542369328865 -0.047373122888598879 0.062382731727456599 -0.074785377062944761 0.031809273573114728 0.0090079227089951471
leaf_weight=0.3260402148307574 0.1765321803982286 8.7692703758602892 1.5687274008050724 0.62208955047753889 0.54754101834259827 0.70461249051549923 0.3137626642055692 3.3600390276415055 1.0314449903180505 0.79839429710682486 0.63241136675424092 0.44439399114344247 0.65947530678386101 0.36343197649875947
leaf_count=780 88 3730 298 51 29 40 75 330 67 77 157 7 176 95
internal_value=1.96408e-05 0.000623536 8.74714e-05 0.0046217 -0.000870202 -0.00521794 -0.00144884 0.0141165 -0.0163588 -0.0230944 -0.00253747 0.0145108 -0.00612211 -0.0370877
internal_weight=20.3182 19.9921 19.8156 11.0463 9.4776 8.85551 8.30797 4.06465 4.24331 3.92955 2.89811 2.09971 1.4673 0.807826
internal_count=6000 5220 5132 1402 1104 1053 1024 370 654 579 512 435 278 102
is_linear=0
shrinkage=0.06


Tree=195
num_leaves=15
num_cat=0
split_feature=0 1 4 0 4 1 1 1 4 0 1 1 0 0
split_gain=0.126825 0.590945 0.898198 0.567751 0.565703 0.660693 0.631481 0.981068 0.605008 0.531337 0.48794 0.486271 0.441779 0.38032
threshold=0.53138136493111554 0.30430499356340585 4.7649637197871639 0.53438247723468013 4.6189508858867034 0.27040911933041695 0.27576240385925016 0.34141116148336031 2.474746022830518 0.62773278573506508 0.59203518179103376 0.3921973133496825 0.74603608072269745 0.62391022425081788
decision_type=2 2 2 2 2 2 2 2 2 2 2 2 2 2
left_child=1 -1 11 -2 6 -6 -5 -8 13 -7 -4 -3 -11 -9
right_child=3 2 10 4 5 9 7 8 -10 12 -12 -13 -14 -15
leaf_value=-0.056177814864409759 0.090333818669815158 0.059535395737530597 -0.027464166584648616 0.021631220565034949 -0.030163775390760001 0.051525809877436136 -0.057712240335508445 -0.040839730347917019 -0.017961347542803943 -0.0017060259588146858 0.01971472574606576 0.00091783336436818976 0.046033826001871656 0.061066682421446847
leaf_weight=0.7665780043823841 0.26583022922568389 1.0960673835943455 3.2491939517194623 1.6110499331480221 1.0049364569645147 1.6210805424298085 1.7413010323944034 0.16295022040867513 2.1845102271254291 2.7672676586371385 1.0423416079111119 0.95198189268376143 0.93313193615358603 0.69056449526578945
leaf_count=3540 23 16 514 128 529 136 25 27 209 194 96 86 284 193
internal_value=2.35615e-05 -0.00642021 -0.000403553 0.00355062 0.00173651 0.0144552 -0.0108548 -0.0218055 -0.00122484 0.0228812 -0.0160052 0.0322886 0.0103326 0.041611
internal_weight=20.0888 7.10616 6.33958 12.9826 12.7168 6.32642 6.39038 4.77933 3.03802 5.32148 4.29154 2.04805 3.7004 0.853515
internal_count=6000 4252 712 1748 1725 1143 582 454 429 614 610 102 478 220
is_linear=0
shrinkage=0.06


Tree=196
num_leaves=15
num_cat=0
split_feature=0 1 0 0 3 4 3 3 0 1 4 4 1 1
split_gain=0.126458 0.200529 0.176651 0.236814 0.215925 0.320893 0.19366 0.759501 0.361364 0.576802 0.354488 0.725837 0.496672 0.877708
threshold=0.892898982436933 0.25072267475115312 0.84587243272932011 0.82798598835911474 0.82045453163569571 2.5863529062142097 0.54422723510763715 0.52784287576173328 0.43993382312985224 0.47724716012909735 1.114990165321063 2.7395935434564898 0.38315142540784325 0.3921973133496825
decision_type=2 2 2 2 2 2 2 2 2 2 2 2 2 2
left_child=2 -2 3 6 5 -4 7 -1 9 -8 -10 -12 -13 -14
right_child=1 -3 4 -5 -6 -7 8 -9 10 -11 11 12 13 -15
leaf_value=-0.0016448928737508785 -0.034944089316797294 0.061467222746179613 -0.066740655988690153 0.048772436503874236 -0.070480810372685596 0.029767502733135588 -0.06391304508384954 -0.078433081212809577 0.069710627024924005 0.03829417172859708 -0.029514122811394327 0.037405240453132343 -0.06896618082742012 0.060908730875925889
leaf_weight=11.990007722431766 0.1083240256884882 0.2743997376455809 0.19566815263897197 0.35953081214029126 0.2816783432590455 0.33878579630800232 0.55299501524632333 0.48235994267724969 0.39113306934450509 0.31032488744313014 1.2155365808885106 2.5610586787852303 0.47030930660548609 0.31133452831818431
leaf_count=4528 13 125 21 69 20 97 455 97 37 41 105 132 8 252
internal_value=2.46609e-05 0.0341795 -0.000647044 0.000548963 -0.0279699 -0.00556496 -0.000399234 -0.00461462 0.00864578 -0.0271741 0.0148938 0.0101901 0.0246281 -0.017236
internal_weight=19.8434 0.382724 19.4607 18.6446 0.816132 0.534454 18.2851 12.4724 5.81269 0.86332 4.94937 4.55824 3.3427 0.781644
internal_count=6000 138 5862 5724 138 118 5655 4625 1030 496 534 497 392 260
is_linear=0
shrinkage=0.06


Tree=197
num_leaves=15
num_cat=0
split_feature=2 0 1 1 0 1 3 1 0 1 1 4 3 1
split_gain=0.132092 0.295464 0.15454 0.366699 0.303237 0.219626 0.807754 0.228247 0.741854 0.565258 0.213377 0.159157 1.21449 0.88735
threshold=1.340840861583384 0.26551659008999362 0.18983069382395951 0.19560360314836525 0.69023508334441097 0.25771436354999749 0.68111074581107045 0.2900201930567034 0.58469626549424725 0.30430499356340585 0.18453523267770078 3.1378162979648043 0.21293481441733575 0.35486482448452922
decision_type=2 2 2 2 2 2 2 2 2 2 2 2 2 2
left_child=2 -2 4 -4 -1 6 -5 8 -7 -9 -6 12 -11 -14
right_child=1 -3 3 5 10 7 -8 9 -10 11 -12 -13 13 -15
leaf_value=-0.061909623890937682 -0.037191136932135674 0.054404541521416806 0.05449027219897512 -0.057720477672851808 0.030179996366680908 -0.065400962471263868 0.053373531839991668 -0.045053258728824278 0.046384330547724263 0.052330504559674487 -0.064118037574432088 0.0053068234064608567 -0.074263456535352268 -0.0018907251748944507
leaf_weight=0.42553123244511581 0.17954670646531568 0.43140920286441542 0.43944940177607605 0.83125746893347485 0.36346978232404581 0.26606268150908619 0.32881338271181448 0.99467412103035613 1.0864373272861483 0.85560522761079427 0.11331884179162444 10.791271837232669 1.002667752094567 1.5568663555823148
leaf_count=3092 60 492 71 474 193 179 29 83 45 39 5 1062 10 166
internal_value=2.45826e-05 0.0274866 -0.000855904 0.000348762 -0.0250917 -0.000994408 -0.0262317 0.000774216 0.024394 -0.00132733 0.00776809 0.00173418 -0.00955479 -0.0302419
internal_weight=19.6664 0.610956 19.0554 18.1531 0.90232 17.7137 1.16007 16.5536 1.3525 15.2011 0.476789 14.2064 3.41514 2.55953
internal_count=6000 552 5448 2158 3290 2087 503 1584 224 1360 198 1277 215 176
is_linear=0
shrinkage=0.06


Tree=198
num_leaves=15
num_cat=0
split_feature=3 3 4 3 4 2 0 4 4 3 3 3 0 4
split_gain=0.134753 0.150218 0.126186 0.120364 0.138385 0.13719 0.401882 0.132296 0.126747 0.115043 0.174376 0.369695 0.161396 0.475759
threshold=0.05028528783859091 0.063875490264467497 2.2805651410207797 0.83836259226989551 22.387281066057895 0.88552444038301392 0.26551659008999362 23.104539718892578 29.383024113491338 0.82045453163569571 0.68606275104721115 0.76216246761986572 0.42899323029145303 9.8261878515677061
decision_type=2 2 2 2 2 2 2 2 2 2 2 2 2 2
left_child=2 -2 -1 4 5 9 -7 -6 -9 10 12 -12 13 -3
right_child=1 3 -4 -5 7 6 -8 8 -10 -11 11 -13 -14 -15
leaf_value=0.04516967985612555 0.059124006470414908 0.033314921492088347 -0.05542656787718539 0.043279110440944138 -0.067482354628591715 -0.040763302486087762 0.058484732691682077 0.0068677167892747934 -0.060353216778497663 -0.026623605155475634 0.057400353866038714 -0.005188435954740416 -0.0041898621878466895 -0.016755737033403346
leaf_weight=0.053954419794538633 0.1569374938021636 1.5878840878022118 0.26720208447045479 0.2304364376968796 0.20029984297298042 0.21470155869519558 0.46495685087211314 0.39614305146824336 0.13552511930038236 0.57978349421318753 0.58168503249089443 0.81683408287062775 12.542595899243677 1.1990183984448775
leaf_count=13 88 186 767 168 39 23 412 410 2559 22 70 71 731 441
internal_value=1.63307e-05 0.000664175 -0.0385264 0.000180027 -0.000350523 0.000690141 0.0271326 -0.0259239 -0.0102673 -0.000348227 0.000562463 0.0208441 -0.00128784 0.0117729
internal_weight=19.428 19.1068 0.321157 18.9499 18.7194 17.9875 0.679658 0.731968 0.531668 17.3078 16.728 1.39852 15.3295 2.7869
internal_count=6000 5220 780 5132 4964 1956 435 3008 2969 1521 1499 141 1358 627
is_linear=0
shrinkage=0.06


Tree=199
num_leaves=15
num_cat=0
split_feature=3 1 1 4 1 3 1 1 4 4 1 3 3 3
split_gain=0.124433 0.120902 0.31842 0.218096 0.167537 0.774925 0.204276 0.477823 0.286038 0.216052 0.213859 0.187539 0.32497 0.573015
threshold=0.05028528783859091 0.18983069382395951 0.19560360314836525 5.1062857424888604 0.25771436354999749 0.68111074581107045 0.2900201930567034 0.30430499356340585 4.6189508858867034 6.7524034627805385 0.28214766701996868 0.097988461839770433 0.16908880812455077 0.1961450394232043
decision_type=2 2 2 2 2 2 2 2 2 2 2 2 2 2
left_child=-1 3 -3 -2 5 -4 8 -8 -6 -10 -11 -9 -13 -14
right_child=1 2 4 -5 6 -7 7 11 9 10 -12 12 13 -15
leaf_value=-0.03780875594508299 0.00070233546842532772 0.052482314201259185 -0.053484615340534856 -0.059990716681490794 -0.0072081138106983127 0.052957609340206616 -0.039885772011411816 0.036862501243314916 0.069075677934591614 -0.058870073524619766 0.060570286412162964 -0.023405405129751432 0.059642464380917776 0.0017835229028155116
leaf_weight=0.30807031157769671 0.61494046223379228 0.43422599519363103 0.81837587783957377 0.32621120643557333 0.57948910573031998 0.35219058352959109 1.0069437825409284 0.56184078841488272 0.54072918662131997 0.11309402562528703 0.10322393768637994 1.6573077598322914 0.65192222806126565 11.248421731368579
leaf_count=780 188 58 402 2718 14 34 79 65 7 118 33 122 55 1327
internal_value=1.83894e-05 0.00063144 0.00172355 -0.0203344 0.000473617 -0.0214591 0.0020331 4.64242e-05 0.0245176 0.0488024 -0.00187479 0.00289422 0.00148655 0.00495314
internal_weight=19.317 19.0089 18.0678 0.941152 17.6335 1.17057 16.463 15.1264 1.33654 0.757047 0.216318 14.1195 13.5577 11.9003
internal_count=6000 5220 2314 2906 2256 436 1820 1648 172 158 151 1569 1504 1382
is_linear=0
shrinkage=0.06


Tree=200
num_leaves=15
num_cat=0
split_feature=0 1 0 0 1 4 4 3 1 3 4 4 4 3
split_gain=0.121695 0.181256 0.164449 0.220611 0.19528 0.422709 0.180932 0.182458 0.422015 0.387886 0.324046 0.723348 0.784929 0.6343
threshold=0.892898982436933 0.25072267475115312 0.84587243272932011 0.82798598835911474 0.42921993223291766 2.5863529062142097 20.812404338645603 0.16908880812455077 0.28684299467251689 0.21507471603354145 3.1378162979648043 4.0076863768286719 4.6189508858867034 0.60712979501767994
decision_type=2 2 2 2 2 2 2 2 2 2 2 2 2 2
left_child=2 -2 3 6 -4 -6 7 8 -1 -9 13 -12 -13 -11
right_child=1 -3 4 -5 5 -7 -8 9 -10 10 11 12 -14 -15
leaf_value=0.050903330798423366 -0.034905732379387343 0.061373657403648411 -0.053272012403554246 0.048643241566306374 -0.06862601708393537 0.065523508957658599 -0.028037460708691533 0.042232087288386226 -0.021500157511327632 -0.037228861904970448 0.048455813850212318 -0.046509348977832557 0.0075320905732524463 0.014366132971484476
leaf_weight=0.32824791076747617 0.09707294430336233 0.25611630918228911 0.45163737780148849 0.33683120649857201 0.15048689109062252 0.19302071115089348 0.81210583003166803 0.88338437388210778 2.4748151912135654 1.9505619657938944 1.2996004948527105 1.1157437829442622 7.285324060795574 1.5311350971232967
leaf_count=265 13 125 41 69 18 79 3754 109 125 199 117 78 866 142
internal_value=1.8098e-05 0.0349116 -0.000636985 0.000541468 -0.0273404 0.00675408 -0.000374897 0.000956846 -0.0130215 0.00374249 0.0011632 0.00679895 0.00035486 -0.0145391
internal_weight=19.1661 0.353189 18.8129 18.0177 0.795145 0.343508 17.6809 16.8688 2.80306 14.0657 13.1824 9.70067 8.40107 3.4817
internal_count=6000 138 5862 5724 138 97 5655 1901 390 1511 1402 1061 944 341
is_linear=0
shrinkage=0.06


Tree=201
num_leaves=15
num_cat=0
split_feature=2 1 1 4 3 1 3 1 1 4 4 1 4 3
split_gain=0.121061 0.147817 0.300452 0.24784 0.228386 0.179448 0.752858 0.182426 0.461172 0.279015 0.186066 0.194293 0.15414 0.910222
threshold=1.27045219108188 0.18983069382395951 0.19332238593635967 1.114990165321063 0.77692576249887391 0.25771436354999749 0.68111074581107045 0.2900201930567034 0.30430499356340585 4.6189508858867034 6.7524034627805385 0.28214766701996868 6.0698155640957774 0.52784287576173328
decision_type=2 2 2 2 2 2 2 2 2 2 2 2 2 2
left_child=1 3 -3 -1 -5 6 -4 9 -9 -7 -11 -12 13 -10
right_child=-2 2 5 4 -6 7 -8 8 12 10 11 -13 -14 -15
leaf_value=0.031949046816813757 0.027287511623478825 0.053723546699745411 -0.056923043859577978 -0.062141248550108316 0.025783523287970629 -0.009784307062017078 0.051542501719651433 -0.041150810129870589 0.02134770697286361 0.066697068505302742 -0.058313876858867499 0.059160343406818076 -0.004910368376656868 -0.025185398392295732
leaf_weight=0.20605381278438173 0.56860593000032977 0.37176893105061282 0.76583618822087618 0.50677677678527289 0.13460015495957123 0.53935239021666592 0.32948710047458007 0.96546134199115741 5.1725225750269583 0.51096660713665187 0.10428079688426806 0.098615477805196861 6.6076020152058845 2.139142985255603
leaf_count=22 564 47 496 3234 28 11 31 82 184 8 165 40 877 211
internal_value=1.92598e-05 -0.000821001 0.000357202 -0.0252977 -0.0436892 -0.000794057 -0.0242952 0.000801028 -0.00105 0.0227861 0.0473944 -0.00121684 0.00173145 0.00773371
internal_weight=19.0211 18.4525 17.605 0.847431 0.641377 17.2333 1.09532 16.1379 14.8847 1.25322 0.713863 0.202896 13.9193 7.31167
internal_count=6000 5436 2152 3284 3262 2105 527 1578 1354 224 213 205 1272 395
is_linear=0
shrinkage=0.06


Tree=202
num_leaves=15
num_cat=0
split_feature=0 0 4 4 4 3 0 0 0 3 3 0 3 0
split_gain=0.131479 0.462141 0.455879 0.409859 0.371506 0.382985 0.302355 0.273681 0.590455 0.26911 0.683343 0.395216 0.41998 0.561241
threshold=0.53138136493111554 0.53872868151059505 4.6189508858867034 4.7649637197871639 1.4330188123616925 0.57314765936602508 0.50000826990622571 0.47890375695411425 0.42622347060646526 0.19330181080161091 0.12535417136524629 0.63200490311008428 0.42043219618979716 0.64470199218755131
decision_type=2 2 2 2 2 2 2 2 2 2 2 2 2 2
left_child=3 -2 4 7 5 -3 -5 8 -1 10 -4 -11 -13 -14
right_child=1 2 9 6 -6 -7 -8 -9 -10 11 -12 12 13 -15
leaf_value=0.025797247841439913 0.073177327659334254 -0.015562084579251616 0.047442041285784338 -0.011155008558967531 -0.015868874697535482 0.068322323141786531 -0.056815013081903426 0.050093305140580399 -0.048558315016365414 0.045184966431499024 -0.050667101844828276 -0.014971213194660748 -0.021496589375081979 0.051818645831889887
leaf_weight=1.2060254833286337 0.33575693938246232 0.37350093468194057 0.41276703036282902 3.8403701242013994 5.1177860409925415 0.41215906708112016 0.60423837735879704 0.56381100427643094 0.5643938806351797 1.5097299885378559 0.67112332387387141 1.5198655581330061 0.55355478699857474 1.1711951168272206
leaf_count=102 46 68 426 3907 454 55 134 64 45 182 63 141 17 296
internal_value=1.67221e-05 0.00377027 0.00178555 -0.00667074 -0.00997151 0.0284439 -0.0173624 0.0136873 0.00209336 0.0136739 -0.0133052 0.0198246 0.00802436 0.0282883
internal_weight=18.8563 12.0774 11.7417 6.77884 5.90345 0.78566 4.44461 2.33423 1.77042 5.83824 1.08389 4.75435 3.24462 1.72475
internal_count=6000 1748 1702 4252 577 123 4041 211 147 1125 489 636 454 313
is_linear=0
shrinkage=0.06


Tree=203
num_leaves=15
num_cat=0
split_feature=1 1 4 5 3 3 1 3 4 1 1 4 3 4
split_gain=0.117003 0.423955 0.584893 0.470316 0.379869 0.692366 0.672452 0.691732 0.42278 0.3228 0.621784 0.244823 0.72759 0.554286
threshold=0.34141116148336031 0.36014394337405464 2.474746022830518 1.0000000180025095e-35 0.36383641388814592 0.33879388337453958 0.44968578258479835 0.42977292799977268 4.9457205273616411 0.47153392554097173 0.3921973133496825 6.7524034627805385 0.5312385115515067 3.7406429647254495
decision_type=2 2 2 2 2 2 2 2 2 2 2 2 2 2
left_child=11 -2 3 -3 5 9 8 -8 -6 10 -4 13 -13 -1
right_child=1 2 4 -5 6 -7 7 -9 -10 -11 -12 12 -14 -15
leaf_value=-0.015569592692176358 0.039461509728349414 0.062672821667059272 -0.050918128693899285 -0.047130914874756298 -0.06598729165956263 0.074607218652655211 -0.033849155712834214 0.045459674954018238 -0.013575474969476663 -0.014816698656578784 0.037267473470326343 -0.059668923728724316 0.011291207141286072 0.021392285169086655
leaf_weight=3.3061689007226978 1.0971561678225032 0.81798070105287379 0.36454610143937127 0.16953501922398573 1.1367080989875837 0.48109125126120478 0.70743725412830805 0.89906227251140081 1.0809438405522085 2.563349790720622 1.3678975563425408 1.0109995900588731 1.0715105121373651 2.6164974098728635
leaf_count=212 92 252 73 7 16 37 73 505 104 260 122 3518 546 183
internal_value=2.20263e-05 0.00413086 8.81997e-05 0.0438219 -0.00493302 0.00634903 -0.0190258 0.0105353 -0.0404403 -0.00129529 0.0187112 -0.00546265 -0.0231579 0.000759313
internal_weight=18.6909 10.6857 9.58855 0.987516 8.60104 4.77688 3.82415 1.6065 2.21765 4.29579 1.73244 8.00518 2.08251 5.92267
internal_count=6000 1541 1449 259 1190 492 698 578 120 455 195 4459 4064 395
is_linear=0
shrinkage=0.06


Tree=204
num_leaves=15
num_cat=0
split_feature=0 1 4 1 1 0 4 1 1 1 4 0 0 0
split_gain=0.131498 0.479244 0.706189 0.456788 0.41596 0.411571 0.391844 0.517383 0.474588 0.863793 0.447084 0.441599 0.359673 0.325799
threshold=0.53138136493111554 0.30430499356340585 4.7649637197871639 0.59203518179103376 0.3921973133496825 0.53872868151059505 4.6189508858867034 0.27040911933041695 0.27576240385925016 0.34141116148336031 2.474746022830518 0.62773278573506508 0.74603608072269745 0.62391022425081788
decision_type=2 2 2 2 2 2 2 2 2 2 2 2 2 2
left_child=1 -1 4 -4 -3 -2 8 -8 -7 -10 13 -9 -13 -11
right_child=5 2 3 -5 -6 6 7 11 9 10 -12 12 -14 -15
leaf_value=-0.055670169457791227 0.070340657739867155 0.05569888112739671 -0.026800259257771603 0.019801220007185916 -0.00072542911642462914 0.021095160507166113 -0.029928222941741571 0.048847770836976515 -0.054553300375123959 -0.038549536007074954 -0.013512655017099206 -0.0018347880107828373 0.043728124094905826 0.059938582430638501
leaf_weight=0.64996005877151475 0.3255829636082116 0.99234841810539343 3.0967003494065466 1.0022956451075513 0.89416167137642333 1.418650513227474 0.85543394610613166 1.4180231247291883 1.5655411262850973 0.15088104038841299 2.048297289614311 2.6123494030562147 0.81933884749469132 0.60884524469202006
leaf_count=3540 46 16 514 96 86 126 518 129 25 26 207 194 284 193
internal_value=2.26235e-05 -0.00673729 -0.00142371 -0.0154052 0.0289551 0.00381653 0.0019327 0.0130936 -0.0090604 -0.0188419 0.00106801 0.0206821 0.00904367 0.0403789
internal_weight=18.4584 6.63547 5.98551 4.099 1.88651 11.8229 11.4974 5.70515 5.79222 4.37356 2.80802 4.84971 3.43169 0.759726
internal_count=6000 4252 712 610 102 1748 1702 1125 577 451 426 607 478 219
is_linear=0
shrinkage=0.06


Tree=205
num_leaves=15
num_cat=0
split_feature=0 0 0 4 1 0 3 1 1 3 1 0 4 1
split_gain=0.129536 0.133377 0.214391 0.170922 0.171343 0.496368 0.399858 0.324848 0.399952 0.386919 0.24727 0.507325 1.02274 0.658444
threshold=0.892898982436933 0.84587243272932011 0.82798598835911474 20.812404338645603 0.34141116148336031 0.66371725152329397 0.22788199898482811 0.36014394337405464 0.40753032868596178 0.42977292799977268 0.32447260829877006 0.70202300620388602 6.4879515215367514 0.30430499356340585
decision_type=2 2 2 2 2 2 2 2 2 2 2 2 2 2
left_child=1 2 3 4 10 7 -7 -6 -9 -10 11 12 13 -1
right_child=-2 -3 -4 -5 5 6 -8 8 9 -11 -12 -13 -14 -15
leaf_value=0.01074780887405774 0.037287322334893319 -0.025324662216905037 0.049260479058886412 -0.027946473912122113 0.034589627846833192 -0.013343362564075818 0.064389942234434713 -0.026158785211122217 -0.0016724696492901143 0.044701140083043857 -0.027634885658919663 -0.028800182570279442 -0.041956470255475643 0.072787971485678338
leaf_weight=2.1629230643816473 0.32975742123380669 0.75612173715944564 0.317623652871588 0.77885244780804797 0.90698984215850753 0.33098402780888114 0.85008445200310234 2.004563962264001 4.0650670442664705 0.77047488860171132 1.5124961296605759 1.6058219834321787 0.98598265967052601 0.86100642409292039
leaf_count=276 138 138 69 3754 24 44 325 45 150 244 28 105 651 9
internal_value=2.35385e-05 -0.000662598 0.000424539 -0.000496828 0.00083468 0.0063729 0.0426059 0.000849078 -0.00362488 0.00571651 -0.00610199 -0.000302494 0.0111098 0.0284126
internal_weight=18.2387 17.909 17.1529 16.8352 16.0564 8.92816 1.18107 7.7471 6.84011 4.83554 7.12823 5.61573 4.00991 3.02393
internal_count=6000 5862 5724 5655 1901 832 369 463 439 394 1069 1041 936 285
is_linear=0
shrinkage=0.06


Tree=206
num_leaves=15
num_cat=0
split_feature=3 1 4 1 1 3 4 4 3 3 4 1 3 4
split_gain=0.12272 0.114815 0.310843 0.294251 0.217922 0.420531 0.203261 0.189511 0.188552 0.296817 0.486327 0.310035 0.243104 0.385089
threshold=0.05028528783859091 0.62025489969500913 2.9951031276850881 0.61043685273926984 0.55791070399666443 0.20715385053502089 2.8481481807614224 13.709232086553724 0.097988461839770433 0.15796236277021389 2.8481481807614224 0.28214766701996868 0.20186784084470591 6.3291760891467144
decision_type=2 2 2 2 2 2 2 2 2 2 2 2 2 2
left_child=-1 3 6 4 8 -6 -3 -4 -2 10 -10 -12 13 -11
right_child=1 2 7 -5 5 -7 -8 -9 9 12 11 -13 -14 -15
leaf_value=-0.038484412821210061 0.02898042859971324 0.060152572922312679 0.063346473109029661 -0.054238361124205221 -0.041954246031523375 0.067501311500638414 -0.062561441378564744 0.0040983715763838954 0.035503297981341705 0.051148108805281582 0.043946310071934169 -0.064948578159705644 -0.0016427779720253463 -0.063782530784261007
leaf_weight=0.29299753710984333 0.73235869553310173 0.062707959873476993 0.46640355771342001 0.35972093296913854 0.17808408632663564 0.43510494873589778 0.2158720623338013 0.33319567369653669 0.30172926696832181 0.65733820177410862 0.10648359886045 0.81089028370752203 12.994387371132914 0.124893112752261
leaf_count=780 328 178 360 22 17 115 8 86 13 20 382 74 3265 352
internal_value=3.03325e-05 0.000665049 0.0196418 -0.000560047 0.000621575 0.0357129 -0.0349387 0.0386576 -0.000746527 -0.00219833 -0.0305751 -0.0523087 0.000312756 0.032798
internal_weight=18.0722 17.7792 1.07818 16.701 16.3413 0.613189 0.27858 0.799599 15.7281 14.9957 1.2191 0.917374 13.7766 0.782231
internal_count=6000 5220 632 4588 4566 132 186 446 4434 4106 469 456 3637 372
is_linear=0
shrinkage=0.06


Tree=207
num_leaves=15
num_cat=0
split_feature=0 1 4 1 1 0 4 1 1 1 3 4 0 3
split_gain=0.132553 0.436865 0.625924 0.378799 0.353414 0.346989 0.376205 0.44805 0.432808 0.762842 0.605209 0.520366 0.402426 0.529473
threshold=0.53138136493111554 0.30430499356340585 4.7649637197871639 0.59203518179103376 0.3921973133496825 0.53872868151059505 4.6189508858867034 0.27040911933041695 0.27576240385925016 0.34141116148336031 0.21293481441733575 2.474746022830518 0.62773278573506508 0.22476662508750828
decision_type=2 2 2 2 2 2 2 2 2 2 2 2 2 2
left_child=1 -1 4 -4 -3 -2 8 -8 -7 -10 -11 -12 13 -9
right_child=5 2 3 -5 -6 6 7 12 9 10 11 -13 -14 -15
leaf_value=-0.054573311360728897 0.066259055059533029 0.052507853703653497 -0.025491661842106404 0.017804812030272801 -0.00034050414027989717 0.0200572145014308 -0.027337319027872103 -0.012638121161050843 -0.052619864873807147 0.06206795038768418 0.037775605979834002 -0.029036156590518215 0.0091794438170181153 0.070773865844747486
leaf_weight=0.62400674537707601 0.31237948637954005 0.9566355360439045 3.0249505349718224 0.95778967432852358 0.8696541096069268 1.4062888376492972 0.83350875608402919 0.37835339327648376 1.5067185181542297 0.4757411785249136 0.55851237320712277 1.6881376147184708 3.3539310019377808 0.99293386215413193
leaf_count=3540 46 16 514 96 86 126 518 57 25 46 193 187 478 72
internal_value=3.04683e-05 -0.00686722 -0.00174263 -0.0150795 0.0273422 0.00388682 0.00214628 0.0132213 -0.00877803 -0.0183665 0.00059117 -0.0124269 0.0203756 0.0477596
internal_weight=17.9395 6.43304 5.80903 3.98274 1.82629 11.5065 11.1941 5.55873 5.6354 4.22911 2.72239 2.24665 4.72522 1.37129
internal_count=6000 4252 712 610 102 1748 1702 1125 577 451 426 380 607 129
is_linear=0
shrinkage=0.06


Tree=208
num_leaves=15
num_cat=0
split_feature=0 1 0 5 0 2 3 1 3 3 1 1 3 1
split_gain=0.131044 0.34706 0.279905 0.262751 0.206697 0.254844 0.157791 0.121202 0.504415 0.36414 0.549522 0.322255 0.136357 0.194996
threshold=0.24705499284442581 0.55791070399666443 0.2591720320032932 1.0000000180025095e-35 0.32582441188398686 0.88552444038301392 0.63951329173322413 0.414581040885942 0.41844511694005632 0.35847492929483588 0.47153392554097173 0.48492186723226655 0.081224121870788105 0.27883187828747974
decision_type=2 2 2 2 2 2 2 2 2 2 2 2 2 2
left_child=1 -1 -2 4 -4 7 -5 12 9 10 -9 -12 13 -6
right_child=2 -3 3 6 5 -7 -8 8 -10 -11 11 -13 -14 -15
leaf_value=-0.062813728160446808 0.058781228478602364 0.010828469313832134 -0.042242630509959252 -0.056594481578289155 0.040221711640557406 0.046985968695146145 0.016869295729048245 0.057308772158084213 0.056980153990026997 -0.038967243585949322 -0.034986359352794635 0.012803083579298265 -0.00068126299579708712 -0.060388470738434612
leaf_weight=0.41417323102428127 0.29900501911015709 0.51917801480703929 0.37696551010321933 0.44702145506039492 0.090450814340779284 0.45455432098242532 0.13766874671637197 0.67950783386459246 0.68873785855794256 0.67003779011429276 0.79383791567670448 1.4106063013864512 10.448898780955004 0.29727094847089575
leaf_count=2290 96 38 460 290 448 508 23 45 364 36 15 150 1150 87
internal_value=3.21664e-05 -0.0218501 0.00124827 0.000205402 0.00165703 0.00272236 -0.039297 0.00138807 0.00998491 0.000877562 0.0101348 -0.00440628 -0.00197775 -0.0369173
internal_weight=17.7279 0.933351 16.7946 16.4956 15.9109 15.5339 0.58469 15.0793 4.24273 3.55399 2.88395 2.20444 10.8366 0.387722
internal_count=6000 2328 3672 3576 3263 2803 313 2295 610 246 210 165 1685 535
is_linear=0
shrinkage=0.06


Tree=209
num_leaves=15
num_cat=0
split_feature=3 3 1 3 0 1 1 1 3 3 0 0 1 3
split_gain=0.124767 0.407137 0.411582 0.346823 0.323474 0.55238 0.361322 0.418205 0.949349 0.397409 0.27865 0.886131 0.467995 0.33563
threshold=0.54810215952864072 0.52784287576173328 0.30430499356340585 0.56214877710281208 0.56566755904561072 0.42921993223291766 0.30180092396238895 0.34141116148336031 0.76216246761986572 0.83030770408273236 0.63200490311008428 0.58469626549424725 0.2900201930567034 0.20186784084470591
decision_type=2 2 2 2 2 2 2 2 2 2 2 2 2 2
left_child=1 2 10 -2 5 -5 -6 -8 -9 -10 11 -1 13 -12
right_child=3 -3 -4 4 6 -7 7 8 9 -11 12 -13 -14 -15
leaf_value=-0.056023162137020167 0.054304614543059758 -0.055940528492909078 0.0045219295528913699 -0.045288772140965265 0.033513041648748632 0.037102541805260389 -0.043200245786501841 0.066894946128844959 -0.057982362984901732 0.061144148673688739 0.046952040803152441 0.055999463868531843 -0.096402986980944502 -0.03982910881952751
leaf_weight=0.51489777572078421 0.51663826378012245 0.50838288303430168 9.2734725735008379 1.0142490231694408 1.5988083045831447 0.41190793546593329 0.67438353656325478 0.6429153614953973 0.53552963367474149 0.12419432457500079 0.21536716480500195 0.50209462510406411 0.4011795374817666 0.62908115693335276
leaf_count=3186 84 126 1035 464 76 112 13 214 85 128 232 126 10 109
internal_value=3.12665e-05 -0.00339185 -0.00107609 0.00750227 0.00266822 -0.0214922 0.0123042 -0.00484732 0.0150082 -0.0355566 -0.0240199 -0.000716988 -0.0430455 -0.0176965
internal_weight=17.5631 12.0445 11.5361 5.51863 5.00199 1.42616 3.57583 1.97702 1.30264 0.659724 2.26262 1.01699 1.24563 0.844448
internal_count=6000 4824 4698 1176 1092 576 516 440 427 213 3663 3312 351 341
is_linear=0
shrinkage=0.06


Tree=210
num_leaves=15
num_cat=0
split_feature=0 1 0 5 0 3 0 0 3 0 0 0 0 0
split_gain=0.121791 0.324633 0.249637 0.233202 0.184607 0.149884 0.145667 0.209378 0.195377 0.297567 0.172272 0.170497 0.22775 0.265012
threshold=0.24705499284442581 0.55791070399666443 0.2591720320032932 1.0000000180025095e-35 0.32582441188398686 0.63951329173322413 0.86662995840781198 0.84587243272932011 0.77692576249887391 0.43993382312985224 0.82798598835911474 0.79926610420594935 0.75660049437690347 0.73802291774839335
decision_type=2 2 2 2 2 2 2 2 2 2 2 2 2 2
left_child=1 -1 -2 4 -4 -5 7 8 10 -10 11 12 13 -6
right_child=2 -3 3 5 6 -7 -8 -9 9 -11 -12 -13 -14 -15
leaf_value=-0.062694029492557549 0.056593630672971115 0.0097704963492116076 -0.040745334716918623 -0.055524764075131558 0.0019167751449118227 0.017035760377379482 0.037408324508944588 -0.034650216905399323 -0.04263798906686625 0.054941740793234974 0.047861879890045936 -0.041384093190777724 0.044945581695487132 -0.041735976135386162
leaf_weight=0.39017875070851715 0.28785611779540232 0.51806319204479223 0.36229451018243786 0.4221281341776838 12.038562399593715 0.13534319159089137 0.42063350632543084 0.55217252961210839 0.14242673098669989 0.53549710821152985 0.2817997176753132 0.34162892451513549 0.42138433289346799 0.52238814861357319
leaf_count=2290 96 38 460 290 1993 23 203 65 23 189 58 76 128 68
internal_value=2.92586e-05 -0.0213601 0.0012092 0.000223637 0.00158466 -0.0379085 0.00258987 0.00160268 0.00300413 0.034441 0.00143775 0.000455885 0.0015569 0.000101333
internal_weight=17.3724 0.908242 16.4641 16.1763 15.6188 0.557471 15.2565 14.8359 14.2837 0.677924 13.6058 13.324 12.9823 12.561
internal_count=6000 2328 3672 3576 3263 313 2803 2600 2535 212 2323 2265 2189 2061
is_linear=0
shrinkage=0.06


Tree=211
num_leaves=15
num_cat=0
split_feature=2 1 1 4 3 1 3 4 3 4 3 4 3 1
split_gain=0.12333 0.142226 0.276006 0.214954 0.193069 0.173998 0.438801 0.125011 0.121243 0.36783 0.350158 0.386685 0.339356 0.394772
threshold=1.340840861583384 0.18983069382395951 0.19560360314836525 1.114990165321063 0.77692576249887391 0.23916141269496941 0.68111074581107045 11.865107193115769 0.16908880812455077 6.0698155640957774 0.1961450394232043 3.1378162979648043 0.60712979501767994 0.38817497300387532
decision_type=2 2 2 2 2 2 2 2 2 2 2 2 2 2
left_child=1 3 -3 -1 -5 6 -4 -2 9 -7 -10 12 13 -12
right_child=7 2 5 4 -6 8 -8 -9 10 -11 11 -13 -14 -15
leaf_value=0.029753118191400196 0.050756014244672243 0.050542790637348602 -0.063260005536113037 -0.062071425473271574 0.021711973745236778 0.010497681369481697 0.045653147360417166 -0.011165409981891779 0.048582125554281992 -0.035324535583607049 -0.065549869706202524 0.0065943789158184919 0.0099467897368909573 -0.0089381282232231241
leaf_weight=0.18827732512000395 0.33345043279587017 0.3849663689315993 0.45562218860027215 0.4581269982794538 0.12631460027114372 1.310688106430461 0.18817005167238676 0.18113081791580044 0.57528839382916785 1.2155449847791713 0.80805834016064115 9.1010434429902016 0.9457259341925236 0.98274785927424091
leaf_count=22 413 71 354 3240 28 53 19 139 69 396 15 1000 92 89
internal_value=2.75362e-05 -0.000861803 0.000354784 -0.026002 -0.0439634 -0.000885082 -0.0314265 0.0289599 0.000431082 -0.0115505 0.00286955 0.000647989 -0.0191283 -0.0344828
internal_weight=17.2552 16.7406 15.9679 0.772719 0.584442 15.5829 0.643792 0.514581 14.9391 2.52623 12.4129 11.8376 2.73653 1.79081
internal_count=6000 5448 2158 3290 3268 2087 373 552 1714 449 1265 1196 196 104
is_linear=0
shrinkage=0.06


Tree=212
num_leaves=15
num_cat=0
split_feature=0 1 3 0 1 3 3 3 3 1 1 0 0 0
split_gain=0.120237 0.366275 0.317308 0.310627 0.240532 0.206949 0.21404 0.198093 0.189508 0.18476 0.48104 0.217434 0.425843 0.307473
threshold=0.53138136493111554 0.30430499356340585 0.11258720978372055 0.53872868151059505 0.62025489969500913 0.11536116210258204 0.1763068251249201 0.081224121870788105 0.21293481441733575 0.3666507233756347 0.42275372857874255 0.4871259927007961 0.43259359222670729 0.29003657805130578
decision_type=2 2 2 2 2 2 2 2 2 2 2 2 2 2
left_child=1 -1 -3 -2 5 7 -7 -5 -8 -4 -11 12 13 -12
right_child=3 2 9 4 -6 6 8 -9 -10 10 11 -13 -14 -15
leaf_value=-0.05316755169694732 0.063804490962930685 -0.049760499843479626 0.017345766866197383 0.0055586836357473341 0.059424246158099166 -0.028980742044302371 0.04216998964444682 0.066793363063424843 -0.00073432004556404549 -0.062169680554211203 -0.007929602827998438 0.039854605073451517 -0.038770331323026069 0.047693266229217636
leaf_weight=0.55551608364749228 0.3018594361731165 0.46101658839165782 1.8529319403469342 0.47333821198207893 0.25701366203748044 0.93841078778132114 0.38797013370094546 0.31792574407700158 8.2876778749332498 0.4753174772649803 0.87457622941019575 0.48040396439955646 0.83472300529501797 0.60544090155781305
leaf_count=3540 46 116 174 408 510 60 36 25 663 104 131 51 46 90
internal_value=1.85291e-05 -0.0067039 -0.00208187 0.00378307 0.00208382 0.000667496 -0.00176002 0.0301625 0.00118434 0.00220838 -0.00636794 0.00312121 -0.00450248 0.0148244
internal_weight=17.1041 6.13993 5.58441 10.9642 10.6623 10.4053 9.61406 0.791264 8.67565 5.12339 3.27046 2.79514 2.31474 1.48002
internal_count=6000 4252 712 1748 1702 1192 759 433 699 596 422 318 267 221
is_linear=0
shrinkage=0.06


Tree=213
num_leaves=15
num_cat=0
split_feature=4 4 4 4 4 1 0 1 0 4 4 0 1 1
split_gain=0.117284 0.138438 0.175524 0.259258 0.170846 0.150976 0.454241 0.218479 0.207036 0.191743 0.533224 0.456211 0.445176 0.451733
threshold=20.812404338645603 18.742063048236233 16.366415233553059 14.580654250367628 19.405622188907028 0.48492186723226655 0.50268236449482606 0.47153392554097173 0.43993382312985224 6.7524034627805385 5.925288155565446 0.53438247723468013 0.2900201930567034 0.3498465601997866
decision_type=2 2 2 2 2 2 2 2 2 2 2 2 2 2
left_child=1 2 3 5 -3 7 8 9 -7 10 11 -1 -13 -14
right_child=-2 4 -4 -5 -6 6 -8 -9 -10 -11 -12 12 13 -15
leaf_value=0.02339226669749404 -0.022125749277340172 0.068374022748673352 -0.041231057992535389 0.054291089077831874 -0.0076940415689473558 0.014428359107944884 0.057724936995700228 -0.033277447179711928 -0.027816423889476621 -0.013097128880280176 0.04170069066663281 0.01293670159638184 -0.047262878193922712 -0.0045748885798615547
leaf_weight=1.9223520450318519 0.81948591053844566 0.24008646496236075 0.35931951234920312 0.32403913469897894 0.19073628715523228 1.0940548629132547 0.62726581075366983 0.78253608232989869 0.67550601872972027 3.1985553594581697 1.1733539740243939 1.9116298281251145 1.5578964012238432 2.0892173292395455
leaf_count=172 3792 48 168 144 96 65 695 25 43 425 68 169 26 64
internal_value=1.79524e-05 0.00114181 0.000221954 0.0011919 0.0346967 4.72888e-05 0.0138534 -0.00257158 -0.00169802 -0.000544374 0.00409494 -0.00180324 -0.0105165 -0.0228094
internal_weight=16.966 16.1465 15.7157 15.3564 0.430823 15.0324 2.39683 12.6355 1.76956 11.853 8.65445 7.4811 5.55874 3.64711
internal_count=6000 2208 2064 1896 144 1752 803 949 108 924 499 431 259 90
is_linear=0
shrinkage=0.06


Tree=214
num_leaves=15
num_cat=0
split_feature=0 1 3 0 5 1 3 3 0 3 0 0 1 3
split_gain=0.114834 0.343504 0.289638 0.270208 0.245846 0.225554 0.384523 0.36195 0.353119 0.248452 0.724232 0.632328 0.53862 0.231882
threshold=0.53138136493111554 0.30430499356340585 0.11258720978372055 0.53872868151059505 1.0000000180025095e-35 0.3921973133496825 0.67201005481529597 0.82045453163569571 0.60253366815034426 0.5312385115515067 0.63200490311008428 0.66371725152329397 0.33196933062923856 0.20377483417818903
decision_type=2 2 2 2 2 2 2 2 2 2 2 2 2 2
left_child=1 -1 -3 -2 5 6 8 -7 -5 10 -10 -12 13 -13
right_child=3 2 -4 4 -6 7 -8 -9 9 -11 11 12 -14 -15
leaf_value=-0.052245465452959619 0.06092815507667889 -0.048345719691871361 0.002006099320168511 -0.049478449833915368 -0.049660314074910054 0.024313497887972924 0.025708242700493333 -0.048313769642582709 0.065833669628380068 0.014103932451023654 -0.073230504093406965 -0.0039215689105284411 0.032261981307491208 -0.052505068006227083
leaf_weight=0.54083718032393591 0.28920161153064228 0.44797249360522062 5.0198448628766528 0.6799037426355844 0.31981020092098411 2.7026070288729902 1.4484174448843985 0.27188235008725303 0.36846905973880018 1.851628715128754 0.69804078261086067 0.66588883937265586 0.78280121591069463 0.75427294912788057
leaf_count=3540 46 116 596 175 103 709 64 141 82 57 66 191 33 81
internal_value=2.13898e-05 -0.00663102 -0.00211917 0.00371126 0.00214187 0.00376227 -0.00194623 0.017675 -0.00885111 -0.00345721 -0.0134028 -0.0234669 -0.00769861 -0.0297251
internal_weight=16.8416 6.00865 5.46782 10.8329 10.5437 10.2239 7.24942 2.97449 5.80101 5.1211 3.26947 2.901 2.20296 1.42016
internal_count=6000 4252 712 1748 1702 1599 749 850 685 510 453 371 305 272
is_linear=0
shrinkage=0.06


Tree=215
num_leaves=15
num_cat=0
split_feature=2 1 1 4 3 1 3 4 3 4 4 1 3 2
split_gain=0.11555 0.138161 0.241316 0.190946 0.173237 0.159956 0.405986 0.115083 0.113924 0.116364 0.108628 0.114759 0.103221 0.100298
threshold=1.340840861583384 0.18983069382395951 0.19560360314836525 1.114990165321063 0.77692576249887391 0.23916141269496941 0.68111074581107045 11.865107193115769 0.05028528783859091 2.2805651410207797 20.812404338645603 0.62664115606000326 0.7682845960942718 4.8405357664525512
decision_type=2 2 2 2 2 2 2 2 2 2 2 2 2 2
left_child=1 3 -3 -1 -5 6 -4 -2 9 -7 -10 12 -12 -9
right_child=7 2 5 4 -6 8 -8 13 10 -11 11 -13 -14 -15
leaf_value=0.027680928251144186 0.049872313264881174 0.048145245991450251 -0.063156596645370142 -0.062008152082479451 0.018302343408701554 0.046121837045536115 0.04419129350676114 -0.043698987497878719 0.0023103011467721468 -0.059475525849422478 -0.045408988652562203 0.02396646235958183 0.034803609730314648 0.051504292800670995
leaf_weight=0.17787836085699993 0.32113318649135081 0.37105207444619637 0.42415096459615043 0.42664584276587902 0.12503058215270357 0.046140191378070905 0.18093528137706016 0.1144018832378606 13.534151331297831 0.20220519486235844 0.4633875907550199 0.15048503328580409 0.065977272219242877 0.061121278684368008
leaf_count=22 413 71 354 3240 28 4 19 112 780 229 654 30 17 27
internal_value=1.34397e-05 -0.000862223 0.000343485 -0.0263768 -0.0438068 -0.000833686 -0.031057 0.0285196 0.000430819 -0.0398565 0.00113472 -0.0222683 -0.0354117 -0.010547
internal_weight=16.6647 16.168 15.4385 0.729555 0.551676 15.0674 0.605086 0.496656 14.4623 0.248345 14.214 0.67985 0.529365 0.175523
internal_count=6000 5448 2158 3290 3268 2087 373 552 1714 233 1481 701 671 139
is_linear=0
shrinkage=0.06


Tree=216
num_leaves=15
num_cat=0
split_feature=0 2 0 4 4 4 1 1 4 3 3 4 3 4
split_gain=0.124774 0.109488 0.230929 0.119141 0.135619 0.162596 0.133401 0.460298 0.438982 0.390236 0.533989 0.489923 0.460795 0.445568
threshold=0.892898982436933 1.340840861583384 0.26551659008999362 20.812404338645603 18.742063048236233 19.405622188907028 0.34141116148336031 0.36014394337405464 2.474746022830518 0.36578546728725542 0.28201089083357128 4.6189508858867034 0.43235330272828471 8.3069301152157617
decision_type=2 2 2 2 2 2 2 2 2 2 2 2 2 2
left_child=1 3 -3 4 6 -6 -1 -8 -9 10 -10 -11 -13 -14
right_child=-2 2 -4 -5 5 -7 7 8 9 11 -12 12 13 -15
leaf_value=-0.0079440661743844215 0.038499330495403598 -0.036972891115189276 0.054676978163391711 -0.025410058393448814 0.067563432284746969 -0.007950438739030341 0.044090524421787194 0.041643866346001722 -0.0094428863669859409 -0.054685941281500394 0.038456825685898706 -0.053119654442042752 0.060300244561637011 -0.012249398228148261
leaf_weight=6.3198902172450753 0.29771960022708199 0.14035831797446086 0.33566646142116952 0.71920649435151141 0.22712336079371276 0.18730246918812554 0.90200826950603907 0.76833045808052691 2.5323320125098694 1.0869170351070354 1.2521449654523165 0.49084920003951982 0.48952430272038305 0.80738624934929248
leaf_count=941 138 60 434 3699 43 90 22 139 101 99 33 25 82 94
internal_value=7.49279e-06 -0.000697332 0.0276535 -0.00155241 -0.000413351 0.0334344 -0.00137089 0.00361641 -0.00129884 -0.00625356 0.00640538 -0.0229189 -0.00360524 0.0151348
internal_weight=16.5568 16.259 0.476025 15.783 15.0638 0.414426 14.6494 8.32949 7.42748 6.65915 3.78448 2.87468 1.78776 1.29691
internal_count=6000 5862 494 5368 1669 133 1536 595 573 434 134 300 201 176
is_linear=0
shrinkage=0.06


Tree=217
num_leaves=15
num_cat=0
split_feature=0 0 1 0 0 2 1 3 0 0 0 4 3 0
split_gain=0.112904 0.104981 0.306511 0.218662 0.193981 0.229354 0.116369 0.480339 0.290526 0.389437 0.213039 0.208701 0.591468 0.486955
threshold=0.892898982436933 0.24705499284442581 0.55791070399666443 0.2591720320032932 0.32582441188398686 1.340840861583384 0.414581040885942 0.41844511694005632 0.43669307699269838 0.63200490311008428 0.83898500475210402 6.4879515215367514 0.5312385115515067 0.6815983295585103
decision_type=2 2 2 2 2 2 2 2 2 2 2 2 2 2
left_child=1 2 -1 -3 -5 6 10 8 -8 -10 11 -6 -13 -14
right_child=-2 3 -4 4 5 -7 7 -9 9 -11 -12 12 13 -15
leaf_value=-0.062766787523324499 0.037053923794500475 0.054324537226913196 0.0096302794898865483 -0.043408817516298492 0.0035762713953534594 0.053681942658145944 0.042205686357343217 0.056202342926952892 -0.021955640797984035 0.023968423918387206 -0.047817991875090518 -0.044076736181293284 -0.012965880384272975 0.059223470890578674
leaf_weight=0.36511902367272497 0.29098497098266207 0.26691602179607699 0.49722455256232934 0.36930866219461123 6.8011054837952472 0.28750448090886571 0.49242523806924632 0.63119312502931268 2.1023265842600272 0.97213820101933368 0.38302298934922951 1.3849515889668285 1.0658099354220665 0.49152764644986735
leaf_count=2290 138 96 38 528 309 417 42 352 86 127 37 1358 160 22
internal_value=1.28084e-05 -0.000656219 -0.0210229 0.000495591 -0.000463458 0.000621957 -0.000443 0.0079561 -0.000581504 -0.00743456 -0.00392499 -0.00219951 -0.0155503 0.00981856
internal_weight=16.4016 16.1106 0.862344 15.2482 14.9813 14.612 14.3245 4.19808 3.56689 3.07446 10.1264 9.74339 2.94229 1.55734
internal_count=6000 5862 2328 3534 3438 2910 2493 607 255 213 1886 1849 1540 182
is_linear=0
shrinkage=0.06


Tree=218
num_leaves=15
num_cat=0
split_feature=3 4 1 4 4 4 4 1 0 1 3 1 3 1
split_gain=0.107489 0.11892 0.118167 0.10921 0.196759 0.226506 0.143446 0.138989 0.397768 0.21539 0.17819 0.40638 0.308217 0.619248
threshold=0.85417009483528594 20.812404338645603 0.44968578258479835 18.742063048236233 16.366415233553059 14.337850208413155 19.405622188907028 0.48492186723226655 0.50268236449482606 0.47153392554097173 0.27443444803745348 0.3921973133496825 0.16908880812455077 0.28684299467251689
decision_type=2 2 2 2 2 2 2 2 2 2 2 2 2 2
left_child=1 3 -3 4 5 7 -5 9 -9 10 11 12 13 -1
right_child=-2 2 -4 6 -6 -7 -8 8 -10 -11 -12 -13 -14 -15
leaf_value=0.051489370339020284 0.05054237233198821 -0.058865932085418203 -0.0076039188119383311 0.065952407365319224 -0.046637792462941176 0.048468156046008536 -0.006307638702533043 -0.001101363656719084 0.057128346125160705 -0.033913156437973227 -0.0053412081961593328 0.051112468630867214 0.016669031808310194 -0.060735557260807649
leaf_weight=0.2475169485155656 0.15016298957061636 0.23666968392535714 0.51231664133820232 0.20896438634781667 0.32062165898594308 0.35137616548763695 0.18776549362246442 1.7031695365840271 0.56156959738473222 0.75400710946269178 8.2432285106276577 0.71780278922597052 1.4093728991770147 0.62135404784203274
leaf_count=156 147 3589 193 48 164 161 96 99 601 23 555 27 114 27
internal_value=1.42333e-05 -0.000457749 -0.023802 0.000683038 -0.000142572 0.000877825 0.031753 -0.000294996 0.0133374 -0.00286926 -0.00078662 0.0117447 -0.000658802 -0.0287658
internal_weight=16.2259 16.0757 0.748986 15.3267 14.93 14.6094 0.39673 14.258 2.26474 11.9933 11.2393 2.99605 2.27824 0.868871
internal_count=6000 5853 3782 2071 1927 1763 144 1602 700 902 879 324 297 183
is_linear=0
shrinkage=0.06


Tree=219
num_leaves=15
num_cat=0
split_feature=0 3 4 2 0 1 0 3 3 0 4 3 4 4
split_gain=0.105143 0.100626 0.1086 0.104128 0.17152 0.109142 0.210622 0.122232 0.149731 0.0888691 0.351687 0.541451 0.528319 0.406712
threshold=0.92053406113215253 0.85417009483528594 26.666356666639853 1.2006095092200633 0.26551659008999362 0.18983069382395951 0.69023508334441097 0.61571608430228675 0.21507471603354145 0.53138136493111554 5.7778717679092999 0.17440780630199523 6.7524034627805385 10.877049570029447
decision_type=2 2 2 2 2 2 2 2 2 2 2 2 2 2
left_child=1 2 3 5 -5 6 -1 8 -8 -7 -11 -12 -13 -14
right_child=-2 -3 -4 4 -6 9 7 -9 -10 10 11 12 13 -15
leaf_value=-0.061600753696992666 0.059696448396554913 0.049532715950900669 -0.045483427729204828 -0.031183196710091118 0.055822378059353278 -0.0061582885505969635 0.038244580347074487 0.047980254098694164 -0.062301668119420527 -0.0063500675978388306 -0.029971410394075991 0.073597737044721154 -0.013628767345162595 0.03570794153480146
leaf_weight=0.30470187354978406 0.10557659745018177 0.14411167950265813 0.19369145962286971 0.11557293693522375 0.27723044388130802 5.313756275088962 0.088457265925626416 0.14806802954990417 0.13422497838473646 5.3859037100282858 0.71141572756823768 0.70871251288190285 1.043429521712824 1.4202926727721203
leaf_count=988 69 141 3324 24 387 408 41 9 50 288 68 29 82 92
internal_value=1.65201e-05 -0.000377537 -0.000831462 -0.000278892 0.0302231 -0.00106409 -0.0246427 0.00573139 -0.0223611 2.79821e-05 0.00357417 0.0173366 0.0279453 0.014813
internal_weight=16.0951 15.9896 15.8455 15.6518 0.392803 15.259 0.675452 0.37075 0.222682 14.5835 9.26975 3.88385 3.17243 2.46372
internal_count=6000 5931 5790 2466 411 2055 1088 100 91 967 559 271 203 174
is_linear=0
shrinkage=0.06


end of trees

feature_importances:
dump_profile=742
deep_hour_mass=733
origin_mass=722
cpa_km=633
gap_overlap_h=215
late_arrival=35

parameters:
[boosting: gbdt]
[objective: binary]
[metric: binary_logloss]
[tree_learner: serial]
[device_type: cpu]
[data_sample_strategy: bagging]
[data: ]
[valid: ]
[num_iterations: 220]
[learning_rate: 0.06]
[num_leaves: 15]
[num_threads: 1]
[seed: 143]
[deterministic: 0]
[force_col_wise: 0]
[force_row_wise: 0]
[histogram_pool_size: -1]
[max_depth: -1]
[min_data_in_leaf: 40]
[min_sum_hessian_in_leaf: 0.001]
[bagging_fraction: 0.9]
[pos_bagging_fraction: 1]
[neg_bagging_fraction: 1]
[bagging_freq: 0]
[bagging_seed: 4645]
[bagging_by_query: 0]
[feature_fraction: 0.9]
[feature_fraction_bynode: 1]
[feature_fraction_seed: 2850]
[extra_trees: 0]
[extra_seed: 16263]
[early_stopping_round: 0]
[early_stopping_min_delta: 0]
[first_metric_only: 0]
[max_delta_step: 0]
[lambda_l1: 0]
[lambda_l2: 0]
[linear_lambda: 0]
[min_gain_to_split: 0]
[drop_rate: 0.1]
[max_drop: 50]
[skip_drop: 0.5]
[xgboost_dart_mode: 0]
[uniform_drop: 0]
[drop_seed: 19910]
[top_rate: 0.2]
[other_rate: 0.1]
[min_data_per_group: 100]
[max_cat_threshold: 32]
[cat_l2: 10]
[cat_smooth: 10]
[max_cat_to_onehot: 4]
[top_k: 20]
[monotone_constraints: ]
[monotone_constraints_method: basic]
[monotone_penalty: 0]
[feature_contri: ]
[forcedsplits_filename: ]
[refit_decay_rate: 0.9]
[cegb_tradeoff: 1]
[cegb_penalty_split: 0]
[cegb_penalty_feature_lazy: ]
[cegb_penalty_feature_coupled: ]
[path_smooth: 0]
[interaction_constraints: ]
[verbosity: 1]
[saved_feature_importance_type: 0]
[use_quantized_grad: 0]
[num_grad_quant_bins: 4]
[quant_train_renew_leaf: 0]
[stochastic_rounding: 1]
[linear_tree: 0]
[max_bin: 255]
[max_bin_by_feature: ]
[min_data_in_bin: 3]
[bin_construct_sample_cnt: 200000]
[data_random_seed: 505]
[is_enable_sparse: 1]
[enable_bundle: 1]
[use_missing: 1]
[zero_as_missing: 0]
[feature_pre_filter: 1]
[pre_partition: 0]
[two_round: 0]
[header: 0]
[label_column: ]
[weight_column: ]
[group_column: ]
[ignore_column: ]
[categorical_feature: ]
[forcedbins_filename: ]
[precise_float_parser: 0]
[parser_config_file: ]
[objective_seed: 9279]
[num_class: 1]
[is_unbalance: 0]
[scale_pos_weight: 1]
[sigmoid: 1]
[boost_from_average: 1]
[reg_sqrt: 0]
[alpha: 0.9]
[fair_c: 1]
[poisson_max_delta_step: 0.7]
[tweedie_variance_power: 1.5]
[lambdarank_truncation_level: 30]
[lambdarank_norm: 1]
[label_gain: ]
[lambdarank_position_bias_regularization: 0]
[eval_at: ]
[multi_error_top_k: 1]
[auc_mu_weights: ]
[num_machines: 1]
[local_listen_port: 12400]
[time_out: 120]
[machine_list_filename: ]
[machines: ]
[gpu_platform_id: -1]
[gpu_device_id: -1]
[gpu_device_id_list: ]
[gpu_use_dp: 0]
[num_gpu: 1]

end of parameters

pandas_categorical:[]
